code,id,event,minutes,total_points,goals_scored,assists,clean_sheets,goals_conceded,saves,bonus,bps,yellow_cards,red_cards,defensive_contribution,starts
154561,1,1,90,6,0,0,1,0,1,0,24,0,0,0,1
109745,2,1,0,0,0,0,0,0,0,0,0,0,0,0,0
437495,3,1,0,0,0,0,0,0,0,0,0,0,0,0,0
226597,4,1,90,5,0,0,1,0,0,0,21,1,0,4,1
445122,5,1,0,0,0,0,0,0,0,0,0,0,0,0,0
462424,6,1,0,0,0,0,0,0,0,0,0,0,0,0,0
499169,7,1,90,3,0,0,1,0,0,0,15,0,0,7,1
466075,8,1,80,9,0,1,1,0,0,0,31,0,0,5,1
448104,9,1,9,1,0,0,0,0,0,0,3,0,0,0,0
198869,10,1,90,11,0,1,1,0,0,2,37,0,0,5,1
500040,11,1,90,6,0,0,1,0,0,0,27,0,0,6,1
223340,12,1,67,9,1,0,1,0,0,1,36,0,0,7,1
204480,13,1,67,3,0,0,1,0,0,0,10,0,0,6,1
232413,14,1,14,1,0,0,0,0,0,0,4,0,0,2,0
184029,15,1,75,11,1,0,1,0,0,3,41,0,0,8,1
248857,16,1,22,1,0,0,0,0,0,0,8,0,0,2,0
195384,17,1,14,1,0,0,0,0,0,0,5,0,0,2,0
444145,18,1,0,0,0,0,0,0,0,0,0,0,0,0,0
481655,19,1,22,1,0,0,0,0,0,0,3,0,0,3,0
616077,20,1,0,0,0,0,0,0,0,0,0,0,0,0,0
128295,21,1,0,0,0,0,0,0,0,0,0,0,0,0,0
499175,22,1,0,0,0,0,0,0,0,0,0,0,0,0,0
438098,23,1,0,0,0,0,0,0,0,0,0,0,0,0,0
200641,24,1,0,0,0,0,0,0,0,0,0,0,0,0,0
224117,25,1,0,0,0,0,0,0,0,0,0,0,0,0,0
219847,26,1,90,6,1,0,1,0,0,0,34,0,0,2,1
205651,27,1,0,0,0,0,0,0,0,0,0,0,0,0,0
98980,28,1,0,0,0,0,0,0,0,0,0,0,0,0,0
72147,29,1,90,1,0,0,0,4,3,0,1,0,0,0,1
101188,30,1,0,0,0,0,0,0,0,0,0,0,0,0,0
199798,31,1,0,0,0,0,0,0,0,0,0,0,0,0,0
199796,32,1,90,-1,0,0,0,4,0,0,-8,1,0,7,1
149484,33,1,16,1,0,0,0,0,0,0,5,0,0,1,0
244954,34,1,73,0,0,0,0,4,0,0,-14,0,0,5,1
515597,35,1,16,1,0,0,0,0,0,0,3,0,0,1,0
441302,36,1,81,0,0,0,0,4,0,0,-9,0,0,9,1
184667,37,1,90,-2,0,0,0,4,0,0,-13,0,0,3,1
606798,38,1,0,0,0,0,0,0,0,0,0,0,0,0,0
578545,39,1,0,0,0,0,0,0,0,0,0,0,0,0,0
244850,40,1,81,8,1,0,0,2,0,1,37,0,0,7,1
195546,41,1,85,2,0,0,0,4,0,0,4,0,0,7,1
485337,42,1,27,1,0,0,0,0,0,0,3,0,0,1,0
166989,43,1,66,2,0,0,0,2,0,0,13,0,0,5,1
215711,44,1,0,0,0,0,0,0,0,0,0,0,0,0,0
122806,45,1,81,1,0,0,0,4,0,0,8,1,0,6,1
88894,46,1,73,2,0,0,0,4,0,0,11,0,0,1,1
226944,47,1,90,2,0,0,0,4,0,0,9,0,0,7,1
449871,48,1,0,0,0,0,0,0,0,0,0,0,0,0,0
469247,49,1,0,0,0,0,0,0,0,0,0,0,0,0,0
645618,50,1,0,0,0,0,0,0,0,0,0,0,0,0,0
577285,51,1,90,2,0,0,0,4,0,0,12,0,0,5,1
653481,52,1,8,1,0,0,0,0,0,0,5,0,0,3,0
614071,53,1,0,0,0,0,0,0,0,0,0,0,0,0,0
448089,54,1,39,-2,0,0,0,4,0,0,-2,0,1,7,1
178301,55,1,0,0,0,0,0,0,0,0,0,0,0,0,0
173879,56,1,0,0,0,0,0,0,0,0,0,0,0,0,0
457569,57,1,90,2,0,0,0,2,4,0,13,0,0,0,1
40383,58,1,0,0,0,0,0,0,0,0,0,0,0,0,0
444172,59,1,0,0,0,0,0,0,0,0,0,0,0,0,0
463981,60,1,90,1,0,0,0,2,0,0,0,0,0,6,1
494521,61,1,90,1,0,0,0,2,0,0,0,0,0,7,1
242882,62,1,0,0,0,0,0,0,0,0,0,0,0,0,0
620487,63,1,0,0,0,0,0,0,0,0,0,0,0,0,0
54469,64,1,90,1,0,0,0,2,0,0,4,0,0,5,1
436893,65,1,0,0,0,0,0,0,0,0,0,0,0,0,0
575901,66,1,0,0,0,0,0,0,0,0,0,0,0,0,0
499604,67,1,88,2,0,0,0,1,0,0,9,0,0,1,1
201658,68,1,90,10,1,0,0,2,0,3,32,0,0,8,1
503139,69,1,90,2,0,0,0,2,0,0,17,0,0,11,1
222683,70,1,74,3,0,0,1,0,0,0,15,0,0,9,1
155408,71,1,75,3,0,0,1,0,0,0,8,0,0,7,1
496208,72,1,1,1,0,0,0,1,0,0,3,0,0,1,0
200785,73,1,15,1,0,0,0,2,0,0,4,0,0,3,0
111317,74,1,0,0,0,0,0,0,0,0,0,0,0,0,0
158499,75,1,0,0,0,0,0,0,0,0,0,0,0,0,0
614574,76,1,15,1,0,0,0,2,0,0,5,0,0,2,0
489888,77,1,0,0,0,0,0,0,0,0,0,0,0,0,0
560262,78,1,0,0,0,0,0,0,0,0,0,0,0,0,0
444102,79,1,74,4,0,1,1,0,0,0,17,1,0,8,1
168636,80,1,0,0,0,0,0,0,0,0,0,0,0,0,0
561245,81,1,0,0,0,0,0,0,0,0,0,0,0,0,0
200720,82,1,90,7,0,0,1,0,4,0,34,0,0,0,1
507433,83,1,0,0,0,0,0,0,0,0,0,0,0,0,0
432830,84,1,90,6,0,0,1,0,0,0,21,0,0,3,1
444765,85,1,0,0,0,0,0,0,0,0,0,0,0,0,0
249231,86,1,90,10,1,0,1,0,0,2,37,0,0,10,1
191866,87,1,90,8,0,0,1,0,0,0,29,0,0,10,1
607464,88,1,75,13,1,0,1,0,0,1,36,0,0,4,1
194010,89,1,0,0,0,0,0,0,0,0,0,0,0,0,0
472713,90,1,14,1,0,0,0,0,0,0,2,0,0,0,0
231065,91,1,0,0,0,0,0,0,0,0,0,0,0,0,0
570241,92,1,0,0,0,0,0,0,0,0,0,0,0,0,0
513086,93,1,0,0,0,0,0,0,0,0,0,0,0,0,0
513418,94,1,90,3,0,0,1,0,0,0,17,0,0,9,1
533463,95,1,66,3,0,0,1,0,0,0,6,0,0,6,1
440089,96,1,14,1,0,0,0,0,0,0,6,0,0,4,0
207283,97,1,66,6,0,1,1,0,0,0,22,0,0,5,1
204580,98,1,90,9,1,0,1,0,0,0,35,1,0,13,1
543295,99,1,0,0,0,0,0,0,0,0,0,0,0,0,0
244858,100,1,0,0,0,0,0,0,0,0,0,0,0,0,0
56979,101,1,0,0,0,0,0,0,0,0,0,0,0,0,0
508395,102,1,23,1,0,0,0,0,0,0,7,0,0,6,0
183656,103,1,0,0,0,0,0,0,0,0,0,0,0,0,0
428580,104,1,90,2,0,0,0,3,0,0,8,0,0,9,1
444180,105,1,23,1,0,0,0,0,0,0,9,0,0,8,0
502500,106,1,82,0,0,0,1,0,0,0,-3,0,0,5,1
593174,107,1,0,0,0,0,0,0,0,0,0,0,0,0,0
75115,108,1,7,1,0,0,0,0,0,0,4,0,0,0,0
489639,109,1,90,6,0,0,1,0,0,0,25,0,0,0,1
472739,110,1,90,1,0,0,0,3,2,0,0,0,0,0,1
49262,111,1,0,0,0,0,0,0,0,0,0,0,0,0,0
469142,112,1,90,1,0,0,0,3,0,0,3,0,0,9,1
231416,113,1,0,0,0,0,0,0,0,0,0,0,0,0,0
204120,114,1,90,6,0,0,1,0,0,0,29,0,0,6,1
465730,115,1,77,17,1,1,1,0,0,2,46,0,0,4,1
83299,116,1,90,6,0,0,1,0,0,0,24,0,0,2,1
550090,117,1,0,0,0,0,0,0,0,0,0,0,0,0,0
223434,118,1,0,0,0,0,0,0,0,0,0,0,0,0,0
451490,119,1,26,1,0,0,0,0,0,0,7,0,0,4,0
454490,120,1,0,0,0,0,0,0,0,0,0,0,0,0,0
451340,121,1,0,0,0,0,0,0,0,0,0,0,0,0,0
592031,122,1,0,0,0,0,0,0,0,0,0,0,0,0,0
532529,123,1,63,16,2,0,1,0,0,3,54,0,0,3,1
60307,124,1,90,2,0,0,1,0,0,0,18,1,0,5,1
463067,125,1,90,5,0,1,1,0,0,0,22,0,0,7,1
219249,126,1,0,0,0,0,0,0,0,0,0,0,0,0,0
514254,127,1,85,6,0,1,1,0,0,0,27,0,0,6,1
536916,128,1,0,0,0,0,0,0,0,0,0,0,0,0,0
509416,129,1,63,2,0,0,1,0,0,0,8,1,0,4,1
467779,130,1,77,7,0,0,1,0,0,1,32,0,0,8,1
535301,131,1,0,0,0,0,0,0,0,0,0,0,0,0,0
597320,132,1,0,0,0,0,0,0,0,0,0,0,0,0,0
549074,133,1,0,0,0,0,0,0,0,0,0,0,0,0,0
556637,134,1,0,0,0,0,0,0,0,0,0,0,0,0,0
700308,135,1,12,1,0,0,0,0,0,0,3,0,0,0,0
50175,136,1,0,0,0,0,0,0,0,0,0,0,0,0,0
608181,137,1,0,0,0,0,0,0,0,0,0,0,0,0,0
647850,138,1,26,1,0,0,0,0,0,0,-1,0,0,2,0
487117,139,1,0,0,0,0,0,0,0,0,0,0,0,0,0
215059,140,1,90,2,0,0,0,2,4,0,6,0,0,0,1
508479,141,1,0,0,0,0,0,0,0,0,0,0,0,0,0
225796,142,1,90,0,0,0,0,2,0,0,5,1,0,6,1
180736,143,1,0,0,0,0,0,0,0,0,0,0,0,0,0
482609,144,1,75,1,0,0,0,2,0,0,2,0,0,3,1
444463,145,1,0,0,0,0,0,0,0,0,0,0,0,0,0
242880,146,1,0,0,0,0,0,0,0,0,0,0,0,0,0
109646,147,1,0,0,0,0,0,0,0,0,0,0,0,0,0
551210,148,1,64,1,0,0,0,2,0,0,5,0,0,3,1
460028,149,1,90,0,0,0,0,2,0,0,6,1,0,4,1
574458,150,1,0,0,0,0,0,0,0,0,0,0,0,0,0
577016,151,1,90,3,0,0,0,2,0,0,13,0,0,15,1
620109,152,1,0,0,0,0,0,0,0,0,0,0,0,0,0
220362,153,1,0,0,0,0,0,0,0,0,0,0,0,0,0
244851,154,1,82,13,1,1,0,2,0,3,60,0,0,9,1
448047,155,1,25,1,0,0,0,0,0,0,6,0,0,3,0
247632,156,1,14,1,0,0,0,0,0,0,9,0,0,4,0
624773,157,1,7,1,0,0,0,0,0,0,3,0,0,1,0
463936,158,1,0,0,0,0,0,0,0,0,0,0,0,0,0
486672,159,1,0,0,0,0,0,0,0,0,0,0,0,0,0
493105,160,1,4,1,0,0,0,0,0,0,2,0,0,0,0
514356,161,1,64,1,0,0,0,2,0,0,8,1,0,9,1
532605,162,1,66,2,0,0,0,2,0,0,17,0,0,9,1
491007,163,1,0,0,0,0,0,0,0,0,0,0,0,0,0
593117,164,1,8,1,0,0,0,0,0,0,2,0,0,1,0
475168,165,1,90,11,1,1,0,2,0,2,45,0,0,3,1
517052,166,1,0,0,0,0,0,0,0,0,0,0,0,0,0
463034,167,1,0,0,0,0,0,0,0,0,0,0,0,0,0
499309,168,1,0,0,0,0,0,0,0,0,0,0,0,0,0
567119,169,1,0,0,0,0,0,0,0,0,0,0,0,0,0
503037,170,1,0,0,0,0,0,0,0,0,0,0,0,0,0
484389,171,1,0,0,0,0,0,0,0,0,0,0,0,0,0
110690,172,1,0,0,0,0,0,0,0,0,0,0,0,0,0
461102,173,1,90,3,0,0,0,3,0,0,11,0,0,10,1
436761,174,1,0,0,0,0,0,0,0,0,0,0,0,0,0
451284,175,1,90,1,0,0,0,3,0,0,-8,0,0,7,1
173878,176,1,90,1,0,0,0,3,0,0,-4,0,0,6,1
465390,177,1,0,0,0,0,0,0,0,0,0,0,0,0,0
80178,178,1,0,0,0,0,0,0,0,0,0,0,0,0,0
204813,179,1,0,0,0,0,0,0,0,0,0,0,0,0,0
220583,180,1,0,0,0,0,0,0,0,0,0,0,0,0,0
577411,181,1,0,0,0,0,0,0,0,0,0,0,0,0,0
539142,182,1,90,1,0,0,0,3,0,0,1,0,0,9,1
480457,183,1,20,1,0,0,0,0,0,0,3,0,0,5,0
168144,184,1,90,2,0,0,0,3,0,0,14,0,0,7,1
501459,185,1,0,0,0,0,0,0,0,0,0,0,0,0,0
241293,186,1,0,0,0,0,0,0,0,0,0,0,0,0,0
439668,187,1,0,0,0,0,0,0,0,0,0,0,0,0,0
226965,188,1,28,1,0,0,0,0,0,0,8,0,0,1,0
684268,189,1,0,0,0,0,0,0,0,0,0,0,0,0,0
469272,190,1,81,2,0,0,0,3,0,0,11,0,0,8,1
492498,191,1,0,0,0,0,0,0,0,0,0,0,0,0,0
629397,192,1,0,0,0,0,0,0,0,0,0,0,0,0,0
176412,193,1,0,0,0,0,0,0,0,0,0,0,0,0,0
230730,194,1,69,2,0,0,0,3,0,0,9,0,0,6,1
218997,195,1,69,2,0,0,0,3,0,0,7,0,0,3,1
551262,196,1,0,0,0,0,0,0,0,0,0,0,0,0,0
549653,197,1,0,0,0,0,0,0,0,0,0,0,0,0,0
172649,198,1,90,2,0,0,0,2,3,0,14,0,0,0,1
121709,199,1,0,0,0,0,0,0,0,0,0,0,0,0,0
437499,200,1,90,6,0,1,0,2,0,0,25,0,0,12,1
247348,201,1,54,0,0,0,0,2,0,0,-4,0,0,4,1
427623,202,1,90,3,0,0,0,2,0,0,13,0,0,16,1
651426,203,1,90,1,0,0,0,2,0,0,9,0,0,8,1
244723,204,1,90,1,0,0,0,2,0,0,9,0,0,5,1
218364,205,1,0,0,0,0,0,0,0,0,0,0,0,0,0
515621,206,1,72,1,0,0,0,2,0,0,7,0,0,7,1
242313,207,1,0,0,0,0,0,0,0,0,0,0,0,0,0
232185,208,1,0,0,0,0,0,0,0,0,0,0,0,0,0
242898,209,1,6,1,0,0,0,0,0,0,3,0,0,2,0
496221,210,1,90,4,0,0,0,2,0,0,20,0,0,14,1
488024,211,1,35,1,0,0,0,0,0,0,4,0,0,5,0
108413,212,1,0,0,0,0,0,0,0,0,0,0,0,0,0
152551,213,1,0,0,0,0,0,0,0,0,0,0,0,0,0
209400,214,1,90,3,0,0,0,2,0,0,25,1,0,14,1
489706,215,1,0,0,0,0,0,0,0,0,0,0,0,0,0
606921,216,1,0,0,0,0,0,0,0,0,0,0,0,0,0
536694,217,1,0,0,0,0,0,0,0,0,0,0,0,0,0
438464,218,1,0,0,0,0,0,0,0,0,0,0,0,0,0
450542,219,1,0,0,0,0,0,0,0,0,0,0,0,0,0
590014,220,1,0,0,0,0,0,0,0,0,0,0,0,0,0
672492,221,1,0,0,0,0,0,0,0,0,0,0,0,0,0
247412,222,1,27,1,0,0,0,0,0,0,3,0,0,0,0
231747,223,1,62,2,0,0,0,2,0,0,-3,0,0,5,1
205533,224,1,55,1,0,0,0,2,0,0,12,0,0,3,1
660392,225,1,0,0,0,0,0,0,0,0,0,0,0,0,0
111234,226,1,90,7,0,0,1,0,4,0,34,0,0,0,1
229600,227,1,0,0,0,0,0,0,0,0,0,0,0,0,0
138001,228,1,0,0,0,0,0,0,0,0,0,0,0,0,0
17761,229,1,90,6,0,0,1,0,0,0,25,0,0,9,1
480455,230,1,90,6,0,0,1,0,0,0,27,0,0,8,1
106611,231,1,0,0,0,0,0,0,0,0,0,0,0,0,0
512462,232,1,0,0,0,0,0,0,0,0,0,0,0,0,0
224967,233,1,90,6,0,0,1,0,0,0,27,0,0,4,1
243571,234,1,0,0,0,0,0,0,0,0,0,0,0,0,0
499300,235,1,0,0,0,0,0,0,0,0,0,0,0,0,0
215413,236,1,90,11,1,0,1,0,0,3,40,0,0,8,1
440993,237,1,90,9,0,1,1,0,0,1,36,0,0,12,1
114283,238,1,8,1,0,0,0,0,0,0,2,0,0,1,0
232928,239,1,11,1,0,0,0,0,0,0,6,0,0,1,0
490094,240,1,0,0,0,0,0,0,0,0,0,0,0,0,0
433154,241,1,62,2,0,0,0,2,0,0,11,0,0,5,1
550615,242,1,83,3,0,0,1,0,0,0,13,0,0,7,1
502697,243,1,1,1,0,0,0,0,0,0,7,0,0,3,0
609873,244,1,90,8,0,1,1,0,0,0,25,0,0,16,1
496661,245,1,0,0,0,0,0,0,0,0,0,0,0,0,0
513466,246,1,90,3,0,0,1,0,0,0,12,0,0,9,1
244860,247,1,78,3,0,0,1,0,0,0,16,0,0,7,1
486385,248,1,11,1,0,0,0,0,0,0,3,0,0,0,0
586309,249,1,78,8,1,0,1,0,0,2,37,0,0,3,1
80201,250,1,90,2,0,0,0,3,3,0,11,0,0,0,1
86873,251,1,0,0,0,0,0,0,0,0,0,0,0,0,0
505079,252,1,0,0,0,0,0,0,0,0,0,0,0,0,0
174874,253,1,0,0,0,0,0,0,0,0,0,0,0,0,0
169528,254,1,81,1,0,0,0,3,0,0,4,0,0,7,1
246301,255,1,90,3,0,0,0,3,0,0,7,0,0,10,1
167074,256,1,0,0,0,0,0,0,0,0,0,0,0,0,0
232892,257,1,90,0,0,0,0,3,0,0,1,1,0,4,1
166477,258,1,90,6,0,2,0,3,0,0,21,1,0,6,1
219924,259,1,90,2,0,0,0,1,0,0,7,0,0,5,1
153682,260,1,65,3,0,0,1,0,0,0,8,0,0,2,1
153133,261,1,90,2,0,0,0,3,0,0,17,0,0,10,1
209289,262,1,0,0,0,0,0,0,0,0,0,0,0,0,0
560552,263,1,17,1,0,0,0,0,0,0,2,0,0,3,0
477555,264,1,66,2,0,0,0,3,0,0,10,0,0,6,1
207189,265,1,72,2,0,0,0,3,0,0,14,0,0,4,1
76357,266,1,0,0,0,0,0,0,0,0,0,0,0,0,0
212314,267,1,90,5,0,1,0,1,0,0,22,0,0,6,1
577725,268,1,90,7,1,0,0,3,0,0,34,0,0,8,1
184349,269,1,17,1,0,0,0,0,0,0,7,0,0,1,0
153366,270,1,0,0,0,0,0,0,0,0,0,0,0,0,0
244042,271,1,8,1,0,0,0,0,0,0,6,0,0,1,0
631786,272,1,0,0,0,0,0,0,0,0,0,0,0,0,0
167825,273,1,0,0,0,0,0,0,0,0,0,0,0,0,0
105666,274,1,0,0,0,0,0,0,0,0,0,0,0,0,0
494950,275,1,0,0,0,0,0,0,0,0,0,0,0,0,0
444307,276,1,0,0,0,0,0,0,0,0,0,0,0,0,0
108416,277,1,90,8,0,0,1,0,0,0,27,0,0,21,1
501902,278,1,0,0,0,0,0,0,0,0,0,0,0,0,0
146426,279,1,63,14,1,0,1,0,0,2,39,0,0,7,1
193278,280,1,69,6,0,0,1,0,0,0,23,0,0,2,1
433590,281,1,20,1,0,0,0,0,0,0,4,0,0,3,0
232351,282,1,84,6,0,0,1,0,0,0,24,0,0,6,1
449428,283,1,0,0,0,0,0,0,0,0,0,0,0,0,0
661800,284,1,0,0,0,0,0,0,0,0,0,0,0,0,0
160817,285,1,26,1,0,0,0,0,0,0,3,0,0,2,0
540324,286,1,90,3,0,0,1,0,0,0,8,0,0,10,1
232905,287,1,19,0,0,0,0,0,0,0,2,1,0,3,0
171270,288,1,0,0,0,0,0,0,0,0,0,0,0,0,0
101282,289,1,90,2,0,0,1,0,0,0,9,1,0,9,1
243413,290,1,90,6,0,1,1,0,0,0,20,0,0,3,1
465525,291,1,0,0,0,0,0,0,0,0,0,0,0,0,0
208481,292,1,0,0,0,0,0,0,0,0,0,0,0,0,0
490161,293,1,0,0,0,0,0,0,0,0,0,0,0,0,0
553783,294,1,0,0,0,0,0,0,0,0,0,0,0,0,0
169432,295,1,90,5,0,1,1,0,0,0,21,0,0,5,1
213292,296,1,0,0,0,0,0,0,0,0,0,0,0,0,0
470294,297,1,0,0,0,0,0,0,0,0,0,0,0,0,0
500957,298,1,0,0,0,0,0,0,0,0,0,0,0,0,0
534392,299,1,0,0,0,0,0,0,0,0,0,0,0,0,0
108813,300,1,0,0,0,0,0,0,0,0,0,0,0,0,0
112520,301,1,0,0,0,0,0,0,0,0,0,0,0,0,0
50093,302,1,0,0,0,0,0,0,0,0,0,0,0,0,0
183015,303,1,0,0,0,0,0,0,0,0,0,0,0,0,0
216616,304,1,90,4,0,0,0,1,0,0,16,0,0,18,1
455084,305,1,90,2,0,0,0,1,0,0,10,0,0,7,1
449429,306,1,90,2,0,0,0,1,0,0,12,0,0,7,1
222018,307,1,0,0,0,0,0,0,0,0,0,0,0,0,0
176420,308,1,0,0,0,0,0,0,0,0,0,0,0,0,0
501390,309,1,79,4,0,0,0,1,0,0,26,0,0,12,1
241117,310,1,0,0,0,0,0,0,0,0,0,0,0,0,0
149929,311,1,0,0,0,0,0,0,0,0,0,0,0,0,0
231899,312,1,0,0,0,0,0,0,0,0,0,0,0,0,0
443261,313,1,19,7,1,0,0,0,0,1,27,0,0,2,0
229164,314,1,0,0,0,0,0,0,0,0,0,0,0,0,0
531442,315,1,65,2,0,0,0,1,0,0,22,0,0,7,1
543968,316,1,65,9,1,0,0,1,0,3,41,0,0,3,1
222625,317,1,0,0,0,0,0,0,0,0,0,0,0,0,0
481624,318,1,0,0,0,0,0,0,0,0,0,0,0,0,0
172453,319,1,0,0,0,0,0,0,0,0,0,0,0,0,0
147675,320,1,24,1,0,0,0,0,0,0,3,0,0,3,0
557012,321,1,10,1,0,0,0,0,0,0,3,0,0,0,0
462387,322,1,0,0,0,0,0,0,0,0,0,0,0,0,0
461587,323,1,24,1,0,0,0,0,0,0,4,0,0,3,0
232457,324,1,0,0,0,0,0,0,0,0,0,0,0,0,0
59735,325,1,0,0,0,0,0,0,0,0,0,0,0,0,0
201595,326,1,0,0,0,0,0,0,0,0,0,0,0,0,0
434752,327,1,90,10,0,0,1,0,0,2,28,0,0,12,1
222694,328,1,0,0,0,0,0,0,0,0,0,0,0,0,0
214225,329,1,90,6,0,0,1,0,0,0,21,0,0,7,1
226182,330,1,90,6,0,0,1,0,0,0,24,0,0,3,1
243526,331,1,0,0,0,0,0,0,0,0,0,0,0,0,0
220627,332,1,90,10,0,0,1,0,0,2,28,0,0,12,1
437738,333,1,0,0,0,0,0,0,0,0,0,0,0,0,0
522047,334,1,90,6,0,0,1,0,0,0,25,0,0,7,1
466525,335,1,90,13,1,0,1,0,0,3,37,0,0,16,1
435997,336,1,24,1,0,0,0,0,0,0,10,0,0,5,0
427637,337,1,81,3,0,0,1,0,0,0,16,0,0,7,1
199598,338,1,90,5,0,0,1,0,0,0,18,0,0,13,1
180135,339,1,8,1,0,0,0,0,0,0,3,0,0,0,0
462635,340,1,0,0,0,0,0,0,0,0,0,0,0,0,0
492859,341,1,0,0,0,0,0,0,0,0,0,0,0,0,0
221399,342,1,0,0,0,0,0,0,0,0,0,0,0,0,0
200617,343,1,0,0,0,0,0,0,0,0,0,0,0,0,0
486520,344,1,0,0,0,0,0,0,0,0,0,0,0,0,0
248056,345,1,0,0,0,0,0,0,0,0,0,0,0,0,0
177815,346,1,90,1,0,0,1,0,0,0,-2,1,0,2,1
174594,347,1,0,0,0,0,0,0,0,0,0,0,0,0,0
235826,348,1,0,0,0,0,0,0,0,0,0,0,0,0,0
565297,349,1,0,0,0,0,0,0,0,0,0,0,0,0,0
116535,350,1,90,2,0,0,0,2,3,0,7,0,0,0,1
449027,351,1,0,0,0,0,0,0,0,0,0,0,0,0,0
155503,352,1,0,0,0,0,0,0,0,0,0,0,0,0,0
586268,353,1,0,0,0,0,0,0,0,0,0,0,0,0,0
432987,354,1,0,0,0,0,0,0,0,0,0,0,0,0,0
464353,355,1,0,0,0,0,0,0,0,0,0,0,0,0,0
97032,356,1,90,2,0,0,0,2,0,0,8,1,0,11,1
216094,357,1,90,0,0,0,0,2,0,0,3,1,0,2,1
544877,358,1,90,0,0,0,0,2,0,0,3,1,0,7,1
171287,359,1,0,0,0,0,0,0,0,0,0,0,0,0,0
492777,360,1,0,0,0,0,0,0,0,0,0,0,0,0,0
519440,361,1,0,0,0,0,0,0,0,0,0,0,0,0,0
606702,362,1,69,1,0,0,0,2,0,0,9,0,0,3,1
647681,363,1,0,0,0,0,0,0,0,0,0,0,0,0,0
214285,364,1,0,0,0,0,0,0,0,0,0,0,0,0,0
489580,365,1,0,0,0,0,0,0,0,0,0,0,0,0,0
494595,366,1,62,2,0,0,0,2,0,0,16,0,0,5,1
243298,367,1,90,12,1,0,0,2,0,3,33,0,0,12,1
424876,368,1,90,8,1,0,0,2,0,1,29,0,0,7,1
611922,369,1,62,2,0,0,0,2,0,0,9,0,0,3,1
223541,370,1,0,0,0,0,0,0,0,0,0,0,0,0,0
441266,371,1,77,5,0,1,0,2,0,0,26,0,0,11,1
243016,372,1,27,1,0,0,0,0,0,0,9,0,0,3,0
206915,373,1,0,0,0,0,0,0,0,0,0,0,0,0,0
158983,374,1,0,0,0,0,0,0,0,0,0,0,0,0,0
591386,375,1,0,0,0,0,0,0,0,0,0,0,0,0,0
535928,376,1,0,0,0,0,0,0,0,0,0,0,0,0,0
551499,377,1,27,4,0,1,0,0,0,0,15,0,0,0,0
491501,378,1,0,0,0,0,0,0,0,0,0,0,0,0,0
219168,379,1,90,2,0,0,0,2,0,0,6,0,0,1,1
510663,380,1,0,0,0,0,0,0,0,0,0,0,0,0,0
514514,381,1,12,1,0,0,0,0,0,0,4,0,0,1,0
500058,382,1,0,0,0,0,0,0,0,0,0,0,0,0,0
444884,383,1,0,0,0,0,0,0,0,0,0,0,0,0,0
204936,384,1,90,3,0,0,0,1,3,0,12,0,0,0,1
432720,385,1,90,9,0,0,1,0,3,2,28,0,0,0,1
122074,386,1,0,0,0,0,0,0,0,0,0,0,0,0,0
472769,387,1,62,2,0,0,0,1,0,0,5,0,0,2,1
209036,388,1,90,10,1,0,0,1,0,2,31,0,0,4,1
465351,389,1,33,1,0,0,0,0,0,0,4,0,0,1,0
171314,390,1,90,2,0,0,0,1,0,0,11,0,0,6,1
477424,391,1,90,9,1,0,0,1,0,1,28,0,0,7,1
448514,392,1,0,0,0,0,0,0,0,0,0,0,0,0,0
578153,393,1,90,2,0,0,0,1,0,0,14,0,0,4,1
494307,394,1,0,0,0,0,0,0,0,0,0,0,0,0,0
477064,395,1,56,1,0,0,0,1,0,0,-1,0,0,2,1
616222,396,1,0,0,0,0,0,0,0,0,0,0,0,0,0
437730,397,1,90,2,0,0,0,1,0,0,16,0,0,5,1
209244,398,1,81,1,0,0,0,1,0,0,15,1,0,6,1
466052,399,1,27,8,0,2,0,0,0,1,28,0,0,0,0
248875,400,1,0,0,0,0,0,0,0,0,0,0,0,0,0
438234,401,1,0,0,0,0,0,0,0,0,0,0,0,0,0
220566,402,1,0,0,0,0,0,0,0,0,0,0,0,0,0
510281,403,1,0,0,0,0,0,0,0,0,0,0,0,0,0
433036,404,1,0,0,0,0,0,0,0,0,0,0,0,0,0
465694,405,1,0,0,0,0,0,0,0,0,0,0,0,0,0
91651,406,1,27,1,0,0,0,0,0,0,3,0,0,2,0
575204,407,1,0,0,0,0,0,0,0,0,0,0,0,0,0
155405,408,1,0,0,0,0,0,0,0,0,0,0,0,0,0
590039,409,1,0,0,0,0,0,0,0,0,0,0,0,0,0
649208,410,1,0,0,0,0,0,0,0,0,0,0,0,0,0
223094,411,1,90,2,0,0,0,1,0,0,6,0,0,3,1
465247,412,1,90,1,0,0,0,2,2,0,7,0,0,0,1
451302,413,1,0,0,0,0,0,0,0,0,0,0,0,0,0
21205,414,1,0,0,0,0,0,0,0,0,0,0,0,0,0
596777,415,1,45,0,0,0,0,2,0,0,-11,1,0,1,1
209365,416,1,0,0,0,0,0,0,0,0,0,0,0,0,0
216051,417,1,10,1,0,0,0,0,0,0,6,0,0,3,0
95658,418,1,90,1,0,0,0,2,0,0,15,0,0,4,1
221820,419,1,0,0,0,0,0,0,0,0,0,0,0,0,0
550864,420,1,0,0,0,0,0,0,0,0,0,0,0,0,0
606745,421,1,90,1,0,0,0,2,0,0,5,0,0,2,1
230001,422,1,79,1,0,0,0,2,0,0,8,0,0,5,1
106760,423,1,90,1,0,0,0,2,0,0,13,0,0,4,1
577974,424,1,0,0,0,0,0,0,0,0,0,0,0,0,0
547676,425,1,0,0,0,0,0,0,0,0,0,0,0,0,0
141746,426,1,90,2,0,0,0,2,0,0,18,0,0,6,1
446008,427,1,90,2,0,0,0,2,0,0,12,0,0,4,1
430871,428,1,79,2,0,0,0,2,0,0,14,0,0,3,1
176297,429,1,45,1,0,0,0,0,0,0,9,0,0,1,0
184341,430,1,0,0,0,0,0,0,0,0,0,0,0,0,0
493250,431,1,0,0,0,0,0,0,0,0,0,0,0,0,0
516895,432,1,23,1,0,0,0,0,0,0,7,0,0,1,0
232112,433,1,0,0,0,0,0,0,0,0,0,0,0,0,0
547037,434,1,0,0,0,0,0,0,0,0,0,0,0,0,0
576628,435,1,10,1,0,0,0,0,0,0,3,0,0,1,0
490881,436,1,0,0,0,0,0,0,0,0,0,0,0,0,0
576620,437,1,0,0,0,0,0,0,0,0,0,0,0,0,0
519913,438,1,0,0,0,0,0,0,0,0,0,0,0,0,0
485711,439,1,23,1,0,0,0,0,0,0,2,0,0,0,0
458249,440,1,0,0,0,0,0,0,0,0,0,0,0,0,0
596047,441,1,0,0,0,0,0,0,0,0,0,0,0,0,0
98747,442,1,0,0,0,0,0,0,0,0,0,0,0,0,0
81441,443,1,0,0,0,0,0,0,0,0,0,0,0,0,0
554578,444,1,0,0,0,0,0,0,0,0,0,0,0,0,0
465642,445,1,90,3,0,0,0,2,0,0,0,0,0,15,1
119471,446,1,1,1,0,0,0,1,0,0,-1,0,0,0,0
220237,447,1,90,3,0,0,0,2,0,0,4,0,0,10,1
78916,448,1,0,0,0,0,0,0,0,0,0,0,0,0,0
487838,449,1,90,3,0,0,0,2,0,0,8,0,0,11,1
441191,450,1,0,0,0,0,0,0,0,0,0,0,0,0,0
545477,451,1,0,0,0,0,0,0,0,0,0,0,0,0,0
208706,452,1,0,0,0,0,0,0,0,0,0,0,0,0,0
201666,453,1,90,2,0,0,0,2,0,0,12,0,0,8,1
449434,454,1,75,9,1,0,0,1,0,2,31,0,0,2,1
432422,455,1,90,2,0,0,0,3,0,0,14,0,0,4,1
232653,456,1,34,0,0,0,0,1,0,0,1,1,0,6,0
114243,457,1,14,0,0,0,0,1,0,0,-1,1,0,2,0
180974,458,1,0,0,0,0,0,0,0,0,0,0,0,0,0
547719,459,1,75,3,0,0,0,1,0,0,13,1,0,13,1
200089,460,1,34,6,1,0,0,1,0,0,28,0,0,3,0
611665,461,1,0,0,0,0,0,0,0,0,0,0,0,0,0
636852,462,1,55,1,0,0,0,1,0,0,3,0,0,2,1
470313,463,1,0,0,0,0,0,0,0,0,0,0,0,0,0
216646,464,1,90,4,0,1,0,1,0,0,7,1,0,8,1
538207,465,1,55,4,0,1,0,1,0,0,18,0,0,5,1
599303,466,1,0,0,0,0,0,0,0,0,0,0,0,0,0
85633,467,1,90,2,0,0,0,1,2,0,11,0,0,0,1
221389,468,1,0,0,0,0,0,0,0,0,0,0,0,0,0
215136,469,1,90,2,0,0,0,1,0,0,13,0,0,6,1
485047,470,1,0,0,0,0,0,0,0,0,0,0,0,0,0
227444,471,1,90,2,0,0,0,1,0,0,4,0,0,7,1
575476,472,1,90,4,0,0,0,1,0,0,15,0,0,14,1
159506,473,1,73,5,0,0,1,0,0,0,24,1,0,2,1
575458,474,1,90,1,0,0,0,1,0,0,5,1,0,8,1
500151,475,1,0,0,0,0,0,0,0,0,0,0,0,0,0
204822,476,1,0,0,0,0,0,0,0,0,0,0,0,0,0
549067,477,1,0,0,0,0,0,0,0,0,0,0,0,0,0
470315,478,1,16,1,0,0,0,1,0,0,-2,0,0,0,0
538638,479,1,0,0,0,0,0,0,0,0,0,0,0,0,0
222531,480,1,90,2,0,0,0,1,0,0,10,0,0,3,1
215379,481,1,62,2,0,0,0,1,0,0,14,0,0,6,1
209046,482,1,0,0,0,0,0,0,0,0,0,0,0,0,0
456512,483,1,61,3,0,0,1,0,0,0,5,0,0,3,1
503301,484,1,0,0,0,0,0,0,0,0,0,0,0,0,0
476887,485,1,0,0,0,0,0,0,0,0,0,0,0,0,0
432714,486,1,73,3,0,0,1,0,0,0,18,0,0,8,1
250199,487,1,0,0,0,0,0,0,0,0,0,0,0,0,0
210462,488,1,90,2,0,0,0,1,0,0,10,0,0,6,1
204968,489,1,0,0,0,0,0,0,0,0,0,0,0,0,0
60689,490,1,28,1,0,0,0,1,0,0,3,0,0,1,0
482973,491,1,90,2,0,0,0,1,0,0,8,0,0,3,1
210156,492,1,20,1,0,0,0,0,0,0,4,0,0,1,0
465680,493,1,1,1,0,0,0,0,0,0,3,0,0,0,0
184254,494,1,0,0,0,0,0,0,0,0,0,0,0,0,0
214572,495,1,0,0,0,0,0,0,0,0,0,0,0,0,0
485055,496,1,90,2,0,0,0,3,5,0,15,0,0,0,1
67089,497,1,0,0,0,0,0,0,0,0,0,0,0,0,0
221466,498,1,90,3,0,0,0,3,0,0,10,0,0,16,1
441164,499,1,0,0,0,0,0,0,0,0,0,0,0,0,0
221632,500,1,0,0,0,0,0,0,0,0,0,0,0,0,0
135720,501,1,0,0,0,0,0,0,0,0,0,0,0,0,0
122798,502,1,90,3,0,0,0,3,0,0,13,0,0,11,1
491279,503,1,0,0,0,0,0,0,0,0,0,0,0,0,0
610799,504,1,90,6,0,0,1,0,0,0,19,0,0,4,1
232859,505,1,0,0,0,0,0,0,0,0,0,0,0,0,0
487053,506,1,4,1,0,0,0,0,0,0,3,0,0,0,0
548308,507,1,0,0,0,0,0,0,0,0,0,0,0,0,0
115556,508,1,0,0,0,0,0,0,0,0,0,0,0,0,0
640419,509,1,0,0,0,0,0,0,0,0,0,0,0,0,0
499716,510,1,0,0,0,0,0,0,0,0,0,0,0,0,0
616221,511,1,0,0,0,0,0,0,0,0,0,0,0,0,0
460842,512,1,0,0,0,0,0,0,0,0,0,0,0,0,0
493362,513,1,0,0,0,0,0,0,0,0,0,0,0,0,0
511499,514,1,90,2,0,0,0,3,0,0,17,0,0,8,1
172780,515,1,22,1,0,0,0,0,0,0,6,0,0,2,0
202993,516,1,45,1,0,0,0,1,0,0,8,0,0,5,0
550839,517,1,0,0,0,0,0,0,0,0,0,0,0,0,0
482442,518,1,0,0,0,0,0,0,0,0,0,0,0,0,0
232787,519,1,45,0,0,0,0,2,0,0,1,1,0,3,1
570526,520,1,45,1,0,0,0,2,0,0,2,0,0,8,1
445044,521,1,0,0,0,0,0,0,0,0,0,0,0,0,0
547701,522,1,85,2,0,0,0,3,0,0,15,0,0,5,1
499721,523,1,67,2,0,0,0,3,0,0,10,0,0,2,1
499726,524,1,0,0,0,0,0,0,0,0,0,0,0,0,0
551226,525,1,45,1,0,0,0,1,0,0,16,0,0,2,0
154566,526,1,22,1,0,0,0,0,0,0,3,0,0,0,0
212319,527,1,67,2,0,0,0,3,0,0,6,0,0,1,1
490145,528,1,0,0,0,0,0,0,0,0,0,0,0,0,0
498016,529,1,90,1,0,0,0,2,1,0,7,0,0,0,1
232571,530,1,0,0,0,0,0,0,0,0,0,0,0,0,0
515046,531,1,0,0,0,0,0,0,0,0,0,0,0,0,0
223827,532,1,90,0,0,0,0,2,0,0,4,1,0,9,1
200834,533,1,0,0,0,0,0,0,0,0,0,0,0,0,0
487676,534,1,79,2,0,0,0,1,0,0,14,0,0,4,1
201895,535,1,23,1,0,0,0,1,0,0,2,0,0,0,0
434399,536,1,90,1,0,0,0,2,0,0,9,0,0,8,1
519634,537,1,0,0,0,0,0,0,0,0,0,0,0,0,0
477547,538,1,0,0,0,0,0,0,0,0,0,0,0,0,0
167512,539,1,66,1,0,0,0,1,0,0,1,1,0,5,1
105717,540,1,0,0,0,0,0,0,0,0,0,0,0,0,0
93605,541,1,90,1,0,0,0,2,0,0,5,0,0,4,1
484420,542,1,79,2,0,0,0,1,0,0,13,0,0,2,1
547027,543,1,10,1,0,0,0,1,0,0,3,0,0,0,0
84450,544,1,90,9,0,1,0,2,0,2,31,0,0,13,1
577669,545,1,90,2,0,0,0,2,0,0,18,0,0,2,1
535818,546,1,0,0,0,0,0,0,0,0,0,0,0,0,0
461199,547,1,0,0,0,0,0,0,0,0,0,0,0,0,0
554197,548,1,10,1,0,0,0,1,0,0,3,0,0,1,0
549912,549,1,31,1,0,0,0,1,0,0,1,0,0,2,0
699989,550,1,0,0,0,0,0,0,0,0,0,0,0,0,0
536661,551,1,58,5,1,0,0,1,0,0,23,1,0,7,1
441264,552,1,66,2,0,0,0,1,0,0,1,0,0,0,1
437505,553,1,23,1,0,0,0,1,0,0,3,0,0,0,0
546600,554,1,0,0,0,0,0,0,0,0,0,0,0,0,0
169593,555,1,0,0,0,0,0,0,0,0,0,0,0,0,0
169359,556,1,5,1,0,0,0,0,0,0,3,0,0,0,0
439509,557,1,75,6,0,1,1,0,0,0,30,0,0,6,1
204561,558,1,16,1,0,0,0,1,0,0,3,0,0,1,0
632794,559,1,14,1,0,0,0,1,0,0,5,0,0,2,0
549939,560,1,0,0,0,0,0,0,0,0,0,0,0,0,0
622758,561,1,0,0,0,0,0,0,0,0,0,0,0,0,0
442967,562,1,79,2,0,0,0,1,0,0,7,0,0,9,1
445028,563,1,0,0,0,0,0,0,0,0,0,0,0,0,0
240514,564,1,90,2,0,0,0,1,2,0,12,0,0,0,1
513545,565,1,75,14,0,2,1,0,0,3,41,0,0,13,1
483067,566,1,90,2,0,0,0,2,0,0,5,1,0,13,1
470551,567,1,90,1,0,0,0,2,5,0,12,1,0,0,1
543158,568,1,0,0,0,0,0,0,0,0,0,0,0,0,0
551466,569,1,90,6,1,0,0,3,0,0,33,0,0,2,1
571779,570,1,72,2,0,0,0,3,0,0,10,0,0,4,1
216055,571,1,0,0,0,0,0,0,0,0,0,0,0,0,0
473284,572,1,90,10,0,0,1,0,5,3,41,0,0,0,1
494928,573,1,0,0,0,0,0,0,0,0,0,0,0,0,0
552946,574,1,0,0,0,0,0,0,0,0,0,0,0,0,0
661888,575,1,61,1,0,0,0,3,0,0,2,1,0,3,1
608227,576,1,70,3,0,0,1,0,0,0,11,0,0,6,1
223723,577,1,18,1,0,0,0,0,0,0,3,0,0,1,0
465920,578,1,0,0,0,0,0,0,0,0,0,0,0,0,0
445087,579,1,20,1,0,0,0,0,0,0,3,0,0,4,0
463210,580,1,23,1,0,0,0,0,0,0,5,0,0,3,0
568420,581,1,0,0,0,0,0,0,0,0,0,0,0,0,0
690838,582,1,0,0,0,0,0,0,0,0,0,0,0,0,0
498444,583,1,25,1,0,0,0,0,0,0,3,0,0,1,0
196100,584,1,8,1,0,0,0,0,0,0,3,0,0,1,0
597462,585,1,26,1,0,0,0,0,0,0,4,0,0,4,0
606930,586,1,63,15,1,0,1,0,0,1,35,0,0,13,1
106921,587,1,0,0,0,0,0,0,0,0,0,0,0,0,0
570794,588,1,35,1,0,0,0,0,0,0,12,0,0,9,0
469266,589,1,0,0,0,0,0,0,0,0,0,0,0,0,0
428971,590,1,0,0,0,0,0,0,0,0,0,0,0,0,0
474120,591,1,70,5,0,1,0,1,0,0,24,0,0,8,1
572584,592,1,10,1,0,0,0,0,0,0,4,0,0,2,0
463726,593,1,90,1,0,0,0,2,0,0,-1,0,0,9,1
538007,594,1,0,0,0,0,0,0,0,0,0,0,0,0,0
559152,595,1,0,0,0,0,0,0,0,0,0,0,0,0,0
487992,596,1,8,1,0,0,0,0,0,0,3,0,0,2,0
433969,597,1,0,0,0,0,0,0,0,0,0,0,0,0,0
173774,598,1,0,0,0,0,0,0,0,0,0,0,0,0,0
627221,599,1,0,0,0,0,0,0,0,0,0,0,0,0,0
612855,600,1,12,1,0,0,0,0,0,0,7,0,0,2,0
611917,601,1,0,0,0,0,0,0,0,0,0,0,0,0,0
524180,602,1,0,0,0,0,0,0,0,0,0,0,0,0,0
643970,603,1,0,0,0,0,0,0,0,0,0,0,0,0,0
592740,604,1,0,0,0,0,0,0,0,0,0,0,0,0,0
611695,605,1,4,1,0,0,0,0,0,0,3,0,0,0,0
569577,606,1,0,0,0,0,0,0,0,0,0,0,0,0,0
571380,607,1,0,0,0,0,0,0,0,0,0,0,0,0,0
523700,608,1,15,1,0,0,0,2,0,0,6,0,0,1,0
553746,609,1,0,0,0,0,0,0,0,0,0,0,0,0,0
547686,610,1,0,0,0,0,0,0,0,0,0,0,0,0,0
154561,1,2,90,6,0,0,1,0,0,0,21,0,0,0,1
109745,2,2,0,0,0,0,0,0,0,0,0,0,0,0,0
437495,3,2,0,0,0,0,0,0,0,0,0,0,0,0,0
226597,4,2,90,8,0,0,1,0,0,0,23,0,0,10,1
445122,5,2,0,0,0,0,0,0,0,0,0,0,0,0,0
462424,6,2,0,0,0,0,0,0,0,0,0,0,0,0,0
499169,7,2,70,3,0,0,1,0,0,0,15,0,0,5,1
466075,8,2,90,11,0,1,1,0,0,2,30,0,0,3,1
448104,9,2,0,0,0,0,0,0,0,0,0,0,0,0,0
198869,10,2,90,7,0,0,1,0,0,1,26,0,0,4,1
500040,11,2,78,6,0,0,1,0,0,0,25,0,0,4,1
223340,12,2,90,11,1,0,1,0,0,3,46,0,0,11,1
204480,13,2,84,5,0,0,1,0,0,0,19,0,0,12,1
232413,14,2,45,1,0,0,0,0,0,0,6,0,0,3,0
184029,15,2,70,3,0,0,1,0,0,0,13,0,0,5,1
248857,16,2,0,0,0,0,0,0,0,0,0,0,0,0,0
195384,17,2,19,1,0,0,0,0,0,0,7,0,0,4,0
444145,18,2,0,0,0,0,0,0,0,0,0,0,0,0,0
481655,19,2,5,1,0,0,0,0,0,0,5,0,0,2,0
616077,20,2,0,0,0,0,0,0,0,0,0,0,0,0,0
128295,21,2,0,0,0,0,0,0,0,0,0,0,0,0,0
499175,22,2,0,0,0,0,0,0,0,0,0,0,0,0,0
438098,23,2,0,0,0,0,0,0,0,0,0,0,0,0,0
200641,24,2,0,0,0,0,0,0,0,0,0,0,0,0,0
224117,25,2,0,0,0,0,0,0,0,0,0,0,0,0,0
219847,26,2,90,2,0,0,1,0,0,0,5,0,0,5,1
205651,27,2,0,0,0,0,0,0,0,0,0,0,0,0,0
98980,28,2,90,2,0,0,0,3,4,0,18,0,0,0,1
72147,29,2,0,0,0,0,0,0,0,0,0,0,0,0,0
101188,30,2,0,0,0,0,0,0,0,0,0,0,0,0,0
199798,31,2,11,1,0,0,0,0,0,0,3,0,0,1,0
199796,32,2,77,2,0,0,0,1,0,0,8,0,0,6,1
149484,33,2,0,0,0,0,0,0,0,0,0,0,0,0,0
244954,34,2,90,2,0,0,0,1,0,0,6,0,0,4,1
515597,35,2,0,0,0,0,0,0,0,0,0,0,0,0,0
441302,36,2,90,1,0,0,0,1,0,0,-5,1,0,8,1
184667,37,2,90,2,0,0,0,1,0,0,10,0,0,7,1
606798,38,2,0,0,0,0,0,0,0,0,0,0,0,0,0
578545,39,2,0,0,0,0,0,0,0,0,0,0,0,0,0
244850,40,2,90,5,0,1,0,3,0,0,28,0,0,5,1
195546,41,2,90,2,0,0,0,1,0,0,9,0,0,5,1
485337,42,2,27,1,0,0,0,1,0,0,3,0,0,1,0
166989,43,2,90,4,0,0,0,2,0,0,26,0,0,13,1
215711,44,2,0,0,0,0,0,0,0,0,0,0,0,0,0
122806,45,2,90,1,0,0,0,1,0,0,2,1,0,4,1
88894,46,2,77,2,0,0,0,1,0,0,23,0,0,10,1
226944,47,2,90,2,0,0,0,1,0,0,13,0,0,8,1
449871,48,2,0,0,0,0,0,0,0,0,0,0,0,0,0
469247,49,2,0,0,0,0,0,0,0,0,0,0,0,0,0
645618,50,2,0,0,0,0,0,0,0,0,0,0,0,0,0
577285,51,2,70,2,0,0,0,1,0,0,5,0,0,6,1
653481,52,2,19,0,0,0,0,0,0,0,2,1,0,2,0
614071,53,2,0,0,0,0,0,0,0,0,0,0,0,0,0
448089,54,2,0,0,0,0,0,0,0,0,0,0,0,0,0
178301,55,2,0,0,0,0,0,0,0,0,0,0,0,0,0
173879,56,2,19,1,0,0,0,0,0,0,3,0,0,0,0
457569,57,2,90,3,0,0,0,1,5,0,20,0,0,0,1
40383,58,2,0,0,0,0,0,0,0,0,0,0,0,0,0
444172,59,2,0,0,0,0,0,0,0,0,0,0,0,0,0
463981,60,2,90,4,0,0,0,1,0,0,19,0,0,12,1
494521,61,2,90,4,0,0,0,1,0,2,27,0,0,9,1
242882,62,2,0,0,0,0,0,0,0,0,0,0,0,0,0
620487,63,2,0,0,0,0,0,0,0,0,0,0,0,0,0
54469,64,2,90,1,0,0,0,1,0,0,5,1,0,6,1
436893,65,2,0,0,0,0,0,0,0,0,0,0,0,0,0
575901,66,2,0,0,0,0,0,0,0,0,0,0,0,0,0
499604,67,2,90,2,0,0,0,1,0,0,4,0,0,5,1
201658,68,2,90,1,0,0,0,1,0,0,20,1,0,11,1
503139,69,2,86,12,1,0,1,0,0,3,39,1,0,15,1
222683,70,2,80,3,0,0,1,0,0,0,12,0,0,5,1
155408,71,2,68,3,0,0,1,0,0,0,13,0,0,2,1
496208,72,2,0,0,0,0,0,0,0,0,0,0,0,0,0
200785,73,2,21,1,0,0,0,1,0,0,4,0,0,3,0
111317,74,2,9,1,0,0,0,1,0,0,3,0,0,0,0
158499,75,2,3,1,0,0,0,1,0,0,5,0,0,2,0
614574,76,2,0,0,0,0,0,0,0,0,0,0,0,0,0
489888,77,2,0,0,0,0,0,0,0,0,0,0,0,0,0
560262,78,2,0,0,0,0,0,0,0,0,0,0,0,0,0
444102,79,2,80,5,0,1,1,0,0,0,11,0,0,3,1
168636,80,2,0,0,0,0,0,0,0,0,0,0,0,0,0
561245,81,2,9,1,0,0,0,1,0,0,4,0,0,1,0
200720,82,2,90,2,0,0,0,1,1,0,7,0,0,0,1
507433,83,2,0,0,0,0,0,0,0,0,0,0,0,0,0
432830,84,2,90,3,0,0,0,1,0,0,14,1,0,13,1
444765,85,2,0,0,0,0,0,0,0,0,0,0,0,0,0
249231,86,2,87,6,0,1,0,1,0,1,29,0,0,11,1
191866,87,2,90,3,0,0,0,1,0,0,7,1,0,17,1
607464,88,2,87,2,0,0,0,1,0,0,9,0,0,4,1
194010,89,2,2,1,0,0,0,0,0,0,3,0,0,0,0
472713,90,2,2,1,0,0,0,0,0,0,6,0,0,1,0
231065,91,2,12,1,0,0,0,1,0,0,-1,0,0,2,0
570241,92,2,0,0,0,0,0,0,0,0,0,0,0,0,0
513086,93,2,0,0,0,0,0,0,0,0,0,0,0,0,0
513418,94,2,87,10,1,0,0,1,0,3,34,0,0,9,1
533463,95,2,29,1,0,0,0,1,0,0,16,0,0,7,0
440089,96,2,68,3,0,0,1,0,0,0,20,0,0,9,1
207283,97,2,0,0,0,0,0,0,0,0,0,0,0,0,0
204580,98,2,90,1,0,0,0,1,0,0,11,1,0,10,1
543295,99,2,0,0,0,0,0,0,0,0,0,0,0,0,0
244858,100,2,0,0,0,0,0,0,0,0,0,0,0,0,0
56979,101,2,0,0,0,0,0,0,0,0,0,0,0,0,0
508395,102,2,21,1,0,0,0,1,0,0,4,0,0,0,0
183656,103,2,0,0,0,0,0,0,0,0,0,0,0,0,0
428580,104,2,0,0,0,0,0,0,0,0,0,0,0,0,0
444180,105,2,60,2,0,0,1,0,0,0,4,1,0,1,1
502500,106,2,90,2,0,0,0,1,0,0,2,0,0,4,1
593174,107,2,0,0,0,0,0,0,0,0,0,0,0,0,0
75115,108,2,2,1,0,0,0,0,0,0,3,0,0,1,0
489639,109,2,90,0,0,0,0,4,1,0,-1,0,0,0,1
472739,110,2,90,2,0,0,0,1,1,0,10,0,0,0,1
49262,111,2,0,0,0,0,0,0,0,0,0,0,0,0,0
469142,112,2,90,1,0,0,0,2,0,0,9,0,0,8,1
231416,113,2,90,0,0,0,0,4,0,0,-4,0,0,0,1
204120,114,2,90,-1,0,0,0,4,0,0,-2,1,0,3,1
465730,115,2,90,0,0,0,0,4,0,0,-2,0,0,2,1
83299,116,2,90,-1,0,0,0,4,0,0,-4,1,0,3,1
550090,117,2,0,0,0,0,0,0,0,0,0,0,0,0,0
223434,118,2,0,0,0,0,0,0,0,0,0,0,0,0,0
451490,119,2,10,0,0,0,0,0,0,0,-1,1,0,0,0
454490,120,2,0,0,0,0,0,0,0,0,0,0,0,0,0
451340,121,2,0,0,0,0,0,0,0,0,0,0,0,0,0
592031,122,2,0,0,0,0,0,0,0,0,0,0,0,0,0
532529,123,2,0,0,0,0,0,0,0,0,0,0,0,0,0
60307,124,2,90,13,1,1,0,4,0,3,46,0,0,6,1
463067,125,2,0,0,0,0,0,0,0,0,0,0,0,0,0
219249,126,2,0,0,0,0,0,0,0,0,0,0,0,0,0
514254,127,2,90,5,0,1,0,4,0,0,15,0,0,5,1
536916,128,2,0,0,0,0,0,0,0,0,0,0,0,0,0
509416,129,2,0,0,0,0,0,0,0,0,0,0,0,0,0
467779,130,2,79,0,0,0,0,4,0,0,6,0,0,7,1
535301,131,2,0,0,0,0,0,0,0,0,0,0,0,0,0
597320,132,2,0,0,0,0,0,0,0,0,0,0,0,0,0
549074,133,2,0,0,0,0,0,0,0,0,0,0,0,0,0
556637,134,2,0,0,0,0,0,0,0,0,0,0,0,0,0
700308,135,2,0,0,0,0,0,0,0,0,0,0,0,0,0
50175,136,2,0,0,0,0,0,0,0,0,0,0,0,0,0
608181,137,2,0,0,0,0,0,0,0,0,0,0,0,0,0
647850,138,2,79,5,0,1,0,4,0,0,17,0,0,6,1
487117,139,2,0,0,0,0,0,0,0,0,0,0,0,0,0
215059,140,2,0,0,0,0,0,0,0,0,0,0,0,0,0
508479,141,2,0,0,0,0,0,0,0,0,0,0,0,0,0
225796,142,2,22,1,0,0,0,1,0,0,-1,0,0,0,0
180736,143,2,0,0,0,0,0,0,0,0,0,0,0,0,0
482609,144,2,90,1,0,0,0,3,0,0,-1,0,0,5,1
444463,145,2,67,0,0,0,0,2,0,0,-2,1,0,9,1
242880,146,2,0,0,0,0,0,0,0,0,0,0,0,0,0
109646,147,2,0,0,0,0,0,0,0,0,0,0,0,0,0
551210,148,2,90,4,0,1,0,3,0,0,12,0,0,6,1
460028,149,2,71,1,0,0,0,2,0,0,2,0,0,9,1
574458,150,2,0,0,0,0,0,0,0,0,0,0,0,0,0
577016,151,2,22,1,0,0,0,1,0,0,-1,0,0,3,0
620109,152,2,0,0,0,0,0,0,0,0,0,0,0,0,0
220362,153,2,16,1,0,0,0,1,0,0,-2,0,0,1,0
244851,154,2,90,7,1,0,0,3,0,0,28,0,0,8,1
448047,155,2,0,0,0,0,0,0,0,0,0,0,0,0,0
247632,156,2,67,7,1,0,0,2,0,0,32,0,0,4,1
624773,157,2,0,0,0,0,0,0,0,0,0,0,0,0,0
463936,158,2,0,0,0,0,0,0,0,0,0,0,0,0,0
486672,159,2,13,1,0,0,0,0,0,0,3,0,0,0,0
493105,160,2,12,1,0,0,0,0,0,0,3,0,0,2,0
514356,161,2,67,7,1,0,0,2,0,0,32,0,0,7,1
532605,162,2,10,1,0,0,0,1,0,0,2,0,0,5,0
491007,163,2,0,0,0,0,0,0,0,0,0,0,0,0,0
593117,164,2,0,0,0,0,0,0,0,0,0,0,0,0,0
475168,165,2,90,9,1,1,0,3,0,2,44,0,0,3,1
517052,166,2,70,2,0,0,0,1,0,0,11,0,0,3,1
463034,167,2,24,1,0,0,0,1,0,0,9,0,0,0,0
499309,168,2,0,0,0,0,0,0,0,0,0,0,0,0,0
567119,169,2,0,0,0,0,0,0,0,0,0,0,0,0,0
503037,170,2,0,0,0,0,0,0,0,0,0,0,0,0,0
484389,171,2,0,0,0,0,0,0,0,0,0,0,0,0,0
110690,172,2,0,0,0,0,0,0,0,0,0,0,0,0,0
461102,173,2,77,8,0,0,1,0,0,2,28,0,0,9,1
436761,174,2,0,0,0,0,0,0,0,0,0,0,0,0,0
451284,175,2,90,2,0,0,0,1,0,0,15,0,0,2,1
173878,176,2,90,2,0,0,0,1,0,0,15,0,0,3,1
465390,177,2,0,0,0,0,0,0,0,0,0,0,0,0,0
80178,178,2,0,0,0,0,0,0,0,0,0,0,0,0,0
204813,179,2,0,0,0,0,0,0,0,0,0,0,0,0,0
220583,180,2,0,0,0,0,0,0,0,0,0,0,0,0,0
577411,181,2,0,0,0,0,0,0,0,0,0,0,0,0,0
539142,182,2,90,1,0,0,0,1,0,0,4,1,0,4,1
480457,183,2,70,3,0,0,1,0,0,0,12,0,0,6,1
168144,184,2,90,2,0,0,0,1,0,0,14,0,0,10,1
501459,185,2,31,1,0,0,0,1,0,0,8,0,0,4,0
241293,186,2,57,1,0,0,0,0,0,0,4,0,0,4,1
439668,187,2,0,0,0,0,0,0,0,0,0,0,0,0,0
226965,188,2,19,1,0,0,0,1,0,0,2,0,0,2,0
684268,189,2,0,0,0,0,0,0,0,0,0,0,0,0,0
469272,190,2,58,1,0,0,0,0,0,0,7,0,0,6,1
492498,191,2,0,0,0,0,0,0,0,0,0,0,0,0,0
629397,192,2,0,0,0,0,0,0,0,0,0,0,0,0,0
176412,193,2,0,0,0,0,0,0,0,0,0,0,0,0,0
230730,194,2,32,1,0,0,0,1,0,0,5,0,0,2,0
218997,195,2,0,0,0,0,0,0,0,0,0,0,0,0,0
551262,196,2,0,0,0,0,0,0,0,0,0,0,0,0,0
549653,197,2,0,0,0,0,0,0,0,0,0,0,0,0,0
172649,198,2,90,1,0,0,0,4,4,0,4,0,0,0,1
121709,199,2,0,0,0,0,0,0,0,0,0,0,0,0,0
437499,200,2,90,1,0,0,0,3,0,0,-3,0,0,9,1
247348,201,2,0,0,0,0,0,0,0,0,0,0,0,0,0
427623,202,2,90,0,0,0,0,4,0,0,-4,0,0,6,1
651426,203,2,90,0,0,0,0,4,0,0,-1,0,0,7,1
244723,204,2,90,0,0,0,0,4,0,0,-8,0,0,5,1
218364,205,2,0,0,0,0,0,0,0,0,0,0,0,0,0
515621,206,2,0,0,0,0,0,0,0,0,0,0,0,0,0
242313,207,2,15,1,0,0,0,1,0,0,1,0,0,1,0
232185,208,2,0,0,0,0,0,0,0,0,0,0,0,0,0
242898,209,2,28,1,0,0,0,0,0,0,1,0,0,2,0
496221,210,2,90,2,0,0,0,4,0,0,21,0,0,7,1
488024,211,2,67,5,0,1,0,3,0,0,27,0,0,10,1
108413,212,2,0,0,0,0,0,0,0,0,0,0,0,0,0
152551,213,2,0,0,0,0,0,0,0,0,0,0,0,0,0
209400,214,2,90,2,0,0,0,4,0,0,21,0,0,9,1
489706,215,2,0,0,0,0,0,0,0,0,0,0,0,0,0
606921,216,2,0,0,0,0,0,0,0,0,0,0,0,0,0
536694,217,2,0,0,0,0,0,0,0,0,0,0,0,0,0
438464,218,2,0,0,0,0,0,0,0,0,0,0,0,0,0
450542,219,2,0,0,0,0,0,0,0,0,0,0,0,0,0
590014,220,2,0,0,0,0,0,0,0,0,0,0,0,0,0
672492,221,2,0,0,0,0,0,0,0,0,0,0,0,0,0
247412,222,2,62,2,0,0,0,3,0,0,13,0,0,4,1
231747,223,2,0,0,0,0,0,0,0,0,0,0,0,0,0
205533,224,2,67,2,0,0,0,3,0,0,8,0,0,6,1
660392,225,2,0,0,0,0,0,0,0,0,0,0,0,0,0
111234,226,2,90,3,0,0,0,1,4,0,22,0,0,0,1
229600,227,2,0,0,0,0,0,0,0,0,0,0,0,0,0
138001,228,2,0,0,0,0,0,0,0,0,0,0,0,0,0
17761,229,2,90,12,1,0,0,1,0,2,27,0,0,10,1
480455,230,2,90,4,0,0,0,1,0,0,6,0,0,12,1
106611,231,2,0,0,0,0,0,0,0,0,0,0,0,0,0
512462,232,2,0,0,0,0,0,0,0,0,0,0,0,0,0
224967,233,2,90,4,0,0,0,1,0,0,7,0,0,12,1
243571,234,2,0,0,0,0,0,0,0,0,0,0,0,0,0
499300,235,2,0,0,0,0,0,0,0,0,0,0,0,0,0
215413,236,2,90,2,0,0,0,1,0,0,24,0,0,10,1
440993,237,2,90,4,0,0,0,1,0,0,16,0,0,13,1
114283,238,2,0,0,0,0,0,0,0,0,0,0,0,0,0
232928,239,2,61,1,0,0,0,1,0,0,9,1,0,10,1
490094,240,2,4,1,0,0,0,0,0,0,2,0,0,0,0
433154,241,2,22,1,0,0,0,1,0,0,2,0,0,2,0
550615,242,2,61,2,0,0,0,1,0,0,12,0,0,2,1
502697,243,2,4,0,0,0,0,0,0,0,-2,1,0,0,0
609873,244,2,86,2,0,0,0,1,0,0,12,0,0,9,1
496661,245,2,0,0,0,0,0,0,0,0,0,0,0,0,0
513466,246,2,85,2,0,0,0,1,0,0,13,0,0,9,1
244860,247,2,28,1,0,0,0,0,0,0,3,0,0,3,0
486385,248,2,20,1,0,0,0,0,0,0,2,0,0,1,0
586309,249,2,69,2,0,0,0,1,0,0,6,0,0,3,1
80201,250,2,90,3,0,0,0,1,3,0,11,0,0,0,1
86873,251,2,0,0,0,0,0,0,0,0,0,0,0,0,0
505079,252,2,0,0,0,0,0,0,0,0,0,0,0,0,0
174874,253,2,90,1,0,0,0,1,0,0,4,1,0,8,1
169528,254,2,90,2,0,0,0,1,0,0,10,0,0,3,1
246301,255,2,0,0,0,0,0,0,0,0,0,0,0,0,0
167074,256,2,0,0,0,0,0,0,0,0,0,0,0,0,0
232892,257,2,90,2,0,0,0,1,0,0,13,0,0,7,1
166477,258,2,67,6,0,0,1,0,0,0,18,0,0,2,1
219924,259,2,90,2,0,0,0,5,0,0,7,0,0,12,1
153682,260,2,45,1,0,0,0,0,0,0,7,0,0,6,0
153133,261,2,90,2,0,0,0,1,0,0,20,0,0,4,1
209289,262,2,14,1,0,0,0,0,0,0,5,0,0,1,0
560552,263,2,7,1,0,0,0,0,0,0,2,0,0,0,0
477555,264,2,67,3,0,0,1,0,0,0,8,0,0,5,1
207189,265,2,82,2,0,0,0,1,0,0,14,0,0,2,1
76357,266,2,0,0,0,0,0,0,0,0,0,0,0,0,0
212314,267,2,72,1,0,0,0,4,0,0,11,1,0,11,1
577725,268,2,90,2,0,0,0,1,0,0,8,0,0,4,1
184349,269,2,22,1,0,0,0,1,0,0,3,0,0,1,0
153366,270,2,0,0,0,0,0,0,0,0,0,0,0,0,0
244042,271,2,0,0,0,0,0,0,0,0,0,0,0,0,0
631786,272,2,0,0,0,0,0,0,0,0,0,0,0,0,0
167825,273,2,0,0,0,0,0,0,0,0,0,0,0,0,0
105666,274,2,0,0,0,0,0,0,0,0,0,0,0,0,0
494950,275,2,0,0,0,0,0,0,0,0,0,0,0,0,0
444307,276,2,0,0,0,0,0,0,0,0,0,0,0,0,0
108416,277,2,90,9,0,0,1,0,0,1,25,0,0,13,1
501902,278,2,0,0,0,0,0,0,0,0,0,0,0,0,0
146426,279,2,90,6,0,0,1,0,0,0,24,0,0,7,1
193278,280,2,45,0,0,0,0,0,0,0,2,1,0,4,1
433590,281,2,45,1,0,0,0,0,0,0,4,0,0,3,0
232351,282,2,90,6,0,0,1,0,0,0,21,0,0,2,1
449428,283,2,0,0,0,0,0,0,0,0,0,0,0,0,0
661800,284,2,0,0,0,0,0,0,0,0,0,0,0,0,0
160817,285,2,0,0,0,0,0,0,0,0,0,0,0,0,0
540324,286,2,82,6,0,1,1,0,0,0,23,0,0,10,1
232905,287,2,31,6,1,0,0,0,0,0,24,0,0,1,0
171270,288,2,0,0,0,0,0,0,0,0,0,0,0,0,0
101282,289,2,0,0,0,0,0,0,0,0,0,0,0,0,0
243413,290,2,90,2,0,0,1,0,0,0,6,1,0,10,1
465525,291,2,0,0,0,0,0,0,0,0,0,0,0,0,0
208481,292,2,0,0,0,0,0,0,0,0,0,0,0,0,0
490161,293,2,0,0,0,0,0,0,0,0,0,0,0,0,0
553783,294,2,0,0,0,0,0,0,0,0,0,0,0,0,0
169432,295,2,90,1,0,0,1,0,0,0,7,1,0,4,1
213292,296,2,0,0,0,0,0,0,0,0,0,0,0,0,0
470294,297,2,0,0,0,0,0,0,0,0,0,0,0,0,0
500957,298,2,0,0,0,0,0,0,0,0,0,0,0,0,0
534392,299,2,0,0,0,0,0,0,0,0,0,0,0,0,0
108813,300,2,0,0,0,0,0,0,0,0,0,0,0,0,0
112520,301,2,0,0,0,0,0,0,0,0,0,0,0,0,0
50093,302,2,0,0,0,0,0,0,0,0,0,0,0,0,0
183015,303,2,0,0,0,0,0,0,0,0,0,0,0,0,0
216616,304,2,90,0,0,0,0,5,0,0,-14,0,0,1,1
455084,305,2,90,6,1,0,0,5,0,0,1,0,0,4,1
449429,306,2,90,-1,0,0,0,5,0,0,-13,1,0,10,1
222018,307,2,0,0,0,0,0,0,0,0,0,0,0,0,0
176420,308,2,17,1,0,0,0,1,0,0,-1,0,0,3,0
501390,309,2,61,2,0,0,0,3,0,0,6,0,0,9,1
241117,310,2,0,0,0,0,0,0,0,0,0,0,0,0,0
149929,311,2,0,0,0,0,0,0,0,0,0,0,0,0,0
231899,312,2,0,0,0,0,0,0,0,0,0,0,0,0,0
443261,313,2,0,0,0,0,0,0,0,0,0,0,0,0,0
229164,314,2,0,0,0,0,0,0,0,0,0,0,0,0,0
531442,315,2,82,4,0,1,0,5,0,0,25,1,0,4,1
543968,316,2,45,1,0,0,0,1,0,0,7,0,0,1,1
222625,317,2,0,0,0,0,0,0,0,0,0,0,0,0,0
481624,318,2,0,0,0,0,0,0,0,0,0,0,0,0,0
172453,319,2,0,0,0,0,0,0,0,0,0,0,0,0,0
147675,320,2,45,5,1,0,0,4,0,0,30,0,0,0,0
557012,321,2,0,0,0,0,0,0,0,0,0,0,0,0,0
462387,322,2,0,0,0,0,0,0,0,0,0,0,0,0,0
461587,323,2,7,1,0,0,0,0,0,0,3,0,0,1,0
232457,324,2,0,0,0,0,0,0,0,0,0,0,0,0,0
59735,325,2,0,0,0,0,0,0,0,0,0,0,0,0,0
201595,326,2,0,0,0,0,0,0,0,0,0,0,0,0,0
434752,327,2,45,1,0,0,0,1,0,0,0,0,0,5,1
222694,328,2,0,0,0,0,0,0,0,0,0,0,0,0,0
214225,329,2,33,1,0,0,0,0,0,0,4,0,0,4,1
226182,330,2,67,2,0,0,0,1,0,0,9,0,0,7,1
243526,331,2,0,0,0,0,0,0,0,0,0,0,0,0,0
220627,332,2,90,2,0,0,0,1,0,0,12,0,0,8,1
437738,333,2,0,0,0,0,0,0,0,0,0,0,0,0,0
522047,334,2,90,4,0,0,0,1,0,0,17,0,0,19,1
466525,335,2,90,4,0,0,0,1,0,0,13,0,0,16,1
435997,336,2,68,2,0,0,0,1,0,0,11,0,0,2,1
427637,337,2,45,1,0,0,0,1,0,0,6,0,0,3,1
199598,338,2,90,2,0,0,0,1,0,0,12,0,0,10,1
180135,339,2,0,0,0,0,0,0,0,0,0,0,0,0,0
462635,340,2,0,0,0,0,0,0,0,0,0,0,0,0,0
492859,341,2,0,0,0,0,0,0,0,0,0,0,0,0,0
221399,342,2,0,0,0,0,0,0,0,0,0,0,0,0,0
200617,343,2,22,1,0,0,0,0,0,0,2,0,0,2,0
486520,344,2,0,0,0,0,0,0,0,0,0,0,0,0,0
248056,345,2,45,1,0,0,0,0,0,0,6,0,0,11,0
177815,346,2,90,8,1,0,0,1,0,2,31,0,0,4,1
174594,347,2,21,4,0,1,0,0,0,0,18,0,0,1,0
235826,348,2,0,0,0,0,0,0,0,0,0,0,0,0,0
565297,349,2,0,0,0,0,0,0,0,0,0,0,0,0,0
116535,350,2,90,0,0,0,0,2,1,0,-5,1,0,0,1
449027,351,2,0,0,0,0,0,0,0,0,0,0,0,0,0
155503,352,2,0,0,0,0,0,0,0,0,0,0,0,0,0
586268,353,2,0,0,0,0,0,0,0,0,0,0,0,0,0
432987,354,2,0,0,0,0,0,0,0,0,0,0,0,0,0
464353,355,2,0,0,0,0,0,0,0,0,0,0,0,0,0
97032,356,2,90,1,0,0,0,2,0,0,5,0,0,7,1
216094,357,2,70,1,0,0,0,2,0,0,9,0,0,6,1
544877,358,2,70,1,0,0,0,2,0,0,9,0,0,8,1
171287,359,2,0,0,0,0,0,0,0,0,0,0,0,0,0
492777,360,2,0,0,0,0,0,0,0,0,0,0,0,0,0
519440,361,2,0,0,0,0,0,0,0,0,0,0,0,0,0
606702,362,2,76,3,0,0,0,2,0,0,13,0,0,11,1
647681,363,2,0,0,0,0,0,0,0,0,0,0,0,0,0
214285,364,2,19,1,0,0,0,0,0,0,4,0,0,0,0
489580,365,2,0,0,0,0,0,0,0,0,0,0,0,0,0
494595,366,2,90,4,0,1,0,2,0,0,23,1,0,10,1
243298,367,2,70,5,0,1,0,2,0,0,21,0,0,3,1
424876,368,2,90,4,0,0,0,2,0,0,24,0,0,13,1
611922,369,2,19,1,0,0,0,0,0,0,5,0,0,0,0
223541,370,2,0,0,0,0,0,0,0,0,0,0,0,0,0
441266,371,2,19,1,0,0,0,0,0,0,7,0,0,1,0
243016,372,2,76,2,0,0,0,2,0,0,10,0,0,10,1
206915,373,2,0,0,0,0,0,0,0,0,0,0,0,0,0
158983,374,2,0,0,0,0,0,0,0,0,0,0,0,0,0
591386,375,2,13,1,0,0,0,0,0,0,3,0,0,5,0
535928,376,2,0,0,0,0,0,0,0,0,0,0,0,0,0
551499,377,2,90,6,1,0,0,2,0,0,24,1,0,7,1
491501,378,2,0,0,0,0,0,0,0,0,0,0,0,0,0
219168,379,2,90,8,1,0,0,2,0,2,30,0,0,1,1
510663,380,2,0,0,0,0,0,0,0,0,0,0,0,0,0
514514,381,2,0,0,0,0,0,0,0,0,0,0,0,0,0
500058,382,2,0,0,0,0,0,0,0,0,0,0,0,0,0
444884,383,2,0,0,0,0,0,0,0,0,0,0,0,0,0
204936,384,2,90,0,0,0,0,1,1,0,5,0,0,0,1
432720,385,2,90,3,0,0,0,1,4,0,20,0,0,0,1
122074,386,2,0,0,0,0,0,0,0,0,0,0,0,0,0
472769,387,2,88,2,0,0,0,1,0,0,11,0,0,1,1
209036,388,2,90,2,0,0,0,1,0,0,12,0,0,5,1
465351,389,2,0,0,0,0,0,0,0,0,0,0,0,0,0
171314,390,2,90,2,0,0,0,1,0,0,19,0,0,6,1
477424,391,2,74,5,0,1,0,1,0,0,18,0,0,2,1
448514,392,2,0,0,0,0,0,0,0,0,0,0,0,0,0
578153,393,2,88,2,0,0,0,1,0,0,17,0,0,7,1
494307,394,2,0,0,0,0,0,0,0,0,0,0,0,0,0
477064,395,2,0,0,0,0,0,0,0,0,0,0,0,0,0
616222,396,2,1,1,0,0,0,0,0,0,3,0,0,0,0
437730,397,2,90,5,0,1,0,1,0,0,33,0,0,3,1
209244,398,2,90,9,0,2,0,1,0,1,38,0,0,7,1
466052,399,2,81,14,2,0,0,1,0,3,60,1,0,3,1
248875,400,2,0,0,0,0,0,0,0,0,0,0,0,0,0
438234,401,2,90,2,0,0,0,2,0,0,14,0,0,4,1
220566,402,2,0,0,0,0,0,0,0,0,0,0,0,0,0
510281,403,2,0,0,0,0,0,0,0,0,0,0,0,0,0
433036,404,2,0,0,0,0,0,0,0,0,0,0,0,0,0
465694,405,2,70,2,0,0,1,0,0,0,9,1,0,4,1
91651,406,2,15,1,0,0,0,0,0,0,9,0,0,0,0
575204,407,2,0,0,0,0,0,0,0,0,0,0,0,0,0
155405,408,2,0,0,0,0,0,0,0,0,0,0,0,0,0
590039,409,2,0,0,0,0,0,0,0,0,0,0,0,0,0
649208,410,2,0,0,0,0,0,0,0,0,0,0,0,0,0
223094,411,2,90,13,2,0,0,1,0,3,60,0,0,5,1
465247,412,2,90,2,0,0,0,2,3,0,11,0,0,0,1
451302,413,2,0,0,0,0,0,0,0,0,0,0,0,0,0
21205,414,2,0,0,0,0,0,0,0,0,0,0,0,0,0
596777,415,2,10,1,0,0,0,1,0,0,4,0,0,2,0
209365,416,2,0,0,0,0,0,0,0,0,0,0,0,0,0
216051,417,2,73,2,0,0,0,1,0,0,12,0,0,4,1
95658,418,2,90,4,0,1,0,2,0,0,13,0,0,5,1
221820,419,2,90,1,0,0,0,2,0,0,2,0,0,0,1
550864,420,2,16,1,0,0,0,1,0,0,-2,0,0,2,0
606745,421,2,0,0,0,0,0,0,0,0,0,0,0,0,0
230001,422,2,17,1,0,0,0,1,0,0,-1,0,0,0,0
106760,423,2,72,2,0,0,0,1,0,0,12,0,0,8,1
577974,424,2,0,0,0,0,0,0,0,0,0,0,0,0,0
547676,425,2,0,0,0,0,0,0,0,0,0,0,0,0,0
141746,426,2,90,23,3,1,0,2,0,3,87,0,0,8,1
446008,427,2,90,11,1,1,0,2,0,2,37,1,0,5,1
430871,428,2,79,9,0,2,0,1,0,1,31,0,0,2,1
176297,429,2,79,2,0,0,0,1,0,0,17,0,0,6,1
184341,430,2,0,0,0,0,0,0,0,0,0,0,0,0,0
493250,431,2,0,0,0,0,0,0,0,0,0,0,0,0,0
516895,432,2,79,4,0,0,0,1,0,0,25,0,0,15,1
232112,433,2,0,0,0,0,0,0,0,0,0,0,0,0,0
547037,434,2,0,0,0,0,0,0,0,0,0,0,0,0,0
576628,435,2,0,0,0,0,0,0,0,0,0,0,0,0,0
490881,436,2,0,0,0,0,0,0,0,0,0,0,0,0,0
576620,437,2,0,0,0,0,0,0,0,0,0,0,0,0,0
519913,438,2,0,0,0,0,0,0,0,0,0,0,0,0,0
485711,439,2,10,1,0,0,0,1,0,0,5,0,0,3,0
458249,440,2,0,0,0,0,0,0,0,0,0,0,0,0,0
596047,441,2,0,0,0,0,0,0,0,0,0,0,0,0,0
98747,442,2,0,0,0,0,0,0,0,0,0,0,0,0,0
81441,443,2,0,0,0,0,0,0,0,0,0,0,0,0,0
554578,444,2,0,0,0,0,0,0,0,0,0,0,0,0,0
465642,445,2,90,6,0,0,1,0,0,0,25,0,0,3,1
119471,446,2,0,0,0,0,0,0,0,0,0,0,0,0,0
220237,447,2,90,5,0,0,1,0,0,0,22,1,0,5,1
78916,448,2,0,0,0,0,0,0,0,0,0,0,0,0,0
487838,449,2,90,11,0,0,1,0,0,3,52,0,0,13,1
441191,450,2,0,0,0,0,0,0,0,0,0,0,0,0,0
545477,451,2,0,0,0,0,0,0,0,0,0,0,0,0,0
208706,452,2,19,1,0,0,0,0,0,0,4,0,0,3,0
201666,453,2,90,3,0,0,1,0,0,0,9,0,0,4,1
449434,454,2,81,8,1,0,1,0,0,0,32,0,0,3,1
432422,455,2,74,2,0,0,0,2,0,0,16,0,0,4,1
232653,456,2,8,1,0,0,0,0,0,0,3,0,0,1,0
114243,457,2,8,1,0,0,0,0,0,0,3,0,0,3,0
180974,458,2,0,0,0,0,0,0,0,0,0,0,0,0,0
547719,459,2,90,3,0,0,1,0,0,0,16,0,0,9,1
200089,460,2,70,3,0,0,1,0,0,0,0,0,0,2,1
611665,461,2,1,1,0,0,0,0,0,0,3,0,0,0,0
636852,462,2,19,1,0,0,0,0,0,0,4,0,0,3,0
470313,463,2,19,4,0,1,0,0,0,0,18,0,0,0,0
216646,464,2,81,8,1,0,1,0,0,2,37,0,0,6,1
538207,465,2,0,0,0,0,0,0,0,0,0,0,0,0,0
599303,466,2,0,0,0,0,0,0,0,0,0,0,0,0,0
85633,467,2,90,1,0,0,0,2,2,0,6,0,0,0,1
221389,468,2,0,0,0,0,0,0,0,0,0,0,0,0,0
215136,469,2,90,6,0,1,0,2,0,0,16,0,0,12,1
485047,470,2,0,0,0,0,0,0,0,0,0,0,0,0,0
227444,471,2,90,3,0,0,0,2,0,0,3,0,0,13,1
575476,472,2,90,1,0,0,0,2,0,0,2,0,0,6,1
159506,473,2,85,0,0,0,0,2,0,0,2,1,0,5,1
575458,474,2,90,1,0,0,0,2,0,0,6,0,0,8,1
500151,475,2,0,0,0,0,0,0,0,0,0,0,0,0,0
204822,476,2,0,0,0,0,0,0,0,0,0,0,0,0,0
549067,477,2,0,0,0,0,0,0,0,0,0,0,0,0,0
470315,478,2,4,1,0,0,0,0,0,0,5,0,0,1,0
538638,479,2,0,0,0,0,0,0,0,0,0,0,0,0,0
222531,480,2,90,13,1,1,0,2,0,3,36,0,0,5,1
215379,481,2,81,3,0,0,0,1,0,0,25,1,0,14,1
209046,482,2,1,1,0,0,0,0,0,0,2,0,0,0,0
456512,483,2,65,9,1,0,0,1,0,2,30,0,0,9,1
503301,484,2,0,0,0,0,0,0,0,0,0,0,0,0,0
476887,485,2,0,0,0,0,0,0,0,0,0,0,0,0,0
432714,486,2,90,2,0,0,0,2,0,0,16,0,0,8,1
250199,487,2,1,1,0,0,0,0,0,0,3,0,0,0,0
210462,488,2,0,0,0,0,0,0,0,0,0,0,0,0,0
204968,489,2,0,0,0,0,0,0,0,0,0,0,0,0,0
60689,490,2,0,0,0,0,0,0,0,0,0,0,0,0,0
482973,491,2,90,1,0,0,0,2,0,0,4,1,0,5,1
210156,492,2,90,2,0,0,0,1,0,0,6,0,0,3,1
465680,493,2,0,0,0,0,0,0,0,0,0,0,0,0,0
184254,494,2,0,0,0,0,0,0,0,0,0,0,0,0,0
214572,495,2,0,0,0,0,0,0,0,0,0,0,0,0,0
485055,496,2,90,1,0,0,0,2,0,0,4,0,0,0,1
67089,497,2,0,0,0,0,0,0,0,0,0,0,0,0,0
221466,498,2,0,0,0,0,0,0,0,0,0,0,0,0,0
441164,499,2,90,1,0,0,0,2,0,0,1,0,0,4,1
221632,500,2,0,0,0,0,0,0,0,0,0,0,0,0,0
135720,501,2,0,0,0,0,0,0,0,0,0,0,0,0,0
122798,502,2,67,2,0,0,0,1,0,0,7,0,0,3,1
491279,503,2,90,0,0,0,0,2,0,0,5,1,0,8,1
610799,504,2,90,0,0,0,0,4,0,0,-2,0,0,8,1
232859,505,2,0,0,0,0,0,0,0,0,0,0,0,0,0
487053,506,2,22,1,0,0,0,1,0,0,2,0,0,1,0
548308,507,2,0,0,0,0,0,0,0,0,0,0,0,0,0
115556,508,2,0,0,0,0,0,0,0,0,0,0,0,0,0
640419,509,2,0,0,0,0,0,0,0,0,0,0,0,0,0
499716,510,2,0,0,0,0,0,0,0,0,0,0,0,0,0
616221,511,2,0,0,0,0,0,0,0,0,0,0,0,0,0
460842,512,2,22,1,0,0,0,1,0,0,4,0,0,2,0
493362,513,2,0,0,0,0,0,0,0,0,0,0,0,0,0
511499,514,2,67,2,0,0,0,1,0,0,10,0,0,3,1
172780,515,2,0,0,0,0,0,0,0,0,0,0,0,0,0
202993,516,2,90,2,0,0,0,2,0,0,17,0,0,11,1
550839,517,2,0,0,0,0,0,0,0,0,0,0,0,0,0
482442,518,2,0,0,0,0,0,0,0,0,0,0,0,0,0
232787,519,2,0,0,0,0,0,0,0,0,0,0,0,0,0
570526,520,2,0,0,0,0,0,0,0,0,0,0,0,0,0
445044,521,2,0,0,0,0,0,0,0,0,0,0,0,0,0
547701,522,2,67,2,0,0,0,1,0,0,9,0,0,6,1
499721,523,2,22,1,0,0,0,1,0,0,1,0,0,1,0
499726,524,2,0,0,0,0,0,0,0,0,0,0,0,0,0
551226,525,2,90,2,0,0,0,2,0,0,18,0,0,8,1
154566,526,2,15,1,0,0,0,0,0,0,6,0,0,0,0
212319,527,2,0,0,0,0,0,0,0,0,0,0,0,0,0
490145,528,2,0,0,0,0,0,0,0,0,0,0,0,0,0
498016,529,2,90,6,0,0,1,0,0,0,22,0,0,0,1
232571,530,2,0,0,0,0,0,0,0,0,0,0,0,0,0
515046,531,2,0,0,0,0,0,0,0,0,0,0,0,0,0
223827,532,2,90,8,0,0,1,0,0,0,27,0,0,10,1
200834,533,2,90,9,0,0,1,0,0,1,28,0,0,19,1
487676,534,2,90,6,0,0,1,0,0,0,24,0,0,6,1
201895,535,2,0,0,0,0,0,0,0,0,0,0,0,0,0
434399,536,2,90,6,0,0,1,0,0,0,26,0,0,7,1
519634,537,2,0,0,0,0,0,0,0,0,0,0,0,0,0
477547,538,2,0,0,0,0,0,0,0,0,0,0,0,0,0
167512,539,2,0,0,0,0,0,0,0,0,0,0,0,0,0
105717,540,2,0,0,0,0,0,0,0,0,0,0,0,0,0
93605,541,2,90,6,0,0,1,0,0,0,27,0,0,8,1
484420,542,2,89,3,0,0,1,0,0,0,13,0,0,6,1
547027,543,2,18,4,0,1,0,0,0,0,15,0,0,0,0
84450,544,2,90,6,0,0,1,0,0,3,29,0,0,7,1
577669,545,2,90,3,0,0,1,0,0,0,21,0,0,11,1
535818,546,2,0,0,0,0,0,0,0,0,0,0,0,0,0
461199,547,2,1,1,0,0,0,0,0,0,2,0,0,1,0
554197,548,2,7,1,0,0,0,0,0,0,3,0,0,0,0
549912,549,2,0,0,0,0,0,0,0,0,0,0,0,0,0
699989,550,2,0,0,0,0,0,0,0,0,0,0,0,0,0
536661,551,2,64,3,0,0,1,0,0,0,13,0,0,5,1
441264,552,2,63,2,0,0,1,0,0,0,5,0,0,4,1
437505,553,2,26,8,1,0,0,0,0,3,29,0,0,0,0
546600,554,2,0,0,0,0,0,0,0,0,0,0,0,0,0
169593,555,2,0,0,0,0,0,0,0,0,0,0,0,0,0
169359,556,2,0,0,0,0,0,0,0,0,0,0,0,0,0
439509,557,2,45,0,0,0,0,0,0,0,1,1,0,3,1
204561,558,2,90,4,0,0,0,2,0,0,15,0,0,15,1
632794,559,2,0,0,0,0,0,0,0,0,0,0,0,0,0
549939,560,2,0,0,0,0,0,0,0,0,0,0,0,0,0
622758,561,2,0,0,0,0,0,0,0,0,0,0,0,0,0
442967,562,2,72,2,0,0,0,4,0,0,10,0,0,5,1
445028,563,2,45,1,0,0,0,0,0,0,6,0,0,3,1
240514,564,2,90,2,0,0,0,5,6,0,9,0,0,0,1
513545,565,2,90,4,0,0,0,1,0,0,16,0,0,14,1
483067,566,2,90,4,0,0,0,1,0,0,11,0,0,10,1
470551,567,2,90,7,0,0,1,0,4,0,32,0,0,0,1
543158,568,2,8,1,0,0,0,1,0,0,1,0,0,1,0
551466,569,2,90,2,0,0,0,1,0,0,2,0,0,4,1
571779,570,2,75,1,0,0,0,1,0,0,6,1,0,9,1
216055,571,2,0,0,0,0,0,0,0,0,0,0,0,0,0
473284,572,2,90,10,0,0,1,0,3,3,32,0,0,0,1
494928,573,2,0,0,0,0,0,0,0,0,0,0,0,0,0
552946,574,2,0,0,0,0,0,0,0,0,0,0,0,0,0
661888,575,2,70,3,0,0,1,0,0,0,17,0,0,7,1
608227,576,2,58,0,0,0,0,0,0,0,-2,1,0,7,1
223723,577,2,73,1,0,0,0,3,0,0,-3,0,0,8,1
465920,578,2,0,0,0,0,0,0,0,0,0,0,0,0,0
445087,579,2,13,0,0,0,0,0,0,0,-1,1,0,1,0
463210,580,2,22,1,0,0,0,1,0,0,2,0,0,2,0
568420,581,2,0,0,0,0,0,0,0,0,0,0,0,0,0
690838,582,2,0,0,0,0,0,0,0,0,0,0,0,0,0
498444,583,2,18,1,0,0,0,1,0,0,1,0,0,3,0
196100,584,2,19,1,0,0,0,1,0,0,2,0,0,0,0
597462,585,2,31,1,0,0,0,0,0,0,3,0,0,1,0
606930,586,2,58,1,0,0,0,0,0,0,9,0,0,9,1
106921,587,2,0,0,0,0,0,0,0,0,0,0,0,0,0
570794,588,2,74,2,0,0,0,3,0,0,9,1,0,14,1
469266,589,2,45,1,0,0,0,0,0,0,6,0,0,6,0
428971,590,2,0,0,0,0,0,0,0,0,0,0,0,0,0
474120,591,2,90,5,0,1,0,5,0,0,25,0,0,8,1
572584,592,2,17,1,0,0,0,1,0,0,-1,0,0,0,0
463726,593,2,90,11,0,1,1,0,0,2,37,0,0,8,1
538007,594,2,10,1,0,0,0,0,0,0,3,0,0,0,0
559152,595,2,22,1,0,0,0,1,0,0,3,0,0,1,0
487992,596,2,0,0,0,0,0,0,0,0,0,0,0,0,0
433969,597,2,90,2,0,0,0,1,1,0,8,0,0,0,1
173774,598,2,56,1,0,0,0,1,0,0,9,0,0,6,0
627221,599,2,0,0,0,0,0,0,0,0,0,0,0,0,0
612855,600,2,16,1,0,0,0,1,0,0,6,0,0,1,0
611917,601,2,0,0,0,0,0,0,0,0,0,0,0,0,0
524180,602,2,0,0,0,0,0,0,0,0,0,0,0,0,0
643970,603,2,0,0,0,0,0,0,0,0,0,0,0,0,0
592740,604,2,0,0,0,0,0,0,0,0,0,0,0,0,0
611695,605,2,73,8,1,0,0,3,0,1,39,0,0,7,1
569577,606,2,0,0,0,0,0,0,0,0,0,0,0,0,0
571380,607,2,0,0,0,0,0,0,0,0,0,0,0,0,0
523700,608,2,0,0,0,0,0,0,0,0,0,0,0,0,0
553746,609,2,0,0,0,0,0,0,0,0,0,0,0,0,0
547686,610,2,0,0,0,0,0,0,0,0,0,0,0,0,0
214590,611,2,12,1,0,0,0,0,0,0,4,0,0,2,0
638411,612,2,0,0,0,0,0,0,0,0,0,0,0,0,0
696104,613,2,0,0,0,0,0,0,0,0,0,0,0,0,0
512123,614,2,0,0,0,0,0,0,0,0,0,0,0,0,0
230650,615,2,0,0,0,0,0,0,0,0,0,0,0,0,0
637238,616,2,8,1,0,0,0,0,0,0,3,0,0,1,0
490884,617,2,7,1,0,0,0,0,0,0,3,0,0,0,0
119090,618,2,0,0,0,0,0,0,0,0,0,0,0,0,0
218543,619,2,28,1,0,0,0,2,0,0,11,0,0,6,0
613804,620,2,0,0,0,0,0,0,0,0,0,0,0,0,0
616288,621,2,8,1,0,0,0,0,0,0,3,0,0,0,0
554054,622,2,1,1,0,0,0,0,0,0,3,0,0,0,0
79602,623,2,0,0,0,0,0,0,0,0,0,0,0,0,0
519324,624,2,0,0,0,0,0,0,0,0,0,0,0,0,0
97846,625,2,0,0,0,0,0,0,0,0,0,0,0,0,0
616069,626,2,0,0,0,0,0,0,0,0,0,0,0,0,0
154561,1,3,90,3,0,0,0,1,4,0,15,0,0,0,1
109745,2,3,0,0,0,0,0,0,0,0,0,0,0,0,0
437495,3,3,0,0,0,0,0,0,0,0,0,0,0,0,0
226597,4,3,90,2,0,0,0,1,0,0,10,0,0,7,1
445122,5,3,0,0,0,0,0,0,0,0,0,0,0,0,0
462424,6,3,0,0,0,0,0,0,0,0,0,0,0,0,0
499169,7,3,66,2,0,0,0,1,0,0,5,0,0,2,1
466075,8,3,66,2,0,0,0,1,0,0,0,0,0,1,1
448104,9,3,23,1,0,0,0,0,0,0,3,0,0,3,0
198869,10,3,90,2,0,0,0,1,0,0,11,0,0,6,1
500040,11,3,0,0,0,0,0,0,0,0,0,0,0,0,0
223340,12,3,89,2,0,0,0,1,0,0,13,0,0,4,1
204480,13,3,90,5,0,1,0,1,0,0,22,0,0,6,1
232413,14,3,0,0,0,0,0,0,0,0,0,0,0,0,0
184029,15,3,76,10,1,0,0,1,0,3,47,0,0,3,1
248857,16,3,1,1,0,0,0,0,0,0,3,0,0,1,0
195384,17,3,13,0,0,0,0,0,0,0,0,1,0,0,0
444145,18,3,0,0,0,0,0,0,0,0,0,0,0,0,0
481655,19,3,23,1,0,0,0,0,0,0,1,0,0,4,0
616077,20,3,0,0,0,0,0,0,0,0,0,0,0,0,0
128295,21,3,0,0,0,0,0,0,0,0,0,0,0,0,0
499175,22,3,0,0,0,0,0,0,0,0,0,0,0,0,0
438098,23,3,0,0,0,0,0,0,0,0,0,0,0,0,0
200641,24,3,0,0,0,0,0,0,0,0,0,0,0,0,0
224117,25,3,12,1,0,0,0,0,0,0,2,0,0,1,0
219847,26,3,77,8,1,0,0,1,0,2,38,0,0,1,1
205651,27,3,0,0,0,0,0,0,0,0,0,0,0,0,0
98980,28,3,90,3,0,0,0,2,8,0,26,0,0,0,1
72147,29,3,0,0,0,0,0,0,0,0,0,0,0,0,0
101188,30,3,0,0,0,0,0,0,0,0,0,0,0,0,0
199798,31,3,90,4,0,0,0,1,0,0,15,0,0,10,1
199796,32,3,84,6,0,0,1,0,0,0,23,0,0,1,1
149484,33,3,90,6,0,0,1,0,0,0,28,0,0,5,1
244954,34,3,0,0,0,0,0,0,0,0,0,0,0,0,0
515597,35,3,0,0,0,0,0,0,0,0,0,0,0,0,0
441302,36,3,74,7,0,0,1,0,0,1,29,0,0,3,1
184667,37,3,90,6,0,0,1,0,0,0,28,0,0,4,1
606798,38,3,0,0,0,0,0,0,0,0,0,0,0,0,0
578545,39,3,0,0,0,0,0,0,0,0,0,0,0,0,0
244850,40,3,86,6,1,0,0,2,0,0,22,1,0,5,1
195546,41,3,74,3,0,0,1,0,0,0,2,0,0,2,1
485337,42,3,0,0,0,0,0,0,0,0,0,0,0,0,0
166989,43,3,90,2,0,0,0,2,0,0,17,0,0,7,1
215711,44,3,0,0,0,0,0,0,0,0,0,0,0,0,0
122806,45,3,90,3,0,0,1,0,0,0,6,0,0,5,1
88894,46,3,90,3,0,0,1,0,0,0,15,0,0,6,1
226944,47,3,90,3,0,0,1,0,0,0,20,0,0,10,1
449871,48,3,0,0,0,0,0,0,0,0,0,0,0,0,0
469247,49,3,0,0,0,0,0,0,0,0,0,0,0,0,0
645618,50,3,0,0,0,0,0,0,0,0,0,0,0,0,0
577285,51,3,74,3,0,0,1,0,0,0,12,0,0,7,1
653481,52,3,15,1,0,0,0,0,0,0,3,0,0,1,0
614071,53,3,0,0,0,0,0,0,0,0,0,0,0,0,0
448089,54,3,0,0,0,0,0,0,0,0,0,0,0,0,0
178301,55,3,0,0,0,0,0,0,0,0,0,0,0,0,0
173879,56,3,5,1,0,0,0,0,0,0,3,0,0,1,0
457569,57,3,90,1,0,0,0,2,0,0,0,0,0,0,1
40383,58,3,0,0,0,0,0,0,0,0,0,0,0,0,0
444172,59,3,0,0,0,0,0,0,0,0,0,0,0,0,0
463981,60,3,90,1,0,0,0,2,0,0,4,0,0,6,1
494521,61,3,90,0,0,0,0,2,0,0,-3,1,0,6,1
242882,62,3,0,0,0,0,0,0,0,0,0,0,0,0,0
620487,63,3,0,0,0,0,0,0,0,0,0,0,0,0,0
54469,64,3,90,0,0,0,0,2,0,0,3,1,0,4,1
436893,65,3,0,0,0,0,0,0,0,0,0,0,0,0,0
575901,66,3,0,0,0,0,0,0,0,0,0,0,0,0,0
499604,67,3,88,2,0,0,0,2,0,0,8,0,0,2,1
201658,68,3,88,10,1,0,0,2,0,3,43,0,0,9,1
503139,69,3,90,10,0,2,0,2,0,2,37,0,0,11,1
222683,70,3,75,1,0,0,0,1,0,0,6,1,0,4,1
155408,71,3,14,1,0,0,0,1,0,0,2,0,0,1,0
496208,72,3,1,1,0,0,0,0,0,0,3,0,0,2,0
200785,73,3,75,4,0,0,0,1,0,0,15,0,0,12,1
111317,74,3,14,1,0,0,0,1,0,0,2,0,0,0,0
158499,75,3,1,1,0,0,0,0,0,0,3,0,0,0,0
614574,76,3,0,0,0,0,0,0,0,0,0,0,0,0,0
489888,77,3,0,0,0,0,0,0,0,0,0,0,0,0,0
560262,78,3,0,0,0,0,0,0,0,0,0,0,0,0,0
444102,79,3,90,2,0,0,0,2,0,0,4,0,0,7,1
168636,80,3,0,0,0,0,0,0,0,0,0,0,0,0,0
561245,81,3,0,0,0,0,0,0,0,0,0,0,0,0,0
200720,82,3,90,2,0,0,0,1,2,0,10,0,0,0,1
507433,83,3,0,0,0,0,0,0,0,0,0,0,0,0,0
432830,84,3,16,1,0,0,0,0,0,0,4,0,0,1,1
444765,85,3,0,0,0,0,0,0,0,0,0,0,0,0,0
249231,86,3,90,2,0,0,0,1,0,0,4,0,0,6,1
191866,87,3,90,2,0,0,0,1,0,0,8,0,0,5,1
607464,88,3,45,1,0,0,0,0,0,0,2,0,0,5,1
194010,89,3,0,0,0,0,0,0,0,0,0,0,0,0,0
472713,90,3,45,1,0,0,0,1,0,0,0,0,0,5,0
231065,91,3,90,3,0,0,0,1,0,0,3,1,0,13,1
570241,92,3,0,0,0,0,0,0,0,0,0,0,0,0,0
513086,93,3,73,4,0,0,0,1,0,0,11,0,0,10,0
513418,94,3,90,2,0,0,0,1,0,0,11,0,0,5,1
533463,95,3,45,1,0,0,0,0,0,0,6,0,0,11,1
440089,96,3,85,8,0,1,0,1,0,3,30,0,0,4,1
207283,97,3,0,0,0,0,0,0,0,0,0,0,0,0,0
204580,98,3,90,11,1,0,0,1,0,3,30,1,0,12,1
543295,99,3,0,0,0,0,0,0,0,0,0,0,0,0,0
244858,100,3,0,0,0,0,0,0,0,0,0,0,0,0,0
56979,101,3,0,0,0,0,0,0,0,0,0,0,0,0,0
508395,102,3,45,0,0,0,0,1,0,0,1,1,0,5,0
183656,103,3,0,0,0,0,0,0,0,0,0,0,0,0,0
428580,104,3,62,2,0,0,0,1,0,0,5,0,0,3,1
444180,105,3,45,1,0,0,0,1,0,0,3,0,0,4,0
502500,106,3,90,2,0,0,0,1,0,0,9,0,0,6,1
593174,107,3,0,0,0,0,0,0,0,0,0,0,0,0,0
75115,108,3,4,1,0,0,0,0,0,0,2,0,0,1,0
489639,109,3,90,3,0,0,0,1,3,0,17,0,0,0,1
472739,110,3,90,2,0,0,0,1,2,0,13,0,0,0,1
49262,111,3,0,0,0,0,0,0,0,0,0,0,0,0,0
469142,112,3,90,8,0,0,1,0,0,2,29,0,0,4,1
231416,113,3,77,2,0,0,0,1,0,0,8,0,0,5,1
204120,114,3,90,2,0,0,0,1,0,0,17,0,0,4,1
465730,115,3,76,4,0,1,0,1,0,0,17,1,0,2,1
83299,116,3,90,5,0,0,0,1,0,1,20,0,0,12,1
550090,117,3,0,0,0,0,0,0,0,0,0,0,0,0,0
223434,118,3,0,0,0,0,0,0,0,0,0,0,0,0,0
451490,119,3,12,1,0,0,0,0,0,0,7,0,0,1,0
454490,120,3,0,0,0,0,0,0,0,0,0,0,0,0,0
451340,121,3,0,0,0,0,0,0,0,0,0,0,0,0,0
592031,122,3,0,0,0,0,0,0,0,0,0,0,0,0,0
532529,123,3,0,0,0,0,0,0,0,0,0,0,0,0,0
60307,124,3,90,1,0,0,0,1,0,0,-1,1,0,4,1
463067,125,3,0,0,0,0,0,0,0,0,0,0,0,0,0
219249,126,3,0,0,0,0,0,0,0,0,0,0,0,0,0
514254,127,3,90,2,0,0,0,1,0,0,13,0,0,9,1
536916,128,3,0,0,0,0,0,0,0,0,0,0,0,0,0
509416,129,3,90,2,0,0,0,1,0,0,18,0,0,3,1
467779,130,3,0,0,0,0,0,0,0,0,0,0,0,0,0
535301,131,3,0,0,0,0,0,0,0,0,0,0,0,0,0
597320,132,3,0,0,0,0,0,0,0,0,0,0,0,0,0
549074,133,3,0,0,0,0,0,0,0,0,0,0,0,0,0
556637,134,3,0,0,0,0,0,0,0,0,0,0,0,0,0
700308,135,3,0,0,0,0,0,0,0,0,0,0,0,0,0
50175,136,3,3,1,0,0,0,0,0,0,3,0,0,0,0
608181,137,3,0,0,0,0,0,0,0,0,0,0,0,0,0
647850,138,3,90,2,0,0,0,1,0,0,9,0,0,8,1
487117,139,3,0,0,0,0,0,0,0,0,0,0,0,0,0
215059,140,3,0,0,0,0,0,0,0,0,0,0,0,0,0
508479,141,3,0,0,0,0,0,0,0,0,0,0,0,0,0
225796,142,3,90,1,0,0,0,2,0,0,9,0,0,3,1
180736,143,3,0,0,0,0,0,0,0,0,0,0,0,0,0
482609,144,3,30,1,0,0,0,0,0,0,4,0,0,2,0
444463,145,3,90,3,0,0,0,2,0,0,16,0,0,17,1
242880,146,3,0,0,0,0,0,0,0,0,0,0,0,0,0
109646,147,3,0,0,0,0,0,0,0,0,0,0,0,0,0
551210,148,3,59,3,0,1,0,2,0,0,5,0,0,6,1
460028,149,3,0,0,0,0,0,0,0,0,0,0,0,0,0
574458,150,3,0,0,0,0,0,0,0,0,0,0,0,0,0
577016,151,3,90,1,0,0,0,2,0,0,-3,0,0,1,1
620109,152,3,0,0,0,0,0,0,0,0,0,0,0,0,0
220362,153,3,90,3,0,0,0,2,0,0,14,0,0,13,1
244851,154,3,90,1,0,0,0,2,0,0,11,1,0,3,1
448047,155,3,75,3,0,0,1,0,0,0,17,0,0,3,1
247632,156,3,80,2,0,0,0,2,0,0,10,0,0,7,1
624773,157,3,9,1,0,0,0,0,0,0,5,0,0,0,0
463936,158,3,0,0,0,0,0,0,0,0,0,0,0,0,0
486672,159,3,0,0,0,0,0,0,0,0,0,0,0,0,0
493105,160,3,15,1,0,0,0,0,0,0,4,0,0,0,0
514356,161,3,59,1,0,0,0,2,0,0,7,0,0,6,1
532605,162,3,6,1,0,0,0,1,0,0,4,0,0,4,0
491007,163,3,0,0,0,0,0,0,0,0,0,0,0,0,0
593117,164,3,0,0,0,0,0,0,0,0,0,0,0,0,0
475168,165,3,90,1,0,0,0,2,0,0,8,1,0,1,1
517052,166,3,84,2,0,0,1,0,0,0,10,0,0,2,1
463034,167,3,73,2,0,0,1,0,0,0,6,0,0,5,1
499309,168,3,0,0,0,0,0,0,0,0,0,0,0,0,0
567119,169,3,0,0,0,0,0,0,0,0,0,0,0,0,0
503037,170,3,0,0,0,0,0,0,0,0,0,0,0,0,0
484389,171,3,0,0,0,0,0,0,0,0,0,0,0,0,0
110690,172,3,0,0,0,0,0,0,0,0,0,0,0,0,0
461102,173,3,90,4,0,0,0,1,0,0,19,0,0,12,1
436761,174,3,0,0,0,0,0,0,0,0,0,0,0,0,0
451284,175,3,90,3,0,0,0,1,0,0,5,1,0,11,1
173878,176,3,84,2,0,0,0,1,0,0,10,0,0,7,1
465390,177,3,0,0,0,0,0,0,0,0,0,0,0,0,0
80178,178,3,0,0,0,0,0,0,0,0,0,0,0,0,0
204813,179,3,0,0,0,0,0,0,0,0,0,0,0,0,0
220583,180,3,0,0,0,0,0,0,0,0,0,0,0,0,0
577411,181,3,0,0,0,0,0,0,0,0,0,0,0,0,0
539142,182,3,90,2,0,0,0,1,0,0,4,0,0,3,1
480457,183,3,62,2,0,0,0,1,0,0,9,0,0,5,1
168144,184,3,90,2,0,0,0,1,0,0,8,0,0,8,1
501459,185,3,0,0,0,0,0,0,0,0,0,0,0,0,0
241293,186,3,70,2,0,0,0,1,0,0,4,0,0,5,1
439668,187,3,0,0,0,0,0,0,0,0,0,0,0,0,0
226965,188,3,0,0,0,0,0,0,0,0,0,0,0,0,0
684268,189,3,0,0,0,0,0,0,0,0,0,0,0,0,0
469272,190,3,27,1,0,0,0,0,0,0,9,0,0,1,0
492498,191,3,0,0,0,0,0,0,0,0,0,0,0,0,0
629397,192,3,0,0,0,0,0,0,0,0,0,0,0,0,0
176412,193,3,0,0,0,0,0,0,0,0,0,0,0,0,0
230730,194,3,19,1,0,0,0,0,0,0,6,0,0,3,0
218997,195,3,19,1,0,0,0,0,0,0,3,0,0,0,0
551262,196,3,0,0,0,0,0,0,0,0,0,0,0,0,0
549653,197,3,0,0,0,0,0,0,0,0,0,0,0,0,0
172649,198,3,90,2,0,0,0,2,5,0,19,0,0,0,1
121709,199,3,0,0,0,0,0,0,0,0,0,0,0,0,0
437499,200,3,90,2,0,0,0,2,0,0,3,1,0,11,1
247348,201,3,31,1,0,0,0,0,0,0,5,0,0,1,0
427623,202,3,90,1,0,0,0,2,0,0,8,0,0,9,1
651426,203,3,90,1,0,0,0,2,0,0,4,0,0,9,1
244723,204,3,73,15,2,0,0,2,0,2,31,0,0,6,1
218364,205,3,0,0,0,0,0,0,0,0,0,0,0,0,0
515621,206,3,0,0,0,0,0,0,0,0,0,0,0,0,0
242313,207,3,1,1,0,0,0,0,0,0,4,0,0,1,0
232185,208,3,0,0,0,0,0,0,0,0,0,0,0,0,0
242898,209,3,65,1,0,0,0,1,0,0,3,1,0,8,1
496221,210,3,90,2,0,0,0,2,0,0,10,0,0,8,1
488024,211,3,88,5,0,1,0,2,0,0,25,0,0,5,1
108413,212,3,16,1,0,0,0,0,0,0,3,0,0,3,0
152551,213,3,0,0,0,0,0,0,0,0,0,0,0,0,0
209400,214,3,88,5,0,1,0,2,0,0,21,0,0,4,1
489706,215,3,0,0,0,0,0,0,0,0,0,0,0,0,0
606921,216,3,0,0,0,0,0,0,0,0,0,0,0,0,0
536694,217,3,0,0,0,0,0,0,0,0,0,0,0,0,0
438464,218,3,0,0,0,0,0,0,0,0,0,0,0,0,0
450542,219,3,0,0,0,0,0,0,0,0,0,0,0,0,0
590014,220,3,0,0,0,0,0,0,0,0,0,0,0,0,0
672492,221,3,0,0,0,0,0,0,0,0,0,0,0,0,0
247412,222,3,45,1,0,0,0,0,0,0,4,0,0,4,0
231747,223,3,0,0,0,0,0,0,0,0,0,0,0,0,0
205533,224,3,45,4,0,1,0,2,0,0,16,0,0,2,1
660392,225,3,0,0,0,0,0,0,0,0,0,0,0,0,0
111234,226,3,90,1,0,0,0,2,1,0,6,0,0,0,1
229600,227,3,0,0,0,0,0,0,0,0,0,0,0,0,0
138001,228,3,0,0,0,0,0,0,0,0,0,0,0,0,0
17761,229,3,90,3,0,0,0,2,0,0,11,0,0,12,1
480455,230,3,90,3,0,0,0,2,0,0,10,0,0,11,1
106611,231,3,0,0,0,0,0,0,0,0,0,0,0,0,0
512462,232,3,0,0,0,0,0,0,0,0,0,0,0,0,0
224967,233,3,90,1,0,0,0,2,0,0,8,0,0,6,1
243571,234,3,0,0,0,0,0,0,0,0,0,0,0,0,0
499300,235,3,0,0,0,0,0,0,0,0,0,0,0,0,0
215413,236,3,90,2,0,0,0,2,0,0,20,0,0,11,1
440993,237,3,86,3,0,0,1,0,0,0,12,0,0,5,1
114283,238,3,24,1,0,0,0,1,0,0,8,0,0,1,0
232928,239,3,76,2,0,0,0,1,0,0,19,0,0,8,1
490094,240,3,0,0,0,0,0,0,0,0,0,0,0,0,0
433154,241,3,0,0,0,0,0,0,0,0,0,0,0,0,0
550615,242,3,90,10,1,0,0,2,0,3,35,0,0,4,1
502697,243,3,0,0,0,0,0,0,0,0,0,0,0,0,0
609873,244,3,90,1,0,0,0,2,0,0,5,1,0,5,1
496661,245,3,0,0,0,0,0,0,0,0,0,0,0,0,0
513466,246,3,74,1,0,0,0,1,0,0,10,1,0,6,1
244860,247,3,15,4,0,1,0,1,0,0,14,0,0,1,0
486385,248,3,0,0,0,0,0,0,0,0,0,0,0,0,0
586309,249,3,90,2,0,0,0,2,0,0,7,0,0,4,1
80201,250,3,90,1,0,0,0,3,2,0,8,0,0,0,1
86873,251,3,0,0,0,0,0,0,0,0,0,0,0,0,0
505079,252,3,0,0,0,0,0,0,0,0,0,0,0,0,0
174874,253,3,90,1,0,0,0,3,0,0,8,0,0,7,1
169528,254,3,78,1,0,0,0,3,0,0,7,0,0,5,1
246301,255,3,0,0,0,0,0,0,0,0,0,0,0,0,0
167074,256,3,0,0,0,0,0,0,0,0,0,0,0,0,0
232892,257,3,90,1,0,0,0,3,0,0,2,0,0,2,1
166477,258,3,90,1,0,0,0,3,0,0,-1,0,0,7,1
219924,259,3,90,3,0,0,0,2,0,0,10,0,0,11,1
153682,260,3,17,0,0,0,0,0,0,0,0,1,0,1,0
153133,261,3,82,2,0,0,0,3,0,0,15,0,0,4,1
209289,262,3,11,1,0,0,0,0,0,0,3,0,0,0,0
560552,263,3,0,0,0,0,0,0,0,0,0,0,0,0,0
477555,264,3,78,2,0,0,0,3,0,0,17,0,0,4,1
207189,265,3,29,1,0,0,0,1,0,0,9,0,0,2,0
76357,266,3,0,0,0,0,0,0,0,0,0,0,0,0,0
212314,267,3,90,2,0,0,0,2,0,0,13,0,0,4,1
577725,268,3,90,10,1,0,0,3,0,3,38,0,0,7,1
184349,269,3,11,1,0,0,0,0,0,0,3,0,0,1,0
153366,270,3,0,0,0,0,0,0,0,0,0,0,0,0,0
244042,271,3,7,1,0,0,0,0,0,0,5,0,0,0,0
631786,272,3,0,0,0,0,0,0,0,0,0,0,0,0,0
167825,273,3,0,0,0,0,0,0,0,0,0,0,0,0,0
105666,274,3,0,0,0,0,0,0,0,0,0,0,0,0,0
494950,275,3,0,0,0,0,0,0,0,0,0,0,0,0,0
444307,276,3,0,0,0,0,0,0,0,0,0,0,0,0,0
108416,277,3,90,6,0,0,1,0,0,0,18,0,0,7,1
501902,278,3,0,0,0,0,0,0,0,0,0,0,0,0,0
146426,279,3,90,5,0,0,1,0,0,0,17,1,0,6,1
193278,280,3,63,6,0,0,1,0,0,0,19,0,0,0,1
433590,281,3,0,0,0,0,0,0,0,0,0,0,0,0,0
232351,282,3,90,8,0,0,1,0,0,2,30,0,0,4,1
449428,283,3,0,0,0,0,0,0,0,0,0,0,0,0,0
661800,284,3,0,0,0,0,0,0,0,0,0,0,0,0,0
160817,285,3,0,0,0,0,0,0,0,0,0,0,0,0,0
540324,286,3,81,5,0,0,1,0,0,0,15,0,0,12,1
232905,287,3,0,0,0,0,0,0,0,0,0,0,0,0,0
171270,288,3,0,0,0,0,0,0,0,0,0,0,0,0,0
101282,289,3,0,0,0,0,0,0,0,0,0,0,0,0,0
243413,290,3,90,3,0,0,1,0,0,0,10,0,0,6,1
465525,291,3,0,0,0,0,0,0,0,0,0,0,0,0,0
208481,292,3,0,0,0,0,0,0,0,0,0,0,0,0,0
490161,293,3,0,0,0,0,0,0,0,0,0,0,0,0,0
553783,294,3,0,0,0,0,0,0,0,0,0,0,0,0,0
169432,295,3,90,2,0,0,1,0,0,0,2,0,0,3,1
213292,296,3,0,0,0,0,0,0,0,0,0,0,0,0,0
470294,297,3,0,0,0,0,0,0,0,0,0,0,0,0,0
500957,298,3,0,0,0,0,0,0,0,0,0,0,0,0,0
534392,299,3,0,0,0,0,0,0,0,0,0,0,0,0,0
108813,300,3,0,0,0,0,0,0,0,0,0,0,0,0,0
112520,301,3,0,0,0,0,0,0,0,0,0,0,0,0,0
50093,302,3,0,0,0,0,0,0,0,0,0,0,0,0,0
183015,303,3,0,0,0,0,0,0,0,0,0,0,0,0,0
216616,304,3,90,3,0,0,0,2,0,0,5,0,0,11,1
455084,305,3,90,1,0,0,0,2,0,0,4,0,0,6,1
449429,306,3,90,1,0,0,0,2,0,0,6,0,0,7,1
222018,307,3,0,0,0,0,0,0,0,0,0,0,0,0,0
176420,308,3,0,0,0,0,0,0,0,0,0,0,0,0,0
501390,309,3,0,0,0,0,0,0,0,0,0,0,0,0,0
241117,310,3,0,0,0,0,0,0,0,0,0,0,0,0,0
149929,311,3,0,0,0,0,0,0,0,0,0,0,0,0,0
231899,312,3,0,0,0,0,0,0,0,0,0,0,0,0,0
443261,313,3,24,1,0,0,0,0,0,0,3,0,0,2,0
229164,314,3,0,0,0,0,0,0,0,0,0,0,0,0,0
531442,315,3,78,2,0,0,0,2,0,0,14,0,0,6,1
543968,316,3,65,2,0,0,0,2,0,0,8,0,0,3,1
222625,317,3,0,0,0,0,0,0,0,0,0,0,0,0,0
481624,318,3,0,0,0,0,0,0,0,0,0,0,0,0,0
172453,319,3,0,0,0,0,0,0,0,0,0,0,0,0,0
147675,320,3,0,0,0,0,0,0,0,0,0,0,0,0,0
557012,321,3,0,0,0,0,0,0,0,0,0,0,0,0,0
462387,322,3,0,0,0,0,0,0,0,0,0,0,0,0,0
461587,323,3,11,1,0,0,0,0,0,0,5,0,0,1,0
232457,324,3,0,0,0,0,0,0,0,0,0,0,0,0,0
59735,325,3,0,0,0,0,0,0,0,0,0,0,0,0,0
201595,326,3,0,0,0,0,0,0,0,0,0,0,0,0,0
434752,327,3,29,1,0,0,0,1,0,0,1,0,0,4,0
222694,328,3,1,1,0,0,0,0,0,0,3,0,0,0,0
214225,329,3,0,0,0,0,0,0,0,0,0,0,0,0,0
226182,330,3,60,14,1,0,1,0,0,3,30,1,0,2,1
243526,331,3,90,2,0,0,0,1,0,0,9,0,0,5,1
220627,332,3,90,4,0,0,0,1,0,0,9,0,0,10,1
437738,333,3,0,0,0,0,0,0,0,0,0,0,0,0,0
522047,334,3,90,4,0,0,0,1,0,0,10,0,0,13,1
466525,335,3,90,2,0,0,0,1,0,0,7,0,0,6,1
435997,336,3,61,3,0,0,1,0,0,0,9,0,0,0,1
427637,337,3,28,1,0,0,0,1,0,0,5,0,0,0,0
199598,338,3,90,2,0,0,0,1,0,0,13,0,0,11,1
180135,339,3,0,0,0,0,0,0,0,0,0,0,0,0,0
462635,340,3,0,0,0,0,0,0,0,0,0,0,0,0,0
492859,341,3,0,0,0,0,0,0,0,0,0,0,0,0,0
221399,342,3,0,0,0,0,0,0,0,0,0,0,0,0,0
200617,343,3,0,0,0,0,0,0,0,0,0,0,0,0,0
486520,344,3,0,0,0,0,0,0,0,0,0,0,0,0,0
248056,345,3,72,5,0,1,0,1,0,0,18,0,0,8,1
177815,346,3,72,1,0,0,0,1,0,0,0,1,0,3,1
174594,347,3,17,1,0,0,0,0,0,0,2,0,0,0,0
235826,348,3,0,0,0,0,0,0,0,0,0,0,0,0,0
565297,349,3,0,0,0,0,0,0,0,0,0,0,0,0,0
116535,350,3,90,8,0,0,1,0,5,1,35,0,0,0,1
449027,351,3,0,0,0,0,0,0,0,0,0,0,0,0,0
155503,352,3,0,0,0,0,0,0,0,0,0,0,0,0,0
586268,353,3,0,0,0,0,0,0,0,0,0,0,0,0,0
432987,354,3,0,0,0,0,0,0,0,0,0,0,0,0,0
464353,355,3,0,0,0,0,0,0,0,0,0,0,0,0,0
97032,356,3,90,6,0,0,1,0,0,0,32,0,0,7,1
216094,357,3,0,0,0,0,0,0,0,0,0,0,0,0,0
544877,358,3,90,5,0,0,1,0,0,0,23,1,0,5,1
171287,359,3,0,0,0,0,0,0,0,0,0,0,0,0,0
492777,360,3,0,0,0,0,0,0,0,0,0,0,0,0,0
519440,361,3,0,0,0,0,0,0,0,0,0,0,0,0,0
606702,362,3,90,5,0,0,1,0,0,0,28,1,0,9,1
647681,363,3,0,0,0,0,0,0,0,0,0,0,0,0,0
214285,364,3,0,0,0,0,0,0,0,0,0,0,0,0,0
489580,365,3,0,0,0,0,0,0,0,0,0,0,0,0,0
494595,366,3,90,3,0,0,1,0,0,0,14,0,0,4,1
243298,367,3,90,11,0,2,1,0,0,2,43,0,0,10,1
424876,368,3,90,3,0,0,1,0,0,0,20,0,0,9,1
611922,369,3,0,0,0,0,0,0,0,0,0,0,0,0,0
223541,370,3,0,0,0,0,0,0,0,0,0,0,0,0,0
441266,371,3,26,1,0,0,0,0,0,0,2,0,0,2,0
243016,372,3,83,2,0,0,1,0,0,0,14,1,0,11,1
206915,373,3,0,0,0,0,0,0,0,0,0,0,0,0,0
158983,374,3,0,0,0,0,0,0,0,0,0,0,0,0,0
591386,375,3,6,1,0,0,0,0,0,0,3,0,0,0,0
535928,376,3,0,0,0,0,0,0,0,0,0,0,0,0,0
551499,377,3,63,3,0,0,1,0,0,0,9,0,0,4,1
491501,378,3,0,0,0,0,0,0,0,0,0,0,0,0,0
219168,379,3,63,13,2,0,1,0,0,3,61,0,0,3,1
510663,380,3,0,0,0,0,0,0,0,0,0,0,0,0,0
514514,381,3,1,1,0,0,0,0,0,0,3,0,0,0,0
500058,382,3,0,0,0,0,0,0,0,0,0,0,0,0,0
444884,383,3,0,0,0,0,0,0,0,0,0,0,0,0,0
204936,384,3,90,7,0,0,1,0,3,0,29,0,0,0,1
432720,385,3,90,3,0,0,0,1,4,0,18,0,0,0,1
122074,386,3,0,0,0,0,0,0,0,0,0,0,0,0,0
472769,387,3,0,0,0,0,0,0,0,0,0,0,0,0,0
209036,388,3,90,8,0,0,1,0,0,2,31,0,0,9,1
465351,389,3,0,0,0,0,0,0,0,0,0,0,0,0,0
171314,390,3,90,6,0,0,1,0,0,0,25,0,0,3,1
477424,391,3,90,8,0,0,1,0,0,2,31,0,0,8,1
448514,392,3,0,0,0,0,0,0,0,0,0,0,0,0,0
578153,393,3,90,5,0,0,1,0,0,0,22,1,0,6,1
494307,394,3,0,0,0,0,0,0,0,0,0,0,0,0,0
477064,395,3,0,0,0,0,0,0,0,0,0,0,0,0,0
616222,396,3,0,0,0,0,0,0,0,0,0,0,0,0,0
437730,397,3,90,6,0,1,1,0,0,0,26,0,0,4,1
209244,398,3,24,1,0,0,0,0,0,0,3,0,0,1,0
466052,399,3,65,3,0,0,1,0,0,0,23,0,0,3,1
248875,400,3,0,0,0,0,0,0,0,0,0,0,0,0,0
438234,401,3,83,2,0,0,1,0,0,0,6,0,0,0,1
220566,402,3,0,0,0,0,0,0,0,0,0,0,0,0,0
510281,403,3,60,3,0,0,1,0,0,0,15,0,0,0,1
433036,404,3,0,0,0,0,0,0,0,0,0,0,0,0,0
465694,405,3,76,2,0,0,0,2,0,0,11,0,0,7,1
91651,406,3,0,0,0,0,0,0,0,0,0,0,0,0,0
575204,407,3,0,0,0,0,0,0,0,0,0,0,0,0,0
155405,408,3,0,0,0,0,0,0,0,0,0,0,0,0,0
590039,409,3,0,0,0,0,0,0,0,0,0,0,0,0,0
649208,410,3,0,0,0,0,0,0,0,0,0,0,0,0,0
223094,411,3,90,9,1,0,1,0,0,3,40,0,0,7,1
465247,412,3,90,2,0,0,0,2,4,0,13,0,0,0,1
451302,413,3,0,0,0,0,0,0,0,0,0,0,0,0,0
21205,414,3,0,0,0,0,0,0,0,0,0,0,0,0,0
596777,415,3,20,1,0,0,0,2,0,0,3,0,0,3,0
209365,416,3,0,0,0,0,0,0,0,0,0,0,0,0,0
216051,417,3,83,1,0,0,0,1,0,0,8,1,0,4,1
95658,418,3,90,2,0,0,0,2,0,0,1,1,0,12,1
221820,419,3,90,3,0,0,0,2,0,0,7,0,0,10,1
550864,420,3,6,1,0,0,0,1,0,0,1,0,0,3,0
606745,421,3,0,0,0,0,0,0,0,0,0,0,0,0,0
230001,422,3,1,1,0,0,0,1,0,0,-1,0,0,1,0
106760,423,3,90,4,0,1,0,1,0,0,22,1,0,8,1
577974,424,3,0,0,0,0,0,0,0,0,0,0,0,0,0
547676,425,3,0,0,0,0,0,0,0,0,0,0,0,0,0
141746,426,3,90,2,0,0,0,2,0,0,11,0,0,2,1
446008,427,3,90,8,1,0,0,2,0,1,29,0,0,8,1
430871,428,3,69,3,0,0,1,0,0,0,10,0,0,3,1
176297,429,3,69,3,0,0,1,0,0,0,11,0,0,4,1
184341,430,3,0,0,0,0,0,0,0,0,0,0,0,0,0
493250,431,3,0,0,0,0,0,0,0,0,0,0,0,0,0
516895,432,3,83,9,0,1,0,1,0,2,32,0,0,15,1
232112,433,3,0,0,0,0,0,0,0,0,0,0,0,0,0
547037,434,3,0,0,0,0,0,0,0,0,0,0,0,0,0
576628,435,3,0,0,0,0,0,0,0,0,0,0,0,0,0
490881,436,3,0,0,0,0,0,0,0,0,0,0,0,0,0
576620,437,3,0,0,0,0,0,0,0,0,0,0,0,0,0
519913,438,3,0,0,0,0,0,0,0,0,0,0,0,0,0
485711,439,3,20,5,1,0,0,2,0,0,28,0,0,0,0
458249,440,3,0,0,0,0,0,0,0,0,0,0,0,0,0
596047,441,3,0,0,0,0,0,0,0,0,0,0,0,0,0
98747,442,3,0,0,0,0,0,0,0,0,0,0,0,0,0
81441,443,3,0,0,0,0,0,0,0,0,0,0,0,0,0
554578,444,3,0,0,0,0,0,0,0,0,0,0,0,0,0
465642,445,3,90,-1,0,0,0,2,0,0,0,0,0,3,1
119471,446,3,0,0,0,0,0,0,0,0,0,0,0,0,0
220237,447,3,90,1,0,0,0,2,0,0,3,0,0,9,1
78916,448,3,0,0,0,0,0,0,0,0,0,0,0,0,0
487838,449,3,89,4,0,1,0,2,0,0,20,0,0,6,1
441191,450,3,1,1,0,0,0,0,0,0,3,0,0,0,0
545477,451,3,0,0,0,0,0,0,0,0,0,0,0,0,0
208706,452,3,0,0,0,0,0,0,0,0,0,0,0,0,0
201666,453,3,90,12,1,1,0,2,0,2,37,0,0,6,1
449434,454,3,76,1,0,0,0,2,0,0,8,1,0,4,1
432422,455,3,90,5,0,0,1,0,0,0,22,0,0,12,1
232653,456,3,27,6,1,0,0,0,0,0,22,0,0,4,0
114243,457,3,13,1,0,0,0,0,0,0,5,0,0,1,0
180974,458,3,0,0,0,0,0,0,0,0,0,0,0,0,0
547719,459,3,62,2,0,0,0,2,0,0,11,0,0,4,1
200089,460,3,62,2,0,0,0,2,0,0,6,0,0,3,1
611665,461,3,0,0,0,0,0,0,0,0,0,0,0,0,0
636852,462,3,13,1,0,0,0,0,0,0,3,0,0,2,0
470313,463,3,0,0,0,0,0,0,0,0,0,0,0,0,0
216646,464,3,90,1,0,0,0,2,0,0,7,1,0,3,1
538207,465,3,0,0,0,0,0,0,0,0,0,0,0,0,0
599303,466,3,0,0,0,0,0,0,0,0,0,0,0,0,0
85633,467,3,90,6,0,0,1,0,0,0,21,0,0,0,1
221389,468,3,0,0,0,0,0,0,0,0,0,0,0,0,0
215136,469,3,90,7,0,0,1,0,0,1,28,0,0,6,1
485047,470,3,0,0,0,0,0,0,0,0,0,0,0,0,0
227444,471,3,90,7,0,0,1,0,0,0,27,1,0,11,1
575476,472,3,89,8,0,0,1,0,0,0,25,0,0,10,1
159506,473,3,58,1,0,0,0,0,0,0,8,0,0,7,1
575458,474,3,90,8,0,0,1,0,0,0,24,0,0,12,1
500151,475,3,0,0,0,0,0,0,0,0,0,0,0,0,0
204822,476,3,0,0,0,0,0,0,0,0,0,0,0,0,0
549067,477,3,0,0,0,0,0,0,0,0,0,0,0,0,0
470315,478,3,0,0,0,0,0,0,0,0,0,0,0,0,0
538638,479,3,0,0,0,0,0,0,0,0,0,0,0,0,0
222531,480,3,90,3,0,0,1,0,0,0,3,0,0,7,1
215379,481,3,90,3,0,0,1,0,0,0,23,0,0,11,1
209046,482,3,0,0,0,0,0,0,0,0,0,0,0,0,0
456512,483,3,58,1,0,0,0,0,0,0,5,0,0,5,1
503301,484,3,0,0,0,0,0,0,0,0,0,0,0,0,0
476887,485,3,0,0,0,0,0,0,0,0,0,0,0,0,0
432714,486,3,90,2,0,0,1,0,0,0,22,1,0,7,1
250199,487,3,0,0,0,0,0,0,0,0,0,0,0,0,0
210462,488,3,0,0,0,0,0,0,0,0,0,0,0,0,0
204968,489,3,0,0,0,0,0,0,0,0,0,0,0,0,0
60689,490,3,16,1,0,0,0,0,0,0,3,0,0,0,0
482973,491,3,31,1,0,0,0,0,0,0,3,0,0,1,0
210156,492,3,70,2,0,0,0,1,0,0,6,0,0,5,1
465680,493,3,0,0,0,0,0,0,0,0,0,0,0,0,0
184254,494,3,0,0,0,0,0,0,0,0,0,0,0,0,0
214572,495,3,0,0,0,0,0,0,0,0,0,0,0,0,0
485055,496,3,90,6,0,0,1,0,1,0,24,0,0,0,1
67089,497,3,0,0,0,0,0,0,0,0,0,0,0,0,0
221466,498,3,0,0,0,0,0,0,0,0,0,0,0,0,0
441164,499,3,90,7,0,0,1,0,0,1,28,0,0,4,1
221632,500,3,0,0,0,0,0,0,0,0,0,0,0,0,0
135720,501,3,90,2,0,0,0,1,0,0,9,0,0,8,1
122798,502,3,29,1,0,0,0,0,0,0,3,0,0,1,0
491279,503,3,90,9,0,0,1,0,0,3,30,0,0,9,1
610799,504,3,90,12,1,0,0,1,0,2,27,0,0,10,1
232859,505,3,0,0,0,0,0,0,0,0,0,0,0,0,0
487053,506,3,60,5,0,0,1,0,0,0,16,1,0,3,1
548308,507,3,0,0,0,0,0,0,0,0,0,0,0,0,0
115556,508,3,0,0,0,0,0,0,0,0,0,0,0,0,0
640419,509,3,0,0,0,0,0,0,0,0,0,0,0,0,0
499716,510,3,0,0,0,0,0,0,0,0,0,0,0,0,0
616221,511,3,0,0,0,0,0,0,0,0,0,0,0,0,0
460842,512,3,29,1,0,0,0,0,0,0,13,0,0,3,0
493362,513,3,0,0,0,0,0,0,0,0,0,0,0,0,0
511499,514,3,73,3,0,0,1,0,0,0,11,0,0,2,1
172780,515,3,0,0,0,0,0,0,0,0,0,0,0,0,0
202993,516,3,90,5,0,0,1,0,0,0,14,0,0,17,1
550839,517,3,0,0,0,0,0,0,0,0,0,0,0,0,0
482442,518,3,0,0,0,0,0,0,0,0,0,0,0,0,0
232787,519,3,83,3,0,0,1,0,0,0,23,0,0,11,1
570526,520,3,0,0,0,0,0,0,0,0,0,0,0,0,0
445044,521,3,0,0,0,0,0,0,0,0,0,0,0,0,0
547701,522,3,0,0,0,0,0,0,0,0,0,0,0,0,0
499721,523,3,0,0,0,0,0,0,0,0,0,0,0,0,0
499726,524,3,0,0,0,0,0,0,0,0,0,0,0,0,0
551226,525,3,7,0,0,0,0,0,0,0,-1,1,0,0,0
154566,526,3,6,1,0,0,0,0,0,0,-1,0,0,1,0
212319,527,3,0,0,0,0,0,0,0,0,0,0,0,0,0
490145,528,3,0,0,0,0,0,0,0,0,0,0,0,0,0
498016,529,3,90,2,0,0,0,1,1,0,11,0,0,0,1
232571,530,3,0,0,0,0,0,0,0,0,0,0,0,0,0
515046,531,3,0,0,0,0,0,0,0,0,0,0,0,0,0
223827,532,3,90,4,0,0,0,1,0,0,12,0,0,10,1
200834,533,3,90,4,0,0,0,1,0,0,16,0,0,14,1
487676,534,3,26,1,0,0,0,0,0,0,8,0,0,2,0
201895,535,3,0,0,0,0,0,0,0,0,0,0,0,0,0
434399,536,3,90,2,0,0,0,1,0,0,14,0,0,7,1
519634,537,3,0,0,0,0,0,0,0,0,0,0,0,0,0
477547,538,3,0,0,0,0,0,0,0,0,0,0,0,0,0
167512,539,3,0,0,0,0,0,0,0,0,0,0,0,0,0
105717,540,3,0,0,0,0,0,0,0,0,0,0,0,0,0
93605,541,3,63,2,0,0,0,1,0,0,0,0,0,2,1
484420,542,3,90,8,1,0,0,1,0,1,25,0,0,6,1
547027,543,3,0,0,0,0,0,0,0,0,0,0,0,0,0
84450,544,3,90,3,0,0,0,1,0,0,12,1,0,15,1
577669,545,3,73,1,0,0,0,1,0,0,16,1,0,3,1
535818,546,3,0,0,0,0,0,0,0,0,0,0,0,0,0
461199,547,3,0,0,0,0,0,0,0,0,0,0,0,0,0
554197,548,3,0,0,0,0,0,0,0,0,0,0,0,0,0
549912,549,3,0,0,0,0,0,0,0,0,0,0,0,0,0
699989,550,3,0,0,0,0,0,0,0,0,0,0,0,0,0
536661,551,3,63,2,0,0,0,1,0,0,11,0,0,5,1
441264,552,3,90,2,0,0,0,1,0,0,11,0,0,3,1
437505,553,3,26,4,0,1,0,0,0,0,15,0,0,2,0
546600,554,3,0,0,0,0,0,0,0,0,0,0,0,0,0
169593,555,3,0,0,0,0,0,0,0,0,0,0,0,0,0
169359,556,3,0,0,0,0,0,0,0,0,0,0,0,0,0
439509,557,3,90,5,0,1,0,1,0,1,31,1,0,8,1
204561,558,3,90,3,0,0,1,0,0,0,18,0,0,10,1
632794,559,3,0,0,0,0,0,0,0,0,0,0,0,0,0
549939,560,3,0,0,0,0,0,0,0,0,0,0,0,0,0
622758,561,3,0,0,0,0,0,0,0,0,0,0,0,0,0
442967,562,3,65,2,0,0,0,2,0,0,9,0,0,5,1
445028,563,3,0,0,0,0,0,0,0,0,0,0,0,0,0
240514,564,3,90,2,0,0,0,2,5,0,13,0,0,0,1
513545,565,3,45,0,0,0,0,0,0,0,0,1,0,5,1
483067,566,3,90,1,0,0,0,2,0,0,8,0,0,8,1
470551,567,3,90,2,0,0,0,2,4,0,12,0,0,0,1
543158,568,3,0,0,0,0,0,0,0,0,0,0,0,0,0
551466,569,3,90,2,0,0,0,3,0,0,10,0,0,7,1
571779,570,3,60,8,1,0,0,2,0,1,27,0,0,0,1
216055,571,3,0,0,0,0,0,0,0,0,0,0,0,0,0
473284,572,3,90,6,0,0,1,0,1,0,25,0,0,0,1
494928,573,3,0,0,0,0,0,0,0,0,0,0,0,0,0
552946,574,3,8,1,0,0,0,0,0,0,4,0,0,1,0
661888,575,3,27,1,0,0,0,0,0,0,4,0,0,6,0
608227,576,3,62,3,0,0,1,0,0,0,5,0,0,2,1
223723,577,3,0,0,0,0,0,0,0,0,0,0,0,0,0
465920,578,3,16,1,0,0,0,0,0,0,3,0,0,0,0
445087,579,3,90,8,0,0,1,0,0,0,27,0,0,10,1
463210,580,3,78,2,0,0,0,3,0,0,18,0,0,11,1
568420,581,3,1,1,0,0,0,0,0,0,3,0,0,0,0
690838,582,3,0,0,0,0,0,0,0,0,0,0,0,0,0
498444,583,3,30,1,0,0,0,0,0,0,2,0,0,2,0
196100,584,3,5,1,0,0,0,0,0,0,1,0,0,2,0
597462,585,3,19,1,0,0,0,0,0,0,2,0,0,2,0
606930,586,3,70,8,0,0,1,0,0,0,22,0,0,10,1
106921,587,3,0,0,0,0,0,0,0,0,0,0,0,0,0
570794,588,3,90,3,0,0,0,2,0,0,6,0,0,10,1
469266,589,3,81,2,0,0,1,0,0,0,7,1,0,10,1
428971,590,3,0,0,0,0,0,0,0,0,0,0,0,0,0
474120,591,3,90,1,0,0,0,2,0,0,16,1,0,5,1
572584,592,3,12,1,0,0,0,0,0,0,4,0,0,0,0
463726,593,3,90,1,0,0,0,2,0,0,3,0,0,1,1
538007,594,3,13,0,0,0,0,0,0,0,-7,1,0,0,0
559152,595,3,0,0,0,0,0,0,0,0,0,0,0,0,0
487992,596,3,15,1,0,0,0,0,0,0,3,0,0,1,0
433969,597,3,90,10,0,0,1,0,4,3,38,0,0,0,1
173774,598,3,90,4,0,0,0,1,0,0,12,0,0,10,1
627221,599,3,0,0,0,0,0,0,0,0,0,0,0,0,0
612855,600,3,0,0,0,0,0,0,0,0,0,0,0,0,0
611917,601,3,0,0,0,0,0,0,0,0,0,0,0,0,0
524180,602,3,0,0,0,0,0,0,0,0,0,0,0,0,0
643970,603,3,0,0,0,0,0,0,0,0,0,0,0,0,0
592740,604,3,0,0,0,0,0,0,0,0,0,0,0,0,0
611695,605,3,90,2,0,0,0,1,0,0,16,0,0,5,1
569577,606,3,0,0,0,0,0,0,0,0,0,0,0,0,0
571380,607,3,0,0,0,0,0,0,0,0,0,0,0,0,0
523700,608,3,1,1,0,0,0,0,0,0,4,0,0,0,0
553746,609,3,0,0,0,0,0,0,0,0,0,0,0,0,0
547686,610,3,0,0,0,0,0,0,0,0,0,0,0,0,0
214590,611,3,5,1,0,0,0,0,0,0,3,0,0,1,0
638411,612,3,0,0,0,0,0,0,0,0,0,0,0,0,0
696104,613,3,0,0,0,0,0,0,0,0,0,0,0,0,0
512123,614,3,0,0,0,0,0,0,0,0,0,0,0,0,0
230650,615,3,0,0,0,0,0,0,0,0,0,0,0,0,0
637238,616,3,14,1,0,0,0,0,0,0,5,0,0,5,0
490884,617,3,8,1,0,0,0,0,0,0,5,0,0,0,0
119090,618,3,0,0,0,0,0,0,0,0,0,0,0,0,0
218543,619,3,77,4,0,0,0,2,0,0,24,0,0,19,1
613804,620,3,0,0,0,0,0,0,0,0,0,0,0,0,0
616288,621,3,3,1,0,0,0,0,0,0,5,0,0,4,0
554054,622,3,0,0,0,0,0,0,0,0,0,0,0,0,0
79602,623,3,0,0,0,0,0,0,0,0,0,0,0,0,0
519324,624,3,0,0,0,0,0,0,0,0,0,0,0,0,0
97846,625,3,0,0,0,0,0,0,0,0,0,0,0,0,0
616069,626,3,0,0,0,0,0,0,0,0,0,0,0,0,0
482616,627,3,26,1,0,0,0,0,0,0,5,0,0,0,0
624777,628,3,0,0,0,0,0,0,0,0,0,0,0,0,0
155465,629,3,0,0,0,0,0,0,0,0,0,0,0,0,0
245719,630,3,0,0,0,0,0,0,0,0,0,0,0,0,0
638987,631,3,0,0,0,0,0,0,0,0,0,0,0,0,0
626751,632,3,0,0,0,0,0,0,0,0,0,0,0,0,0
605972,633,3,0,0,0,0,0,0,0,0,0,0,0,0,0
613221,634,3,27,1,0,0,0,0,0,0,4,0,0,1,0
551050,635,3,11,1,0,0,0,0,0,0,3,0,0,1,0
500033,636,3,0,0,0,0,0,0,0,0,0,0,0,0,0
631000,637,3,0,0,0,0,0,0,0,0,0,0,0,0,0
496181,638,3,26,1,0,0,0,0,0,0,3,0,0,1,0
592984,639,3,0,0,0,0,0,0,0,0,0,0,0,0,0
431639,640,3,24,1,0,0,0,0,0,0,4,0,0,0,0
437497,641,3,0,0,0,0,0,0,0,0,0,0,0,0,0
243951,642,3,27,1,0,0,0,0,0,0,5,0,0,1,0
172850,643,3,16,7,1,0,0,0,0,0,20,0,0,0,0
450063,644,3,73,2,0,0,0,2,0,0,8,0,0,6,1
647839,645,3,0,0,0,0,0,0,0,0,0,0,0,0,0
549940,646,3,16,1,0,0,0,0,0,0,3,0,0,0,0
533646,647,3,1,1,0,0,0,0,0,0,2,0,0,1,0
587982,648,3,0,0,0,0,0,0,0,0,0,0,0,0,0
154043,649,3,13,7,1,0,0,1,0,0,13,0,0,0,0
442299,650,3,0,0,0,0,0,0,0,0,0,0,0,0,0
661313,651,3,0,0,0,0,0,0,0,0,0,0,0,0,0
471551,652,3,0,0,0,0,0,0,0,0,0,0,0,0,0
595480,653,3,0,0,0,0,0,0,0,0,0,0,0,0,0
629068,654,3,0,0,0,0,0,0,0,0,0,0,0,0,0
154561,1,4,90,14,0,0,1,0,2,3,38,0,0,0,1
109745,2,4,0,0,0,0,0,0,0,0,0,0,0,0,0
437495,3,4,0,0,0,0,0,0,0,0,0,0,0,0,0
226597,4,4,90,9,0,0,1,0,0,2,30,1,0,11,1
445122,5,4,45,1,0,0,0,0,0,0,3,0,0,3,0
462424,6,4,0,0,0,0,0,0,0,0,0,0,0,0,0
499169,7,4,45,1,0,0,0,0,0,0,2,0,0,0,1
466075,8,4,90,6,0,0,1,0,0,0,18,0,0,4,1
448104,9,4,0,0,0,0,0,0,0,0,0,0,0,0,0
198869,10,4,45,1,0,0,0,0,0,0,4,0,0,3,1
500040,11,4,0,0,0,0,0,0,0,0,0,0,0,0,0
223340,12,4,90,8,1,0,1,0,0,0,28,0,0,7,1
204480,13,4,80,6,0,1,1,0,0,0,27,0,0,10,1
232413,14,4,9,1,0,0,0,0,0,0,3,0,0,0,0
184029,15,4,84,3,0,0,1,0,0,0,26,0,0,5,1
248857,16,4,0,0,0,0,0,0,0,0,0,0,0,0,0
195384,17,4,5,1,0,0,0,0,0,0,3,0,0,0,0
444145,18,4,0,0,0,0,0,0,0,0,0,0,0,0,0
481655,19,4,9,1,0,0,0,0,0,0,5,0,0,2,0
616077,20,4,0,0,0,0,0,0,0,0,0,0,0,0,0
128295,21,4,0,0,0,0,0,0,0,0,0,0,0,0,0
499175,22,4,0,0,0,0,0,0,0,0,0,0,0,0,0
438098,23,4,0,0,0,0,0,0,0,0,0,0,0,0,0
200641,24,4,0,0,0,0,0,0,0,0,0,0,0,0,0
224117,25,4,0,0,0,0,0,0,0,0,0,0,0,0,0
219847,26,4,90,1,0,0,1,0,0,0,0,1,0,2,1
205651,27,4,0,0,0,0,0,0,0,0,0,0,0,0,0
98980,28,4,90,2,0,0,0,2,3,0,10,0,0,0,1
72147,29,4,0,0,0,0,0,0,0,0,0,0,0,0,0
101188,30,4,0,0,0,0,0,0,0,0,0,0,0,0,0
199798,31,4,90,6,0,0,1,0,0,0,16,0,0,8,1
199796,32,4,0,0,0,0,0,0,0,0,0,0,0,0,0
149484,33,4,65,0,0,0,0,2,0,0,0,1,0,5,0
244954,34,4,24,1,0,0,0,0,0,0,4,0,0,0,1
515597,35,4,0,0,0,0,0,0,0,0,0,0,0,0,0
441302,36,4,90,1,0,0,0,2,0,0,7,0,0,4,1
184667,37,4,90,1,0,0,0,2,0,0,2,0,0,2,1
606798,38,4,0,0,0,0,0,0,0,0,0,0,0,0,0
578545,39,4,0,0,0,0,0,0,0,0,0,0,0,0,0
244850,40,4,90,8,1,0,0,2,0,1,31,0,0,6,1
195546,41,4,62,2,0,0,0,1,0,0,8,0,0,5,1
485337,42,4,0,0,0,0,0,0,0,0,0,0,0,0,0
166989,43,4,66,2,0,0,0,1,0,0,15,0,0,5,1
215711,44,4,0,0,0,0,0,0,0,0,0,0,0,0,0
122806,45,4,90,6,0,1,0,2,0,1,30,0,0,9,1
88894,46,4,62,2,0,0,0,1,0,0,14,0,0,7,1
226944,47,4,90,2,0,0,0,2,0,0,17,0,0,5,1
449871,48,4,0,0,0,0,0,0,0,0,0,0,0,0,0
469247,49,4,0,0,0,0,0,0,0,0,0,0,0,0,0
645618,50,4,0,0,0,0,0,0,0,0,0,0,0,0,0
577285,51,4,45,1,0,0,0,0,0,0,3,0,0,1,1
653481,52,4,45,6,1,0,0,2,0,0,24,0,0,2,0
614071,53,4,27,1,0,0,0,1,0,0,3,0,0,2,0
448089,54,4,0,0,0,0,0,0,0,0,0,0,0,0,0
178301,55,4,0,0,0,0,0,0,0,0,0,0,0,0,0
173879,56,4,45,1,0,0,0,2,0,0,4,0,0,1,0
457569,57,4,90,1,0,0,0,2,0,0,0,0,0,0,1
40383,58,4,0,0,0,0,0,0,0,0,0,0,0,0,0
444172,59,4,0,0,0,0,0,0,0,0,0,0,0,0,0
463981,60,4,90,2,0,0,0,2,0,0,5,1,0,11,1
494521,61,4,90,3,0,0,0,2,0,0,23,0,0,16,1
242882,62,4,0,0,0,0,0,0,0,0,0,0,0,0,0
620487,63,4,0,0,0,0,0,0,0,0,0,0,0,0,0
54469,64,4,90,0,0,0,0,2,0,0,-1,1,0,6,1
436893,65,4,0,0,0,0,0,0,0,0,0,0,0,0,0
575901,66,4,0,0,0,0,0,0,0,0,0,0,0,0,0
499604,67,4,81,2,0,0,0,2,0,0,7,0,0,3,1
201658,68,4,82,8,1,0,0,2,0,2,44,1,0,8,1
503139,69,4,90,4,0,0,0,2,0,0,19,0,0,15,1
222683,70,4,65,8,1,0,0,2,0,1,31,0,0,4,1
155408,71,4,8,0,0,0,0,0,0,0,-1,1,0,2,0
496208,72,4,8,1,0,0,0,0,0,0,6,0,0,4,0
200785,73,4,81,2,0,0,0,2,0,0,16,0,0,10,1
111317,74,4,7,0,0,0,0,0,0,0,-1,1,0,3,0
158499,75,4,24,1,0,0,0,0,0,0,7,0,0,7,0
614574,76,4,0,0,0,0,0,0,0,0,0,0,0,0,0
489888,77,4,0,0,0,0,0,0,0,0,0,0,0,0,0
560262,78,4,0,0,0,0,0,0,0,0,0,0,0,0,0
444102,79,4,90,5,0,1,0,2,0,0,22,0,0,4,1
168636,80,4,0,0,0,0,0,0,0,0,0,0,0,0,0
561245,81,4,1,1,0,0,0,0,0,0,3,0,0,0,0
200720,82,4,90,3,0,0,0,2,8,0,19,0,0,0,1
507433,83,4,0,0,0,0,0,0,0,0,0,0,0,0,0
432830,84,4,0,0,0,0,0,0,0,0,0,0,0,0,0
444765,85,4,0,0,0,0,0,0,0,0,0,0,0,0,0
249231,86,4,59,1,0,0,0,2,0,0,0,0,0,2,1
191866,87,4,90,1,0,0,0,2,0,0,0,0,0,9,1
607464,88,4,19,1,0,0,0,0,0,0,5,0,0,1,0
194010,89,4,0,0,0,0,0,0,0,0,0,0,0,0,0
472713,90,4,70,1,0,0,0,2,0,0,4,0,0,7,1
231065,91,4,90,2,0,0,0,5,0,0,-11,0,0,10,1
570241,92,4,0,0,0,0,0,0,0,0,0,0,0,0,0
513086,93,4,90,3,0,0,0,2,0,0,5,0,0,12,1
513418,94,4,90,15,2,0,0,2,0,3,49,0,0,4,1
533463,95,4,30,1,0,0,0,0,0,0,4,0,0,4,0
440089,96,4,30,1,0,0,0,0,0,0,3,0,0,4,0
207283,97,4,0,0,0,0,0,0,0,0,0,0,0,0,0
204580,98,4,90,4,0,0,0,2,0,0,20,0,0,20,1
543295,99,4,0,0,0,0,0,0,0,0,0,0,0,0,0
244858,100,4,0,0,0,0,0,0,0,0,0,0,0,0,0
56979,101,4,0,0,0,0,0,0,0,0,0,0,0,0,0
508395,102,4,59,4,0,1,0,2,0,0,19,0,0,5,1
183656,103,4,0,0,0,0,0,0,0,0,0,0,0,0,0
428580,104,4,72,2,0,0,0,3,0,0,11,0,0,7,1
444180,105,4,59,1,0,0,0,2,0,0,12,0,0,11,1
502500,106,4,90,1,0,0,0,2,0,0,3,1,0,1,1
593174,107,4,0,0,0,0,0,0,0,0,0,0,0,0,0
75115,108,4,0,0,0,0,0,0,0,0,0,0,0,0,0
489639,109,4,90,8,0,0,1,0,6,0,39,0,0,0,1
472739,110,4,90,0,0,0,0,5,2,0,-5,0,0,0,1
49262,111,4,0,0,0,0,0,0,0,0,0,0,0,0,0
469142,112,4,90,8,0,0,1,0,0,0,27,0,0,13,1
231416,113,4,90,6,0,0,1,0,0,0,24,0,0,2,1
204120,114,4,77,6,0,0,1,0,0,0,25,0,0,9,1
465730,115,4,90,11,0,1,1,0,0,2,41,0,0,1,1
83299,116,4,90,12,1,0,1,0,0,0,39,0,0,6,1
550090,117,4,0,0,0,0,0,0,0,0,0,0,0,0,0
223434,118,4,0,0,0,0,0,0,0,0,0,0,0,0,0
451490,119,4,6,1,0,0,0,0,0,0,3,0,0,1,0
454490,120,4,0,0,0,0,0,0,0,0,0,0,0,0,0
451340,121,4,0,0,0,0,0,0,0,0,0,0,0,0,0
592031,122,4,0,0,0,0,0,0,0,0,0,0,0,0,0
532529,123,4,0,0,0,0,0,0,0,0,0,0,0,0,0
60307,124,4,90,17,1,2,1,0,0,3,56,0,0,6,1
463067,125,4,0,0,0,0,0,0,0,0,0,0,0,0,0
219249,126,4,6,1,0,0,0,0,0,0,4,0,0,1,0
514254,127,4,83,3,0,0,1,0,0,0,6,0,0,3,1
536916,128,4,0,0,0,0,0,0,0,0,0,0,0,0,0
509416,129,4,90,8,1,0,1,0,0,0,38,0,0,7,1
467779,130,4,0,0,0,0,0,0,0,0,0,0,0,0,0
535301,131,4,0,0,0,0,0,0,0,0,0,0,0,0,0
597320,132,4,0,0,0,0,0,0,0,0,0,0,0,0,0
549074,133,4,0,0,0,0,0,0,0,0,0,0,0,0,0
556637,134,4,0,0,0,0,0,0,0,0,0,0,0,0,0
700308,135,4,0,0,0,0,0,0,0,0,0,0,0,0,0
50175,136,4,12,1,0,0,0,0,0,0,4,0,0,1,0
608181,137,4,0,0,0,0,0,0,0,0,0,0,0,0,0
647850,138,4,83,10,1,1,1,0,0,1,40,0,0,7,1
487117,139,4,0,0,0,0,0,0,0,0,0,0,0,0,0
215059,140,4,0,0,0,0,0,0,0,0,0,0,0,0,0
508479,141,4,0,0,0,0,0,0,0,0,0,0,0,0,0
225796,142,4,90,1,0,0,0,2,0,0,11,0,0,4,1
180736,143,4,0,0,0,0,0,0,0,0,0,0,0,0,0
482609,144,4,77,1,0,0,0,2,0,0,7,0,0,5,1
444463,145,4,85,1,0,0,0,2,0,0,10,0,0,6,1
242880,146,4,0,0,0,0,0,0,0,0,0,0,0,0,0
109646,147,4,5,1,0,0,0,0,0,0,5,0,0,4,0
551210,148,4,45,0,0,0,0,2,0,0,-8,0,0,3,1
460028,149,4,90,1,0,0,0,2,0,0,8,0,0,6,1
574458,150,4,0,0,0,0,0,0,0,0,0,0,0,0,0
577016,151,4,0,0,0,0,0,0,0,0,0,0,0,0,0
620109,152,4,0,0,0,0,0,0,0,0,0,0,0,0,0
220362,153,4,33,-3,0,0,0,3,0,0,-18,0,1,6,1
244851,154,4,90,5,0,1,0,2,0,0,28,0,0,3,1
448047,155,4,81,2,0,0,1,0,0,0,17,1,0,10,1
247632,156,4,85,2,0,0,0,2,0,0,17,0,0,7,1
624773,157,4,4,1,0,0,0,0,0,0,6,0,0,1,0
463936,158,4,0,0,0,0,0,0,0,0,0,0,0,0,0
486672,159,4,0,0,0,0,0,0,0,0,0,0,0,0,0
493105,160,4,0,0,0,0,0,0,0,0,0,0,0,0,0
514356,161,4,68,2,0,0,0,2,0,0,14,0,0,9,1
532605,162,4,0,0,0,0,0,0,0,0,0,0,0,0,0
491007,163,4,0,0,0,0,0,0,0,0,0,0,0,0,0
593117,164,4,0,0,0,0,0,0,0,0,0,0,0,0,0
475168,165,4,90,12,1,1,0,2,0,3,44,0,0,2,1
517052,166,4,45,0,0,0,0,0,0,0,0,1,0,0,1
463034,167,4,90,5,1,0,0,1,0,0,25,1,0,4,1
499309,168,4,0,0,0,0,0,0,0,0,0,0,0,0,0
567119,169,4,0,0,0,0,0,0,0,0,0,0,0,0,0
503037,170,4,0,0,0,0,0,0,0,0,0,0,0,0,0
484389,171,4,0,0,0,0,0,0,0,0,0,0,0,0,0
110690,172,4,0,0,0,0,0,0,0,0,0,0,0,0,0
461102,173,4,90,0,0,0,0,5,0,0,-17,0,0,8,1
436761,174,4,0,0,0,0,0,0,0,0,0,0,0,0,0
451284,175,4,90,0,0,0,0,5,0,0,-5,0,0,7,1
173878,176,4,90,0,0,0,0,5,0,0,-7,0,0,3,1
465390,177,4,0,0,0,0,0,0,0,0,0,0,0,0,0
80178,178,4,0,0,0,0,0,0,0,0,0,0,0,0,0
204813,179,4,0,0,0,0,0,0,0,0,0,0,0,0,0
220583,180,4,0,0,0,0,0,0,0,0,0,0,0,0,0
577411,181,4,0,0,0,0,0,0,0,0,0,0,0,0,0
539142,182,4,90,0,0,0,0,5,0,0,-12,0,0,8,1
480457,183,4,72,2,0,0,0,3,0,0,11,0,0,5,1
168144,184,4,83,2,0,0,0,4,0,0,9,0,0,3,1
501459,185,4,0,0,0,0,0,0,0,0,0,0,0,0,0
241293,186,4,59,1,0,0,0,2,0,0,5,0,0,4,1
439668,187,4,0,0,0,0,0,0,0,0,0,0,0,0,0
226965,188,4,6,1,0,0,0,1,0,0,3,0,0,0,0
684268,189,4,0,0,0,0,0,0,0,0,0,0,0,0,0
469272,190,4,0,0,0,0,0,0,0,0,0,0,0,0,0
492498,191,4,0,0,0,0,0,0,0,0,0,0,0,0,0
629397,192,4,0,0,0,0,0,0,0,0,0,0,0,0,0
176412,193,4,0,0,0,0,0,0,0,0,0,0,0,0,0
230730,194,4,17,1,0,0,0,2,0,0,7,0,0,0,0
218997,195,4,0,0,0,0,0,0,0,0,0,0,0,0,0
551262,196,4,0,0,0,0,0,0,0,0,0,0,0,0,0
549653,197,4,0,0,0,0,0,0,0,0,0,0,0,0,0
172649,198,4,0,0,0,0,0,0,0,0,0,0,0,0,0
121709,199,4,90,2,0,0,0,3,3,0,3,0,0,0,1
437499,200,4,4,1,0,0,0,0,0,0,4,0,0,3,0
247348,201,4,90,2,0,0,0,1,0,0,23,0,0,7,1
427623,202,4,90,2,0,0,0,3,0,0,2,1,0,13,1
651426,203,4,0,0,0,0,0,0,0,0,0,0,0,0,0
244723,204,4,76,1,0,0,0,2,0,0,6,0,0,1,1
218364,205,4,0,0,0,0,0,0,0,0,0,0,0,0,0
515621,206,4,0,0,0,0,0,0,0,0,0,0,0,0,0
242313,207,4,0,0,0,0,0,0,0,0,0,0,0,0,0
232185,208,4,0,0,0,0,0,0,0,0,0,0,0,0,0
242898,209,4,74,3,0,0,1,0,0,0,13,0,0,6,1
496221,210,4,76,2,0,0,0,2,0,0,13,0,0,5,1
488024,211,4,36,1,0,0,0,1,0,0,4,0,0,1,1
108413,212,4,13,1,0,0,0,1,0,0,6,0,0,4,0
152551,213,4,6,1,0,0,0,1,0,0,3,0,0,1,0
209400,214,4,83,8,0,2,0,2,0,0,30,0,0,1,1
489706,215,4,0,0,0,0,0,0,0,0,0,0,0,0,0
606921,216,4,0,0,0,0,0,0,0,0,0,0,0,0,0
536694,217,4,0,0,0,0,0,0,0,0,0,0,0,0,0
438464,218,4,0,0,0,0,0,0,0,0,0,0,0,0,0
450542,219,4,0,0,0,0,0,0,0,0,0,0,0,0,0
590014,220,4,0,0,0,0,0,0,0,0,0,0,0,0,0
672492,221,4,0,0,0,0,0,0,0,0,0,0,0,0,0
247412,222,4,83,8,1,0,0,2,0,2,39,0,0,2,1
231747,223,4,0,0,0,0,0,0,0,0,0,0,0,0,0
205533,224,4,0,0,0,0,0,0,0,0,0,0,0,0,0
660392,225,4,0,0,0,0,0,0,0,0,0,0,0,0,0
111234,226,4,90,6,0,0,1,0,2,0,25,0,0,0,1
229600,227,4,0,0,0,0,0,0,0,0,0,0,0,0,0
138001,228,4,0,0,0,0,0,0,0,0,0,0,0,0,0
17761,229,4,90,8,0,0,1,0,0,2,32,0,0,8,1
480455,230,4,90,6,0,0,1,0,0,0,27,0,0,9,1
106611,231,4,0,0,0,0,0,0,0,0,0,0,0,0,0
512462,232,4,15,1,0,0,0,0,0,0,2,0,0,1,0
224967,233,4,90,11,0,0,1,0,0,3,38,0,0,11,1
243571,234,4,0,0,0,0,0,0,0,0,0,0,0,0,0
499300,235,4,0,0,0,0,0,0,0,0,0,0,0,0,0
215413,236,4,90,2,0,0,1,0,0,0,16,1,0,6,1
440993,237,4,45,1,0,0,0,0,0,0,15,0,0,10,0
114283,238,4,25,1,0,0,0,0,0,0,4,0,0,4,0
232928,239,4,90,4,0,0,1,0,0,0,23,1,0,17,1
490094,240,4,21,0,0,0,0,0,0,0,2,1,0,2,0
433154,241,4,0,0,0,0,0,0,0,0,0,0,0,0,0
550615,242,4,64,3,0,0,1,0,0,0,13,0,0,3,1
502697,243,4,0,0,0,0,0,0,0,0,0,0,0,0,0
609873,244,4,90,3,0,0,1,0,0,0,6,0,0,5,1
496661,245,4,0,0,0,0,0,0,0,0,0,0,0,0,0
513466,246,4,0,0,0,0,0,0,0,0,0,0,0,0,0
244860,247,4,15,1,0,0,0,0,0,0,3,0,0,1,0
486385,248,4,0,0,0,0,0,0,0,0,0,0,0,0,0
586309,249,4,90,2,0,0,1,0,0,0,5,0,0,2,1
80201,250,4,90,9,0,0,1,0,3,2,29,0,0,0,1
86873,251,4,0,0,0,0,0,0,0,0,0,0,0,0,0
505079,252,4,0,0,0,0,0,0,0,0,0,0,0,0,0
174874,253,4,0,0,0,0,0,0,0,0,0,0,0,0,0
169528,254,4,90,6,0,0,1,0,0,0,25,0,0,9,1
246301,255,4,0,0,0,0,0,0,0,0,0,0,0,0,0
167074,256,4,27,0,0,0,0,0,0,0,-1,1,0,3,0
232892,257,4,90,6,0,0,1,0,0,0,27,0,0,8,1
166477,258,4,71,6,0,0,1,0,0,0,23,0,0,5,1
219924,259,4,90,1,0,0,0,2,0,0,8,0,0,7,1
153682,260,4,18,1,0,0,0,1,0,0,4,0,0,2,0
153133,261,4,76,3,0,0,1,0,0,0,15,0,0,4,1
209289,262,4,13,1,0,0,0,0,0,0,3,0,0,2,0
560552,263,4,18,1,0,0,0,0,0,0,4,0,0,3,0
477555,264,4,62,3,0,0,1,0,0,0,12,0,0,7,1
207189,265,4,90,3,0,0,1,0,0,0,14,0,0,9,1
76357,266,4,0,0,0,0,0,0,0,0,0,0,0,0,0
212314,267,4,76,1,0,0,0,2,0,0,8,1,0,10,1
577725,268,4,76,3,0,0,1,0,0,0,19,0,0,4,1
184349,269,4,0,0,0,0,0,0,0,0,0,0,0,0,0
153366,270,4,0,0,0,0,0,0,0,0,0,0,0,0,0
244042,271,4,13,1,0,0,0,0,0,0,4,0,0,1,0
631786,272,4,0,0,0,0,0,0,0,0,0,0,0,0,0
167825,273,4,0,0,0,0,0,0,0,0,0,0,0,0,0
105666,274,4,0,0,0,0,0,0,0,0,0,0,0,0,0
494950,275,4,0,0,0,0,0,0,0,0,0,0,0,0,0
444307,276,4,0,0,0,0,0,0,0,0,0,0,0,0,0
108416,277,4,90,2,0,0,0,2,0,0,-1,1,0,14,1
501902,278,4,0,0,0,0,0,0,0,0,0,0,0,0,0
146426,279,4,90,1,0,0,0,2,0,0,-6,0,0,3,1
193278,280,4,81,1,0,0,0,2,0,0,2,0,0,3,1
433590,281,4,0,0,0,0,0,0,0,0,0,0,0,0,0
232351,282,4,90,4,0,1,0,2,0,0,20,0,0,7,1
449428,283,4,0,0,0,0,0,0,0,0,0,0,0,0,0
661800,284,4,0,0,0,0,0,0,0,0,0,0,0,0,0
160817,285,4,0,0,0,0,0,0,0,0,0,0,0,0,0
540324,286,4,59,13,2,0,0,1,0,2,43,0,0,1,1
232905,287,4,0,0,0,0,0,0,0,0,0,0,0,0,0
171270,288,4,0,0,0,0,0,0,0,0,0,0,0,0,0
101282,289,4,68,1,0,0,0,2,0,0,2,1,0,10,1
243413,290,4,90,2,0,0,0,2,0,0,22,0,0,11,1
465525,291,4,0,0,0,0,0,0,0,0,0,0,0,0,0
208481,292,4,0,0,0,0,0,0,0,0,0,0,0,0,0
490161,293,4,0,0,0,0,0,0,0,0,0,0,0,0,0
553783,294,4,0,0,0,0,0,0,0,0,0,0,0,0,0
169432,295,4,81,4,0,1,0,2,0,0,17,1,0,3,1
213292,296,4,0,0,0,0,0,0,0,0,0,0,0,0,0
470294,297,4,0,0,0,0,0,0,0,0,0,0,0,0,0
500957,298,4,0,0,0,0,0,0,0,0,0,0,0,0,0
534392,299,4,0,0,0,0,0,0,0,0,0,0,0,0,0
108813,300,4,0,0,0,0,0,0,0,0,0,0,0,0,0
112520,301,4,0,0,0,0,0,0,0,0,0,0,0,0,0
50093,302,4,0,0,0,0,0,0,0,0,0,0,0,0,0
183015,303,4,0,0,0,0,0,0,0,0,0,0,0,0,0
216616,304,4,90,1,0,0,0,2,0,0,5,0,0,9,1
455084,305,4,90,14,1,2,0,2,0,1,35,0,0,2,1
449429,306,4,87,1,0,0,0,2,0,0,7,0,0,6,1
222018,307,4,0,0,0,0,0,0,0,0,0,0,0,0,0
176420,308,4,0,0,0,0,0,0,0,0,0,0,0,0,0
501390,309,4,0,0,0,0,0,0,0,0,0,0,0,0,0
241117,310,4,0,0,0,0,0,0,0,0,0,0,0,0,0
149929,311,4,0,0,0,0,0,0,0,0,0,0,0,0,0
231899,312,4,0,0,0,0,0,0,0,0,0,0,0,0,0
443261,313,4,62,1,0,0,0,1,0,0,8,1,0,2,1
229164,314,4,0,0,0,0,0,0,0,0,0,0,0,0,0
531442,315,4,61,1,0,0,0,1,0,0,6,1,0,7,1
543968,316,4,62,12,1,1,0,1,0,3,45,0,0,2,1
222625,317,4,0,0,0,0,0,0,0,0,0,0,0,0,0
481624,318,4,28,1,0,0,0,1,0,0,6,0,0,3,0
172453,319,4,0,0,0,0,0,0,0,0,0,0,0,0,0
147675,320,4,0,0,0,0,0,0,0,0,0,0,0,0,0
557012,321,4,0,0,0,0,0,0,0,0,0,0,0,0,0
462387,322,4,0,0,0,0,0,0,0,0,0,0,0,0,0
461587,323,4,0,0,0,0,0,0,0,0,0,0,0,0,0
232457,324,4,0,0,0,0,0,0,0,0,0,0,0,0,0
59735,325,4,0,0,0,0,0,0,0,0,0,0,0,0,0
201595,326,4,0,0,0,0,0,0,0,0,0,0,0,0,0
434752,327,4,0,0,0,0,0,0,0,0,0,0,0,0,0
222694,328,4,12,1,0,0,0,0,0,0,4,0,0,4,0
214225,329,4,0,0,0,0,0,0,0,0,0,0,0,0,0
226182,330,4,82,15,1,0,1,0,0,3,45,0,0,3,1
243526,331,4,72,6,0,0,1,0,0,0,26,0,0,4,1
220627,332,4,90,2,0,0,0,1,0,0,11,0,0,5,1
437738,333,4,0,0,0,0,0,0,0,0,0,0,0,0,0
522047,334,4,90,7,0,1,0,1,0,0,27,0,0,11,1
466525,335,4,87,3,0,0,1,0,0,0,16,0,0,10,1
435997,336,4,71,9,1,0,1,0,0,1,35,0,0,6,1
427637,337,4,18,1,0,0,0,1,0,0,4,0,0,1,0
199598,338,4,90,7,0,1,0,1,0,0,25,0,0,12,1
180135,339,4,2,1,0,0,0,1,0,0,4,0,0,0,0
462635,340,4,0,0,0,0,0,0,0,0,0,0,0,0,0
492859,341,4,0,0,0,0,0,0,0,0,0,0,0,0,0
221399,342,4,0,0,0,0,0,0,0,0,0,0,0,0,0
200617,343,4,7,1,0,0,0,1,0,0,4,0,0,2,0
486520,344,4,0,0,0,0,0,0,0,0,0,0,0,0,0
248056,345,4,71,6,0,1,1,0,0,0,24,0,0,5,1
177815,346,4,77,10,1,1,1,0,0,2,37,1,0,5,1
174594,347,4,12,1,0,0,0,1,0,0,4,0,0,1,0
235826,348,4,0,0,0,0,0,0,0,0,0,0,0,0,0
565297,349,4,0,0,0,0,0,0,0,0,0,0,0,0,0
116535,350,4,90,9,0,0,1,0,3,2,29,0,0,0,1
449027,351,4,0,0,0,0,0,0,0,0,0,0,0,0,0
155503,352,4,0,0,0,0,0,0,0,0,0,0,0,0,0
586268,353,4,0,0,0,0,0,0,0,0,0,0,0,0,0
432987,354,4,0,0,0,0,0,0,0,0,0,0,0,0,0
464353,355,4,0,0,0,0,0,0,0,0,0,0,0,0,0
97032,356,4,90,8,0,0,1,0,0,0,25,0,0,10,1
216094,357,4,18,1,0,0,0,0,0,0,12,0,0,4,0
544877,358,4,45,1,0,0,0,0,0,0,6,0,0,3,0
171287,359,4,0,0,0,0,0,0,0,0,0,0,0,0,0
492777,360,4,0,0,0,0,0,0,0,0,0,0,0,0,0
519440,361,4,0,0,0,0,0,0,0,0,0,0,0,0,0
606702,362,4,90,9,0,0,1,0,0,3,36,0,0,5,1
647681,363,4,0,0,0,0,0,0,0,0,0,0,0,0,0
214285,364,4,45,1,0,0,0,0,0,0,2,0,0,3,1
489580,365,4,0,0,0,0,0,0,0,0,0,0,0,0,0
494595,366,4,90,3,0,0,1,0,0,0,14,0,0,9,1
243298,367,4,30,1,0,0,0,0,0,0,3,0,0,2,0
424876,368,4,90,3,0,0,1,0,0,0,25,0,0,6,1
611922,369,4,18,1,0,0,0,0,0,0,-1,0,0,1,0
223541,370,4,0,0,0,0,0,0,0,0,0,0,0,0,0
441266,371,4,59,1,0,0,0,0,0,0,13,0,0,10,1
243016,372,4,30,1,0,0,0,0,0,0,7,0,0,4,0
206915,373,4,0,0,0,0,0,0,0,0,0,0,0,0,0
158983,374,4,0,0,0,0,0,0,0,0,0,0,0,0,0
591386,375,4,0,0,0,0,0,0,0,0,0,0,0,0,0
535928,376,4,0,0,0,0,0,0,0,0,0,0,0,0,0
551499,377,4,59,1,0,0,0,0,0,0,5,0,0,2,1
491501,378,4,0,0,0,0,0,0,0,0,0,0,0,0,0
219168,379,4,90,2,0,0,1,0,0,0,5,0,0,1,1
510663,380,4,0,0,0,0,0,0,0,0,0,0,0,0,0
514514,381,4,0,0,0,0,0,0,0,0,0,0,0,0,0
500058,382,4,0,0,0,0,0,0,0,0,0,0,0,0,0
444884,383,4,0,0,0,0,0,0,0,0,0,0,0,0,0
204936,384,4,90,7,0,0,1,0,3,0,29,0,0,0,1
432720,385,4,90,3,0,0,0,1,4,0,17,0,0,0,1
122074,386,4,0,0,0,0,0,0,0,0,0,0,0,0,0
472769,387,4,8,1,0,0,0,0,0,0,3,0,0,0,0
209036,388,4,90,6,0,0,1,0,0,0,27,0,0,7,1
465351,389,4,90,9,0,0,1,0,0,1,34,0,0,11,1
171314,390,4,90,6,0,0,1,0,0,0,24,0,0,7,1
477424,391,4,90,11,0,1,1,0,0,3,36,1,0,7,1
448514,392,4,0,0,0,0,0,0,0,0,0,0,0,0,0
578153,393,4,0,0,0,0,0,0,0,0,0,0,0,0,0
494307,394,4,0,0,0,0,0,0,0,0,0,0,0,0,0
477064,395,4,0,0,0,0,0,0,0,0,0,0,0,0,0
616222,396,4,0,0,0,0,0,0,0,0,0,0,0,0,0
437730,397,4,90,3,0,0,1,0,0,0,7,0,0,3,1
209244,398,4,22,-2,0,0,0,0,0,0,-4,0,1,0,1
466052,399,4,45,1,0,0,0,0,0,0,4,0,0,1,1
248875,400,4,0,0,0,0,0,0,0,0,0,0,0,0,0
438234,401,4,76,2,0,0,1,0,0,0,9,0,0,5,1
220566,402,4,0,0,0,0,0,0,0,0,0,0,0,0,0
510281,403,4,90,3,0,0,1,0,0,0,22,0,0,6,1
433036,404,4,0,0,0,0,0,0,0,0,0,0,0,0,0
465694,405,4,18,1,0,0,0,0,0,0,3,0,0,1,1
91651,406,4,0,0,0,0,0,0,0,0,0,0,0,0,0
575204,407,4,0,0,0,0,0,0,0,0,0,0,0,0,0
155405,408,4,0,0,0,0,0,0,0,0,0,0,0,0,0
590039,409,4,0,0,0,0,0,0,0,0,0,0,0,0,0
649208,410,4,0,0,0,0,0,0,0,0,0,0,0,0,0
223094,411,4,90,9,1,0,1,0,0,3,36,0,0,3,1
465247,412,4,90,2,0,0,0,1,1,0,5,0,0,0,1
451302,413,4,0,0,0,0,0,0,0,0,0,0,0,0,0
21205,414,4,0,0,0,0,0,0,0,0,0,0,0,0,0
596777,415,4,90,4,0,0,0,1,0,0,19,0,0,12,1
209365,416,4,0,0,0,0,0,0,0,0,0,0,0,0,0
216051,417,4,90,2,0,0,0,1,0,0,9,0,0,3,1
95658,418,4,90,1,0,0,0,1,0,0,4,1,0,5,1
221820,419,4,90,2,0,0,0,1,0,0,14,0,0,6,1
550864,420,4,0,0,0,0,0,0,0,0,0,0,0,0,0
606745,421,4,0,0,0,0,0,0,0,0,0,0,0,0,0
230001,422,4,0,0,0,0,0,0,0,0,0,0,0,0,0
106760,423,4,0,0,0,0,0,0,0,0,0,0,0,0,0
577974,424,4,0,0,0,0,0,0,0,0,0,0,0,0,0
547676,425,4,0,0,0,0,0,0,0,0,0,0,0,0,0
141746,426,4,90,2,0,0,0,1,0,0,17,0,0,7,1
446008,427,4,90,2,0,0,0,1,0,0,9,0,0,5,1
430871,428,4,90,2,0,0,0,1,0,0,8,0,0,2,1
176297,429,4,82,2,0,0,0,1,0,0,6,0,0,5,1
184341,430,4,0,0,0,0,0,0,0,0,0,0,0,0,0
493250,431,4,0,0,0,0,0,0,0,0,0,0,0,0,0
516895,432,4,90,4,0,0,0,1,0,0,20,0,0,13,1
232112,433,4,0,0,0,0,0,0,0,0,0,0,0,0,0
547037,434,4,0,0,0,0,0,0,0,0,0,0,0,0,0
576628,435,4,0,0,0,0,0,0,0,0,0,0,0,0,0
490881,436,4,0,0,0,0,0,0,0,0,0,0,0,0,0
576620,437,4,0,0,0,0,0,0,0,0,0,0,0,0,0
519913,438,4,0,0,0,0,0,0,0,0,0,0,0,0,0
485711,439,4,23,1,0,0,0,0,0,0,4,0,0,2,0
458249,440,4,7,1,0,0,0,0,0,0,4,0,0,3,0
596047,441,4,0,0,0,0,0,0,0,0,0,0,0,0,0
98747,442,4,0,0,0,0,0,0,0,0,0,0,0,0,0
81441,443,4,0,0,0,0,0,0,0,0,0,0,0,0,0
554578,444,4,0,0,0,0,0,0,0,0,0,0,0,0,0
465642,445,4,90,2,0,0,0,4,0,0,-6,0,0,11,1
119471,446,4,0,0,0,0,0,0,0,0,0,0,0,0,0
220237,447,4,90,2,0,0,0,4,0,0,2,0,0,17,1
78916,448,4,0,0,0,0,0,0,0,0,0,0,0,0,0
487838,449,4,90,0,0,0,0,4,0,0,9,0,0,6,1
441191,450,4,32,3,0,1,0,1,0,0,9,1,0,3,0
545477,451,4,0,0,0,0,0,0,0,0,0,0,0,0,0
208706,452,4,45,7,1,0,0,0,0,1,29,0,0,3,0
201666,453,4,90,2,0,0,0,4,0,0,13,0,0,6,1
449434,454,4,0,0,0,0,0,0,0,0,0,0,0,0,0
432422,455,4,90,3,0,0,1,0,0,0,16,0,0,11,1
232653,456,4,0,0,0,0,0,0,0,0,0,0,0,0,0
114243,457,4,56,0,0,0,0,3,0,0,2,1,0,4,1
180974,458,4,0,0,0,0,0,0,0,0,0,0,0,0,0
547719,459,4,79,0,0,0,0,4,0,0,9,0,0,10,1
200089,460,4,32,1,0,0,0,1,0,0,8,0,0,4,0
611665,461,4,33,6,1,0,0,1,0,0,24,0,0,2,0
636852,462,4,71,2,0,0,0,4,0,0,14,0,0,7,0
470313,463,4,0,0,0,0,0,0,0,0,0,0,0,0,0
216646,464,4,90,2,0,0,0,4,0,0,3,0,0,5,1
538207,465,4,0,0,0,0,0,0,0,0,0,0,0,0,0
599303,466,4,0,0,0,0,0,0,0,0,0,0,0,0,0
85633,467,4,90,3,0,0,0,1,5,0,19,0,0,0,1
221389,468,4,0,0,0,0,0,0,0,0,0,0,0,0,0
215136,469,4,90,2,0,0,0,1,0,0,9,0,0,3,1
485047,470,4,0,0,0,0,0,0,0,0,0,0,0,0,0
227444,471,4,0,0,0,0,0,0,0,0,0,0,0,0,0
575476,472,4,90,6,0,1,0,1,0,0,18,1,0,12,1
159506,473,4,90,2,0,0,0,1,0,0,11,0,0,8,1
575458,474,4,0,0,0,0,0,0,0,0,0,0,0,0,0
500151,475,4,0,0,0,0,0,0,0,0,0,0,0,0,0
204822,476,4,0,0,0,0,0,0,0,0,0,0,0,0,0
549067,477,4,0,0,0,0,0,0,0,0,0,0,0,0,0
470315,478,4,0,0,0,0,0,0,0,0,0,0,0,0,0
538638,479,4,0,0,0,0,0,0,0,0,0,0,0,0,0
222531,480,4,90,8,0,1,0,1,0,3,42,0,0,4,1
215379,481,4,90,5,0,0,1,0,0,0,18,0,0,14,1
209046,482,4,0,0,0,0,0,0,0,0,0,0,0,0,0
456512,483,4,74,1,0,0,0,1,0,0,1,1,0,2,1
503301,484,4,0,0,0,0,0,0,0,0,0,0,0,0,0
476887,485,4,0,0,0,0,0,0,0,0,0,0,0,0,0
432714,486,4,81,3,0,0,0,1,0,0,18,1,0,12,1
250199,487,4,0,0,0,0,0,0,0,0,0,0,0,0,0
210462,488,4,8,1,0,0,0,0,0,0,2,0,0,2,0
204968,489,4,0,0,0,0,0,0,0,0,0,0,0,0,0
60689,490,4,1,1,0,0,0,0,0,0,3,0,0,0,0
482973,491,4,15,7,1,0,0,0,0,2,34,0,0,3,0
210156,492,4,52,-2,0,0,0,5,0,0,-5,0,1,2,1
465680,493,4,0,0,0,0,0,0,0,0,0,0,0,0,0
184254,494,4,0,0,0,0,0,0,0,0,0,0,0,0,0
214572,495,4,0,0,0,0,0,0,0,0,0,0,0,0,0
485055,496,4,90,7,0,0,1,0,3,0,29,0,0,0,1
67089,497,4,0,0,0,0,0,0,0,0,0,0,0,0,0
221466,498,4,0,0,0,0,0,0,0,0,0,0,0,0,0
441164,499,4,0,0,0,0,0,0,0,0,0,0,0,0,0
221632,500,4,0,0,0,0,0,0,0,0,0,0,0,0,0
135720,501,4,90,1,0,0,0,2,0,0,6,0,0,4,1
122798,502,4,90,7,0,0,1,0,0,1,30,0,0,2,1
491279,503,4,90,6,0,0,1,0,0,0,27,0,0,6,1
610799,504,4,77,6,0,0,1,0,0,0,27,0,0,9,1
232859,505,4,0,0,0,0,0,0,0,0,0,0,0,0,0
487053,506,4,0,0,0,0,0,0,0,0,0,0,0,0,0
548308,507,4,0,0,0,0,0,0,0,0,0,0,0,0,0
115556,508,4,0,0,0,0,0,0,0,0,0,0,0,0,0
640419,509,4,0,0,0,0,0,0,0,0,0,0,0,0,0
499716,510,4,0,0,0,0,0,0,0,0,0,0,0,0,0
616221,511,4,0,0,0,0,0,0,0,0,0,0,0,0,0
460842,512,4,27,1,0,0,0,0,0,0,8,0,0,2,0
493362,513,4,0,0,0,0,0,0,0,0,0,0,0,0,0
511499,514,4,27,1,0,0,0,0,0,0,3,0,0,0,0
172780,515,4,13,1,0,0,0,0,0,0,3,0,0,3,0
202993,516,4,62,3,0,0,1,0,0,0,15,0,0,10,1
550839,517,4,0,0,0,0,0,0,0,0,0,0,0,0,0
482442,518,4,0,0,0,0,0,0,0,0,0,0,0,0,0
232787,519,4,0,0,0,0,0,0,0,0,0,0,0,0,0
570526,520,4,27,1,0,0,0,0,0,0,8,0,0,4,0
445044,521,4,0,0,0,0,0,0,0,0,0,0,0,0,0
547701,522,4,84,3,0,0,1,0,0,0,13,0,0,11,1
499721,523,4,0,0,0,0,0,0,0,0,0,0,0,0,0
499726,524,4,0,0,0,0,0,0,0,0,0,0,0,0,0
551226,525,4,62,3,0,0,1,0,0,0,15,0,0,4,1
154566,526,4,62,2,0,0,1,0,0,0,4,0,0,2,1
212319,527,4,0,0,0,0,0,0,0,0,0,0,0,0,0
490145,528,4,0,0,0,0,0,0,0,0,0,0,0,0,0
498016,529,4,90,2,0,0,0,2,3,0,9,0,0,0,1
232571,530,4,0,0,0,0,0,0,0,0,0,0,0,0,0
515046,531,4,0,0,0,0,0,0,0,0,0,0,0,0,0
223827,532,4,90,0,0,0,0,2,0,0,0,1,0,6,1
200834,533,4,90,0,0,0,0,2,0,0,-5,1,0,6,1
487676,534,4,0,0,0,0,0,0,0,0,0,0,0,0,0
201895,535,4,0,0,0,0,0,0,0,0,0,0,0,0,0
434399,536,4,90,-2,0,0,0,2,0,0,-12,0,1,7,1
519634,537,4,0,0,0,0,0,0,0,0,0,0,0,0,0
477547,538,4,0,0,0,0,0,0,0,0,0,0,0,0,0
167512,539,4,0,0,0,0,0,0,0,0,0,0,0,0,0
105717,540,4,0,0,0,0,0,0,0,0,0,0,0,0,0
93605,541,4,75,2,0,0,0,1,0,0,5,0,0,2,1
484420,542,4,90,0,0,0,0,2,0,0,6,0,0,4,1
547027,543,4,0,0,0,0,0,0,0,0,0,0,0,0,0
84450,544,4,90,1,0,0,0,2,0,0,19,1,0,11,1
577669,545,4,90,2,0,0,0,2,0,0,11,0,0,10,1
535818,546,4,0,0,0,0,0,0,0,0,0,0,0,0,0
461199,547,4,0,0,0,0,0,0,0,0,0,0,0,0,0
554197,548,4,0,0,0,0,0,0,0,0,0,0,0,0,0
549912,549,4,0,0,0,0,0,0,0,0,0,0,0,0,0
699989,550,4,0,0,0,0,0,0,0,0,0,0,0,0,0
536661,551,4,69,2,0,0,0,1,0,0,7,0,0,3,1
441264,552,4,90,1,0,0,0,2,0,0,4,1,0,4,1
437505,553,4,20,1,0,0,0,1,0,0,1,0,0,1,0
546600,554,4,0,0,0,0,0,0,0,0,0,0,0,0,0
169593,555,4,0,0,0,0,0,0,0,0,0,0,0,0,0
169359,556,4,0,0,0,0,0,0,0,0,0,0,0,0,0
439509,557,4,80,3,0,0,1,0,0,0,10,0,0,3,1
204561,558,4,90,3,0,0,0,1,0,0,18,1,0,16,1
632794,559,4,10,1,0,0,0,0,0,0,4,0,0,2,0
549939,560,4,0,0,0,0,0,0,0,0,0,0,0,0,0
622758,561,4,0,0,0,0,0,0,0,0,0,0,0,0,0
442967,562,4,27,1,0,0,0,1,0,0,1,0,0,0,0
445028,563,4,0,0,0,0,0,0,0,0,0,0,0,0,0
240514,564,4,90,1,0,0,0,2,2,0,6,0,0,0,1
513545,565,4,90,4,0,0,0,2,0,0,19,0,0,13,1
483067,566,4,90,3,0,0,0,2,0,0,-2,0,0,10,1
470551,567,4,90,1,0,0,0,4,3,0,2,0,0,0,1
543158,568,4,21,0,0,0,0,0,0,0,7,1,0,2,0
551466,569,4,76,2,0,0,1,0,0,0,5,0,0,3,1
571779,570,4,0,0,0,0,0,0,0,0,0,0,0,0,0
216055,571,4,13,1,0,0,0,0,0,0,8,0,0,2,0
473284,572,4,90,2,0,0,0,2,5,0,15,0,0,0,1
494928,573,4,0,0,0,0,0,0,0,0,0,0,0,0,0
552946,574,4,0,0,0,0,0,0,0,0,0,0,0,0,0
661888,575,4,17,1,0,0,0,2,0,0,3,0,0,0,0
608227,576,4,59,1,0,0,0,1,0,0,3,0,0,5,1
223723,577,4,53,0,0,0,0,2,0,0,6,0,0,5,0
465920,578,4,0,0,0,0,0,0,0,0,0,0,0,0,0
445087,579,4,71,6,0,0,1,0,0,0,24,0,0,4,1
463210,580,4,90,5,0,0,1,0,0,0,19,0,0,17,1
568420,581,4,90,4,0,0,0,1,0,0,10,0,0,14,1
690838,582,4,0,0,0,0,0,0,0,0,0,0,0,0,0
498444,583,4,45,1,0,0,0,0,0,0,4,0,0,1,0
196100,584,4,0,0,0,0,0,0,0,0,0,0,0,0,0
597462,585,4,31,1,0,0,0,1,0,0,-1,0,0,1,0
606930,586,4,58,1,0,0,0,1,0,0,3,0,0,7,1
106921,587,4,0,0,0,0,0,0,0,0,0,0,0,0,0
570794,588,4,90,7,1,0,0,3,0,0,4,0,0,5,1
469266,589,4,0,0,0,0,0,0,0,0,0,0,0,0,0
428971,590,4,0,0,0,0,0,0,0,0,0,0,0,0,0
474120,591,4,90,2,0,0,0,2,0,0,7,0,0,5,1
572584,592,4,2,1,0,0,0,0,0,0,5,0,0,1,0
463726,593,4,57,0,0,0,0,3,0,0,-3,0,0,6,1
538007,594,4,0,0,0,0,0,0,0,0,0,0,0,0,0
559152,595,4,6,1,0,0,0,1,0,0,3,0,0,0,0
487992,596,4,0,0,0,0,0,0,0,0,0,0,0,0,0
433969,597,4,90,2,0,0,0,2,5,0,17,0,0,0,1
173774,598,4,90,2,0,0,0,1,0,0,8,0,0,9,1
627221,599,4,30,1,0,0,0,3,0,0,3,0,0,1,0
612855,600,4,12,1,0,0,0,0,0,0,2,0,0,1,0
611917,601,4,0,0,0,0,0,0,0,0,0,0,0,0,0
524180,602,4,0,0,0,0,0,0,0,0,0,0,0,0,0
643970,603,4,0,0,0,0,0,0,0,0,0,0,0,0,0
592740,604,4,0,0,0,0,0,0,0,0,0,0,0,0,0
611695,605,4,64,8,1,0,1,0,0,0,29,0,0,6,1
569577,606,4,0,0,0,0,0,0,0,0,0,0,0,0,0
571380,607,4,0,0,0,0,0,0,0,0,0,0,0,0,0
523700,608,4,0,0,0,0,0,0,0,0,0,0,0,0,0
553746,609,4,0,0,0,0,0,0,0,0,0,0,0,0,0
547686,610,4,0,0,0,0,0,0,0,0,0,0,0,0,0
214590,611,4,90,3,0,0,0,2,0,0,11,0,0,12,1
638411,612,4,0,0,0,0,0,0,0,0,0,0,0,0,0
696104,613,4,0,0,0,0,0,0,0,0,0,0,0,0,0
512123,614,4,0,0,0,0,0,0,0,0,0,0,0,0,0
230650,615,4,0,0,0,0,0,0,0,0,0,0,0,0,0
637238,616,4,0,0,0,0,0,0,0,0,0,0,0,0,0
490884,617,4,30,1,0,0,0,1,0,0,3,0,0,2,0
119090,618,4,0,0,0,0,0,0,0,0,0,0,0,0,0
218543,619,4,90,4,0,0,0,2,0,0,14,0,0,13,1
613804,620,4,30,1,0,0,0,0,0,0,4,0,0,1,0
616288,621,4,0,0,0,0,0,0,0,0,0,0,0,0,0
554054,622,4,0,0,0,0,0,0,0,0,0,0,0,0,0
79602,623,4,0,0,0,0,0,0,0,0,0,0,0,0,0
519324,624,4,0,0,0,0,0,0,0,0,0,0,0,0,0
97846,625,4,0,0,0,0,0,0,0,0,0,0,0,0,0
616069,626,4,0,0,0,0,0,0,0,0,0,0,0,0,0
482616,627,4,71,3,0,0,1,0,0,0,9,0,0,5,1
624777,628,4,0,0,0,0,0,0,0,0,0,0,0,0,0
155465,629,4,0,0,0,0,0,0,0,0,0,0,0,0,0
245719,630,4,0,0,0,0,0,0,0,0,0,0,0,0,0
638987,631,4,27,1,0,0,0,1,0,0,6,0,0,2,0
626751,632,4,0,0,0,0,0,0,0,0,0,0,0,0,0
605972,633,4,90,3,0,0,0,3,0,0,10,0,0,11,1
613221,634,4,57,1,0,0,0,3,0,0,5,0,0,2,1
551050,635,4,13,1,0,0,0,0,0,0,3,0,0,1,0
500033,636,4,0,0,0,0,0,0,0,0,0,0,0,0,0
631000,637,4,8,1,0,0,0,0,0,0,3,0,0,1,0
496181,638,4,8,0,0,0,0,0,0,0,0,1,0,0,0
592984,639,4,25,4,0,1,0,0,0,0,10,0,0,4,0
431639,640,4,27,5,1,0,0,1,0,0,32,0,0,2,0
437497,641,4,18,1,0,0,0,1,0,0,1,0,0,2,0
243951,642,4,30,1,0,0,0,1,0,0,6,0,0,4,0
172850,643,4,13,1,0,0,0,1,0,0,1,0,0,1,0
450063,644,4,90,4,0,0,0,3,0,0,24,0,0,16,1
647839,645,4,0,0,0,0,0,0,0,0,0,0,0,0,0
549940,646,4,14,1,0,0,0,1,0,0,2,0,0,0,0
533646,647,4,0,0,0,0,0,0,0,0,0,0,0,0,0
587982,648,4,0,0,0,0,0,0,0,0,0,0,0,0,0
154043,649,4,74,6,0,0,1,0,0,0,23,0,0,5,1
442299,650,4,90,8,0,0,1,0,0,0,23,0,0,12,1
661313,651,4,0,0,0,0,0,0,0,0,0,0,0,0,0
471551,652,4,0,0,0,0,0,0,0,0,0,0,0,0,0
595480,653,4,0,0,0,0,0,0,0,0,0,0,0,0,0
629068,654,4,0,0,0,0,0,0,0,0,0,0,0,0,0
242893,655,4,0,0,0,0,0,0,0,0,0,0,0,0,0
566213,656,4,0,0,0,0,0,0,0,0,0,0,0,0,0
626464,657,4,0,0,0,0,0,0,0,0,0,0,0,0,0
661016,658,4,0,0,0,0,0,0,0,0,0,0,0,0,0
665243,659,4,0,0,0,0,0,0,0,0,0,0,0,0,0
