run_id,snapshot_ts,next_event,deadline_time,hours_to_deadline,code,id,position,team,status,news,news_added,chance_of_playing_this_round,chance_of_playing_next_round,now_cost,selected_by_percent,minutes_factor
9d0256d6-3d5d-4dcf-9573-7f8cfb42c24b,2026-08-20T15:49:52.496458+00:00,1,2026-08-21T17:30:00Z,25.66875098388889,154561,1,GK,1,a,,,,,60,36.3,1.0
9d0256d6-3d5d-4dcf-9573-7f8cfb42c24b,2026-08-20T15:49:52.496458+00:00,1,2026-08-21T17:30:00Z,25.66875098388889,109745,2,GK,1,a,,,,,50,0.1,0.02
9d0256d6-3d5d-4dcf-9573-7f8cfb42c24b,2026-08-20T15:49:52.496458+00:00,1,2026-08-21T17:30:00Z,25.66875098388889,437495,3,GK,1,a,,,,,50,0.0,0.02
9d0256d6-3d5d-4dcf-9573-7f8cfb42c24b,2026-08-20T15:49:52.496458+00:00,1,2026-08-21T17:30:00Z,25.66875098388889,226597,4,DEF,1,a,,,,,80,29.6,0.8333333333333334
9d0256d6-3d5d-4dcf-9573-7f8cfb42c24b,2026-08-20T15:49:52.496458+00:00,1,2026-08-21T17:30:00Z,25.66875098388889,445122,5,DEF,1,i,Groin injury - Unknown return date,2026-07-23T12:01:23.272929Z,,0.0,65,0.2,0.0
9d0256d6-3d5d-4dcf-9573-7f8cfb42c24b,2026-08-20T15:49:52.496458+00:00,1,2026-08-21T17:30:00Z,25.66875098388889,462424,6,DEF,1,i,Back injury - Unknown return date,2026-07-23T12:01:23.289376Z,,0.0,60,0.3,0.0
9d0256d6-3d5d-4dcf-9573-7f8cfb42c24b,2026-08-20T15:49:52.496458+00:00,1,2026-08-21T17:30:00Z,25.66875098388889,499169,7,MID,1,a,,,,,55,0.6,0.6666666666666666
9d0256d6-3d5d-4dcf-9573-7f8cfb42c24b,2026-08-20T15:49:52.496458+00:00,1,2026-08-21T17:30:00Z,25.66875098388889,466075,8,DEF,1,a,,,,,55,32.3,0.8333333333333334
9d0256d6-3d5d-4dcf-9573-7f8cfb42c24b,2026-08-20T15:49:52.496458+00:00,1,2026-08-21T17:30:00Z,25.66875098388889,448104,9,DEF,1,a,,,,,55,2.3,0.6666666666666666
9d0256d6-3d5d-4dcf-9573-7f8cfb42c24b,2026-08-20T15:49:52.496458+00:00,1,2026-08-21T17:30:00Z,25.66875098388889,198869,10,DEF,1,a,,2026-07-23T12:01:23.305229Z,,100.0,55,3.6,1.0
9d0256d6-3d5d-4dcf-9573-7f8cfb42c24b,2026-08-20T15:49:52.496458+00:00,1,2026-08-21T17:30:00Z,25.66875098388889,500040,11,DEF,1,a,,,,,55,8.8,0.5
9d0256d6-3d5d-4dcf-9573-7f8cfb42c24b,2026-08-20T15:49:52.496458+00:00,1,2026-08-21T17:30:00Z,25.66875098388889,223340,12,MID,1,a,,,,,95,9.3,0.8333333333333334
9d0256d6-3d5d-4dcf-9573-7f8cfb42c24b,2026-08-20T15:49:52.496458+00:00,1,2026-08-21T17:30:00Z,25.66875098388889,204480,13,MID,1,a,,,,,75,19.1,1.0
9d0256d6-3d5d-4dcf-9573-7f8cfb42c24b,2026-08-20T15:49:52.496458+00:00,1,2026-08-21T17:30:00Z,25.66875098388889,232413,14,MID,1,a,,,,,65,2.2,0.8333333333333334
9d0256d6-3d5d-4dcf-9573-7f8cfb42c24b,2026-08-20T15:49:52.496458+00:00,1,2026-08-21T17:30:00Z,25.66875098388889,184029,15,MID,1,a,,,,,65,6.6,0.5
9d0256d6-3d5d-4dcf-9573-7f8cfb42c24b,2026-08-20T15:49:52.496458+00:00,1,2026-08-21T17:30:00Z,25.66875098388889,248857,16,MID,1,a,,,,,65,0.3,0.6666666666666666
9d0256d6-3d5d-4dcf-9573-7f8cfb42c24b,2026-08-20T15:49:52.496458+00:00,1,2026-08-21T17:30:00Z,25.66875098388889,195384,17,MID,1,a,,,,,60,0.8,0.3333333333333333
9d0256d6-3d5d-4dcf-9573-7f8cfb42c24b,2026-08-20T15:49:52.496458+00:00,1,2026-08-21T17:30:00Z,25.66875098388889,444145,18,MID,1,a,,,,,65,0.2,0.3333333333333333
9d0256d6-3d5d-4dcf-9573-7f8cfb42c24b,2026-08-20T15:49:52.496458+00:00,1,2026-08-21T17:30:00Z,25.66875098388889,481655,19,MID,1,a,,,,,55,1.2,0.5
9d0256d6-3d5d-4dcf-9573-7f8cfb42c24b,2026-08-20T15:49:52.496458+00:00,1,2026-08-21T17:30:00Z,25.66875098388889,616077,20,MID,1,a,,,,,55,0.1,0.16666666666666666
9d0256d6-3d5d-4dcf-9573-7f8cfb42c24b,2026-08-20T15:49:52.496458+00:00,1,2026-08-21T17:30:00Z,25.66875098388889,499175,22,MID,1,a,,,,,55,0.0,0.0
9d0256d6-3d5d-4dcf-9573-7f8cfb42c24b,2026-08-20T15:49:52.496458+00:00,1,2026-08-21T17:30:00Z,25.66875098388889,438098,23,MID,1,a,,,,,55,0.0,0.0
9d0256d6-3d5d-4dcf-9573-7f8cfb42c24b,2026-08-20T15:49:52.496458+00:00,1,2026-08-21T17:30:00Z,25.66875098388889,200641,24,MID,1,a,,,,,55,0.0,0.0
9d0256d6-3d5d-4dcf-9573-7f8cfb42c24b,2026-08-20T15:49:52.496458+00:00,1,2026-08-21T17:30:00Z,25.66875098388889,224117,25,FWD,1,a,,,,,75,10.0,0.3333333333333333
9d0256d6-3d5d-4dcf-9573-7f8cfb42c24b,2026-08-20T15:49:52.496458+00:00,1,2026-08-21T17:30:00Z,25.66875098388889,219847,26,FWD,1,a,,,,,75,4.7,0.6666666666666666
9d0256d6-3d5d-4dcf-9573-7f8cfb42c24b,2026-08-20T15:49:52.496458+00:00,1,2026-08-21T17:30:00Z,25.66875098388889,205651,27,FWD,1,a,,,,,60,0.4,0.3333333333333333
9d0256d6-3d5d-4dcf-9573-7f8cfb42c24b,2026-08-20T15:49:52.496458+00:00,1,2026-08-21T17:30:00Z,25.66875098388889,208706,452,MID,1,a,,,,,70,8.3,0.8333333333333334
9d0256d6-3d5d-4dcf-9573-7f8cfb42c24b,2026-08-20T15:49:52.496458+00:00,1,2026-08-21T17:30:00Z,25.66875098388889,439509,557,MID,1,a,,,,,65,19.6,0.5
9d0256d6-3d5d-4dcf-9573-7f8cfb42c24b,2026-08-20T15:49:52.496458+00:00,1,2026-08-21T17:30:00Z,25.66875098388889,98980,28,GK,2,a,,,,,50,4.6,1.0
9d0256d6-3d5d-4dcf-9573-7f8cfb42c24b,2026-08-20T15:49:52.496458+00:00,1,2026-08-21T17:30:00Z,25.66875098388889,72147,29,GK,2,a,,,,,45,0.1,0.02
9d0256d6-3d5d-4dcf-9573-7f8cfb42c24b,2026-08-20T15:49:52.496458+00:00,1,2026-08-21T17:30:00Z,25.66875098388889,101188,30,DEF,2,u,Has joined Paris Saint-Germain permanently,2026-08-10T14:03:30.089007Z,,0.0,45,0.3,0.0
9d0256d6-3d5d-4dcf-9573-7f8cfb42c24b,2026-08-20T15:49:52.496458+00:00,1,2026-08-21T17:30:00Z,25.66875098388889,199798,31,DEF,2,a,,,,,45,15.8,1.0
9d0256d6-3d5d-4dcf-9573-7f8cfb42c24b,2026-08-20T15:49:52.496458+00:00,1,2026-08-21T17:30:00Z,25.66875098388889,199796,32,DEF,2,a,,,,,45,8.5,0.8333333333333334
9d0256d6-3d5d-4dcf-9573-7f8cfb42c24b,2026-08-20T15:49:52.496458+00:00,1,2026-08-21T17:30:00Z,25.66875098388889,149484,33,DEF,2,a,,,,,45,0.3,1.0
9d0256d6-3d5d-4dcf-9573-7f8cfb42c24b,2026-08-20T15:49:52.496458+00:00,1,2026-08-21T17:30:00Z,25.66875098388889,244954,34,DEF,2,a,,,,,45,0.4,0.8333333333333334
9d0256d6-3d5d-4dcf-9573-7f8cfb42c24b,2026-08-20T15:49:52.496458+00:00,1,2026-08-21T17:30:00Z,25.66875098388889,515597,35,MID,2,a,,,,,50,0.1,0.6666666666666666
9d0256d6-3d5d-4dcf-9573-7f8cfb42c24b,2026-08-20T15:49:52.496458+00:00,1,2026-08-21T17:30:00Z,25.66875098388889,441302,36,DEF,2,a,,,,,45,0.9,0.6666666666666666
9d0256d6-3d5d-4dcf-9573-7f8cfb42c24b,2026-08-20T15:49:52.496458+00:00,1,2026-08-21T17:30:00Z,25.66875098388889,184667,37,DEF,2,a,,,,,45,0.2,0.8333333333333334
9d0256d6-3d5d-4dcf-9573-7f8cfb42c24b,2026-08-20T15:49:52.496458+00:00,1,2026-08-21T17:30:00Z,25.66875098388889,606798,38,DEF,2,a,,,,,40,1.7,0.16666666666666666
9d0256d6-3d5d-4dcf-9573-7f8cfb42c24b,2026-08-20T15:49:52.496458+00:00,1,2026-08-21T17:30:00Z,25.66875098388889,578545,39,DEF,2,u,Has joined Rangers on loan for the rest of the season,2026-08-19T13:56:46.385411Z,,0.0,40,0.6,0.0
9d0256d6-3d5d-4dcf-9573-7f8cfb42c24b,2026-08-20T15:49:52.496458+00:00,1,2026-08-21T17:30:00Z,25.66875098388889,195546,41,MID,2,a,,,,,60,1.4,0.5
9d0256d6-3d5d-4dcf-9573-7f8cfb42c24b,2026-08-20T15:49:52.496458+00:00,1,2026-08-21T17:30:00Z,25.66875098388889,215711,44,MID,2,a,,,,,55,0.1,0.16666666666666666
9d0256d6-3d5d-4dcf-9573-7f8cfb42c24b,2026-08-20T15:49:52.496458+00:00,1,2026-08-21T17:30:00Z,25.66875098388889,122806,45,MID,2,a,,,,,55,3.2,0.8333333333333334
9d0256d6-3d5d-4dcf-9573-7f8cfb42c24b,2026-08-20T15:49:52.496458+00:00,1,2026-08-21T17:30:00Z,25.66875098388889,88894,46,MID,2,a,,,,,50,0.2,0.6666666666666666
9d0256d6-3d5d-4dcf-9573-7f8cfb42c24b,2026-08-20T15:49:52.496458+00:00,1,2026-08-21T17:30:00Z,25.66875098388889,226944,47,MID,2,a,,2026-07-23T12:01:23.337269Z,,100.0,50,0.3,1.0
9d0256d6-3d5d-4dcf-9573-7f8cfb42c24b,2026-08-20T15:49:52.496458+00:00,1,2026-08-21T17:30:00Z,25.66875098388889,449871,48,MID,2,i,Knee injury - Unknown return date,2026-07-23T12:01:23.352497Z,,0.0,50,0.0,0.0
9d0256d6-3d5d-4dcf-9573-7f8cfb42c24b,2026-08-20T15:49:52.496458+00:00,1,2026-08-21T17:30:00Z,25.66875098388889,469247,49,MID,2,u,Has joined Bolton Wanderers on loan for the rest of the season,2026-08-17T13:52:28.532616Z,,0.0,50,0.0,0.0
9d0256d6-3d5d-4dcf-9573-7f8cfb42c24b,2026-08-20T15:49:52.496458+00:00,1,2026-08-21T17:30:00Z,25.66875098388889,645618,50,MID,2,a,,,,,45,0.7,0.0
9d0256d6-3d5d-4dcf-9573-7f8cfb42c24b,2026-08-20T15:49:52.496458+00:00,1,2026-08-21T17:30:00Z,25.66875098388889,577285,51,MID,2,a,,,,,45,0.6,0.0
9d0256d6-3d5d-4dcf-9573-7f8cfb42c24b,2026-08-20T15:49:52.496458+00:00,1,2026-08-21T17:30:00Z,25.66875098388889,653481,52,MID,2,a,,,,,50,0.0,0.0
9d0256d6-3d5d-4dcf-9573-7f8cfb42c24b,2026-08-20T15:49:52.496458+00:00,1,2026-08-21T17:30:00Z,25.66875098388889,614071,53,MID,2,i,Knee injury - Unknown return date,2026-08-15T15:30:06.388335Z,,0.0,60,0.5,0.0
9d0256d6-3d5d-4dcf-9573-7f8cfb42c24b,2026-08-20T15:49:52.496458+00:00,1,2026-08-21T17:30:00Z,25.66875098388889,448089,54,MID,2,i,Calf injury - Unknown return date,2026-08-15T16:00:07.546807Z,,0.0,55,0.1,0.0
9d0256d6-3d5d-4dcf-9573-7f8cfb42c24b,2026-08-20T15:49:52.496458+00:00,1,2026-08-21T17:30:00Z,25.66875098388889,178301,55,FWD,2,a,,,,,80,11.5,0.8333333333333334
9d0256d6-3d5d-4dcf-9573-7f8cfb42c24b,2026-08-20T15:49:52.496458+00:00,1,2026-08-21T17:30:00Z,25.66875098388889,173879,56,FWD,2,d,Knock - 75% chance of playing,2026-08-15T16:00:07.558543Z,,75.0,55,0.2,0.75
9d0256d6-3d5d-4dcf-9573-7f8cfb42c24b,2026-08-20T15:49:52.496458+00:00,1,2026-08-21T17:30:00Z,25.66875098388889,493105,160,MID,2,a,,,,,60,0.7,0.16666666666666666
9d0256d6-3d5d-4dcf-9573-7f8cfb42c24b,2026-08-20T15:49:52.496458+00:00,1,2026-08-21T17:30:00Z,25.66875098388889,690838,582,FWD,2,i,Unspecified injury - Unknown return date,2026-08-15T16:00:07.974271Z,,0.0,55,0.7,0.0
9d0256d6-3d5d-4dcf-9573-7f8cfb42c24b,2026-08-20T15:49:52.496458+00:00,1,2026-08-21T17:30:00Z,25.66875098388889,487992,596,DEF,2,a,,,,,45,0.0,0.5
9d0256d6-3d5d-4dcf-9573-7f8cfb42c24b,2026-08-20T15:49:52.496458+00:00,1,2026-08-21T17:30:00Z,25.66875098388889,433969,597,GK,2,a,,,,,50,0.0,0.02
9d0256d6-3d5d-4dcf-9573-7f8cfb42c24b,2026-08-20T15:49:52.496458+00:00,1,2026-08-21T17:30:00Z,25.66875098388889,457569,57,GK,3,a,,,,,45,3.4,1.0
9d0256d6-3d5d-4dcf-9573-7f8cfb42c24b,2026-08-20T15:49:52.496458+00:00,1,2026-08-21T17:30:00Z,25.66875098388889,40383,58,GK,3,a,,,,,40,3.2,0.02
9d0256d6-3d5d-4dcf-9573-7f8cfb42c24b,2026-08-20T15:49:52.496458+00:00,1,2026-08-21T17:30:00Z,25.66875098388889,444172,59,GK,3,a,,,,,40,0.2,0.02
9d0256d6-3d5d-4dcf-9573-7f8cfb42c24b,2026-08-20T15:49:52.496458+00:00,1,2026-08-21T17:30:00Z,25.66875098388889,463981,60,DEF,3,a,,,,,55,1.0,1.0
9d0256d6-3d5d-4dcf-9573-7f8cfb42c24b,2026-08-20T15:49:52.496458+00:00,1,2026-08-21T17:30:00Z,25.66875098388889,494521,61,DEF,3,a,,,,,55,4.8,1.0
9d0256d6-3d5d-4dcf-9573-7f8cfb42c24b,2026-08-20T15:49:52.496458+00:00,1,2026-08-21T17:30:00Z,25.66875098388889,242882,62,DEF,3,a,,,,,50,0.2,0.5
9d0256d6-3d5d-4dcf-9573-7f8cfb42c24b,2026-08-20T15:49:52.496458+00:00,1,2026-08-21T17:30:00Z,25.66875098388889,620487,63,DEF,3,i,Unspecified injury - Unknown return date,2026-08-06T10:00:10.456051Z,,0.0,50,0.0,0.0
9d0256d6-3d5d-4dcf-9573-7f8cfb42c24b,2026-08-20T15:49:52.496458+00:00,1,2026-08-21T17:30:00Z,25.66875098388889,54469,64,DEF,3,a,,,,,45,0.1,0.6666666666666666
9d0256d6-3d5d-4dcf-9573-7f8cfb42c24b,2026-08-20T15:49:52.496458+00:00,1,2026-08-21T17:30:00Z,25.66875098388889,436893,65,DEF,3,i,Thigh injury - Unknown return date,2026-08-09T08:00:05.645826Z,,0.0,45,0.0,0.0
9d0256d6-3d5d-4dcf-9573-7f8cfb42c24b,2026-08-20T15:49:52.496458+00:00,1,2026-08-21T17:30:00Z,25.66875098388889,575901,66,DEF,3,d,Hamstring injury - 75% chance of playing,2026-08-15T16:30:07.021055Z,,75.0,40,0.3,0.75
9d0256d6-3d5d-4dcf-9573-7f8cfb42c24b,2026-08-20T15:49:52.496458+00:00,1,2026-08-21T17:30:00Z,25.66875098388889,499604,67,MID,3,a,,,,,65,2.9,0.8333333333333334
9d0256d6-3d5d-4dcf-9573-7f8cfb42c24b,2026-08-20T15:49:52.496458+00:00,1,2026-08-21T17:30:00Z,25.66875098388889,201658,68,MID,3,a,,,,,60,1.7,1.0
9d0256d6-3d5d-4dcf-9573-7f8cfb42c24b,2026-08-20T15:49:52.496458+00:00,1,2026-08-21T17:30:00Z,25.66875098388889,503139,69,MID,3,a,,,,,60,1.5,1.0
9d0256d6-3d5d-4dcf-9573-7f8cfb42c24b,2026-08-20T15:49:52.496458+00:00,1,2026-08-21T17:30:00Z,25.66875098388889,222683,70,MID,3,a,,,,,60,1.1,0.5
9d0256d6-3d5d-4dcf-9573-7f8cfb42c24b,2026-08-20T15:49:52.496458+00:00,1,2026-08-21T17:30:00Z,25.66875098388889,155408,71,MID,3,a,,,,,50,0.1,0.5
9d0256d6-3d5d-4dcf-9573-7f8cfb42c24b,2026-08-20T15:49:52.496458+00:00,1,2026-08-21T17:30:00Z,25.66875098388889,496208,72,MID,3,a,,,,,50,0.1,0.0
9d0256d6-3d5d-4dcf-9573-7f8cfb42c24b,2026-08-20T15:49:52.496458+00:00,1,2026-08-21T17:30:00Z,25.66875098388889,200785,73,MID,3,d,Unspecified injury - 75% chance of playing,2026-08-15T16:30:07.029928Z,,75.0,50,0.3,0.75
9d0256d6-3d5d-4dcf-9573-7f8cfb42c24b,2026-08-20T15:49:52.496458+00:00,1,2026-08-21T17:30:00Z,25.66875098388889,111317,74,MID,3,d,Unspecified injury - 75% chance of playing,2026-08-15T16:30:07.037929Z,,75.0,50,0.1,0.75
9d0256d6-3d5d-4dcf-9573-7f8cfb42c24b,2026-08-20T15:49:52.496458+00:00,1,2026-08-21T17:30:00Z,25.66875098388889,158499,75,MID,3,s,Suspended until 29 Aug,2026-07-24T17:30:10.035483Z,,0.0,50,0.0,0.0
9d0256d6-3d5d-4dcf-9573-7f8cfb42c24b,2026-08-20T15:49:52.496458+00:00,1,2026-08-21T17:30:00Z,25.66875098388889,614574,76,MID,3,a,,,,,50,0.0,0.16666666666666666
9d0256d6-3d5d-4dcf-9573-7f8cfb42c24b,2026-08-20T15:49:52.496458+00:00,1,2026-08-21T17:30:00Z,25.66875098388889,489888,77,MID,3,i,Unspecified injury - Unknown return date,2026-08-15T16:00:07.590566Z,,0.0,50,0.1,0.0
9d0256d6-3d5d-4dcf-9573-7f8cfb42c24b,2026-08-20T15:49:52.496458+00:00,1,2026-08-21T17:30:00Z,25.66875098388889,560262,78,MID,3,i,Foot injury - Unknown return date,2026-07-29T17:30:09.796802Z,,0.0,75,1.0,0.0
9d0256d6-3d5d-4dcf-9573-7f8cfb42c24b,2026-08-20T15:49:52.496458+00:00,1,2026-08-21T17:30:00Z,25.66875098388889,444102,79,FWD,3,a,,,,,60,2.2,1.0
9d0256d6-3d5d-4dcf-9573-7f8cfb42c24b,2026-08-20T15:49:52.496458+00:00,1,2026-08-21T17:30:00Z,25.66875098388889,168636,80,FWD,3,u,Has joined Getafe permanently,2026-08-14T14:14:21.881112Z,,0.0,55,0.1,0.0
9d0256d6-3d5d-4dcf-9573-7f8cfb42c24b,2026-08-20T15:49:52.496458+00:00,1,2026-08-21T17:30:00Z,25.66875098388889,561245,81,FWD,3,d,Unspecified injury - 75% chance of playing,2026-08-15T16:30:07.054142Z,,75.0,60,0.2,0.75
9d0256d6-3d5d-4dcf-9573-7f8cfb42c24b,2026-08-20T15:49:52.496458+00:00,1,2026-08-21T17:30:00Z,25.66875098388889,483067,566,DEF,3,a,,,,,50,0.3,0.5
9d0256d6-3d5d-4dcf-9573-7f8cfb42c24b,2026-08-20T15:49:52.496458+00:00,1,2026-08-21T17:30:00Z,25.66875098388889,494928,573,DEF,3,a,,,,,45,0.2,0.5
9d0256d6-3d5d-4dcf-9573-7f8cfb42c24b,2026-08-20T15:49:52.496458+00:00,1,2026-08-21T17:30:00Z,25.66875098388889,200720,82,GK,4,a,,,,,50,5.9,1.0
9d0256d6-3d5d-4dcf-9573-7f8cfb42c24b,2026-08-20T15:49:52.496458+00:00,1,2026-08-21T17:30:00Z,25.66875098388889,507433,83,GK,4,a,,,,,45,0.1,0.02
9d0256d6-3d5d-4dcf-9573-7f8cfb42c24b,2026-08-20T15:49:52.496458+00:00,1,2026-08-21T17:30:00Z,25.66875098388889,432830,84,DEF,4,a,,,,,55,2.0,1.0
9d0256d6-3d5d-4dcf-9573-7f8cfb42c24b,2026-08-20T15:49:52.496458+00:00,1,2026-08-21T17:30:00Z,25.66875098388889,444765,85,DEF,4,i,Unspecified injury - Unknown return date,2026-08-15T15:30:06.416627Z,,0.0,50,0.3,0.0
9d0256d6-3d5d-4dcf-9573-7f8cfb42c24b,2026-08-20T15:49:52.496458+00:00,1,2026-08-21T17:30:00Z,25.66875098388889,249231,86,MID,4,a,,,,,55,0.5,1.0
9d0256d6-3d5d-4dcf-9573-7f8cfb42c24b,2026-08-20T15:49:52.496458+00:00,1,2026-08-21T17:30:00Z,25.66875098388889,191866,87,DEF,4,a,,,,,45,2.6,0.5
9d0256d6-3d5d-4dcf-9573-7f8cfb42c24b,2026-08-20T15:49:52.496458+00:00,1,2026-08-21T17:30:00Z,25.66875098388889,607464,88,DEF,4,a,,,,,45,3.3,1.0
9d0256d6-3d5d-4dcf-9573-7f8cfb42c24b,2026-08-20T15:49:52.496458+00:00,1,2026-08-21T17:30:00Z,25.66875098388889,194010,89,DEF,4,a,,,,,45,0.3,1.0
9d0256d6-3d5d-4dcf-9573-7f8cfb42c24b,2026-08-20T15:49:52.496458+00:00,1,2026-08-21T17:30:00Z,25.66875098388889,472713,90,DEF,4,a,,,,,45,0.1,0.3333333333333333
9d0256d6-3d5d-4dcf-9573-7f8cfb42c24b,2026-08-20T15:49:52.496458+00:00,1,2026-08-21T17:30:00Z,25.66875098388889,231065,91,DEF,4,a,,,,,45,0.1,1.0
9d0256d6-3d5d-4dcf-9573-7f8cfb42c24b,2026-08-20T15:49:52.496458+00:00,1,2026-08-21T17:30:00Z,25.66875098388889,570241,92,DEF,4,a,,,,,45,0.0,0.0
9d0256d6-3d5d-4dcf-9573-7f8cfb42c24b,2026-08-20T15:49:52.496458+00:00,1,2026-08-21T17:30:00Z,25.66875098388889,513086,93,DEF,4,a,,,,,45,0.2,0.5
9d0256d6-3d5d-4dcf-9573-7f8cfb42c24b,2026-08-20T15:49:52.496458+00:00,1,2026-08-21T17:30:00Z,25.66875098388889,513418,94,MID,4,a,,,,,60,3.5,0.8333333333333334
9d0256d6-3d5d-4dcf-9573-7f8cfb42c24b,2026-08-20T15:49:52.496458+00:00,1,2026-08-21T17:30:00Z,25.66875098388889,533463,95,MID,4,a,,,,,65,1.3,0.8333333333333334
9d0256d6-3d5d-4dcf-9573-7f8cfb42c24b,2026-08-20T15:49:52.496458+00:00,1,2026-08-21T17:30:00Z,25.66875098388889,440089,96,MID,4,a,,,,,55,0.6,0.8333333333333334
9d0256d6-3d5d-4dcf-9573-7f8cfb42c24b,2026-08-20T15:49:52.496458+00:00,1,2026-08-21T17:30:00Z,25.66875098388889,207283,97,MID,4,a,,,,,55,0.2,1.0
9d0256d6-3d5d-4dcf-9573-7f8cfb42c24b,2026-08-20T15:49:52.496458+00:00,1,2026-08-21T17:30:00Z,25.66875098388889,204580,98,MID,4,a,,,,,50,0.1,0.8333333333333334
9d0256d6-3d5d-4dcf-9573-7f8cfb42c24b,2026-08-20T15:49:52.496458+00:00,1,2026-08-21T17:30:00Z,25.66875098388889,543295,99,MID,4,i,Knee injury - Unknown return date,2026-07-23T12:01:23.384798Z,,0.0,50,0.0,0.0
9d0256d6-3d5d-4dcf-9573-7f8cfb42c24b,2026-08-20T15:49:52.496458+00:00,1,2026-08-21T17:30:00Z,25.66875098388889,244858,100,MID,4,d,Lack of match fitness - 75% chance of playing,2026-08-18T13:58:17.442072Z,,75.0,50,0.0,0.75
9d0256d6-3d5d-4dcf-9573-7f8cfb42c24b,2026-08-20T15:49:52.496458+00:00,1,2026-08-21T17:30:00Z,25.66875098388889,508395,102,MID,4,a,,,,,50,1.4,1.0
9d0256d6-3d5d-4dcf-9573-7f8cfb42c24b,2026-08-20T15:49:52.496458+00:00,1,2026-08-21T17:30:00Z,25.66875098388889,183656,103,MID,4,a,,,,,50,0.0,0.0
9d0256d6-3d5d-4dcf-9573-7f8cfb42c24b,2026-08-20T15:49:52.496458+00:00,1,2026-08-21T17:30:00Z,25.66875098388889,444180,105,MID,4,a,,,,,60,0.2,1.0
9d0256d6-3d5d-4dcf-9573-7f8cfb42c24b,2026-08-20T15:49:52.496458+00:00,1,2026-08-21T17:30:00Z,25.66875098388889,502500,106,FWD,4,a,,,,,80,17.8,1.0
9d0256d6-3d5d-4dcf-9573-7f8cfb42c24b,2026-08-20T15:49:52.496458+00:00,1,2026-08-21T17:30:00Z,25.66875098388889,593174,107,FWD,4,a,,,,,45,0.8,0.0
9d0256d6-3d5d-4dcf-9573-7f8cfb42c24b,2026-08-20T15:49:52.496458+00:00,1,2026-08-21T17:30:00Z,25.66875098388889,75115,108,FWD,4,a,,,,,55,0.3,0.16666666666666666
9d0256d6-3d5d-4dcf-9573-7f8cfb42c24b,2026-08-20T15:49:52.496458+00:00,1,2026-08-21T17:30:00Z,25.66875098388889,513545,565,MID,4,a,,,,,55,2.9,0.5
9d0256d6-3d5d-4dcf-9573-7f8cfb42c24b,2026-08-20T15:49:52.496458+00:00,1,2026-08-21T17:30:00Z,25.66875098388889,489639,109,GK,5,a,,,,,45,19.9,1.0
9d0256d6-3d5d-4dcf-9573-7f8cfb42c24b,2026-08-20T15:49:52.496458+00:00,1,2026-08-21T17:30:00Z,25.66875098388889,49262,111,GK,5,a,,,,,40,4.2,0.02
9d0256d6-3d5d-4dcf-9573-7f8cfb42c24b,2026-08-20T15:49:52.496458+00:00,1,2026-08-21T17:30:00Z,25.66875098388889,231416,113,DEF,5,a,,,,,45,3.1,1.0
9d0256d6-3d5d-4dcf-9573-7f8cfb42c24b,2026-08-20T15:49:52.496458+00:00,1,2026-08-21T17:30:00Z,25.66875098388889,204120,114,DEF,5,a,,,,,45,0.2,0.8333333333333334
9d0256d6-3d5d-4dcf-9573-7f8cfb42c24b,2026-08-20T15:49:52.496458+00:00,1,2026-08-21T17:30:00Z,25.66875098388889,465730,115,DEF,5,a,,,,,45,1.7,0.5
9d0256d6-3d5d-4dcf-9573-7f8cfb42c24b,2026-08-20T15:49:52.496458+00:00,1,2026-08-21T17:30:00Z,25.66875098388889,83299,116,DEF,5,a,,,,,45,0.9,0.8333333333333334
9d0256d6-3d5d-4dcf-9573-7f8cfb42c24b,2026-08-20T15:49:52.496458+00:00,1,2026-08-21T17:30:00Z,25.66875098388889,550090,117,DEF,5,a,,,,,45,0.0,0.4
9d0256d6-3d5d-4dcf-9573-7f8cfb42c24b,2026-08-20T15:49:52.496458+00:00,1,2026-08-21T17:30:00Z,25.66875098388889,223434,118,DEF,5,a,,,,,45,0.1,0.5
9d0256d6-3d5d-4dcf-9573-7f8cfb42c24b,2026-08-20T15:49:52.496458+00:00,1,2026-08-21T17:30:00Z,25.66875098388889,451490,119,DEF,5,a,,,,,45,0.0,0.5
9d0256d6-3d5d-4dcf-9573-7f8cfb42c24b,2026-08-20T15:49:52.496458+00:00,1,2026-08-21T17:30:00Z,25.66875098388889,454490,120,DEF,5,a,,,,,50,0.0,0.5
9d0256d6-3d5d-4dcf-9573-7f8cfb42c24b,2026-08-20T15:49:52.496458+00:00,1,2026-08-21T17:30:00Z,25.66875098388889,451340,121,MID,5,i,Hamstring injury - Unknown return date,2026-07-24T18:30:10.661894Z,,0.0,60,0.1,0.0
9d0256d6-3d5d-4dcf-9573-7f8cfb42c24b,2026-08-20T15:49:52.496458+00:00,1,2026-08-21T17:30:00Z,25.66875098388889,592031,122,MID,5,i,Leg injury - Expected back 28 Nov,2026-08-14T18:00:06.418033Z,,0.0,60,0.2,0.0
9d0256d6-3d5d-4dcf-9573-7f8cfb42c24b,2026-08-20T15:49:52.496458+00:00,1,2026-08-21T17:30:00Z,25.66875098388889,532529,123,MID,5,a,,,,,60,0.4,1.0
9d0256d6-3d5d-4dcf-9573-7f8cfb42c24b,2026-08-20T15:49:52.496458+00:00,1,2026-08-21T17:30:00Z,25.66875098388889,60307,124,MID,5,a,,,,,55,13.4,1.0
9d0256d6-3d5d-4dcf-9573-7f8cfb42c24b,2026-08-20T15:49:52.496458+00:00,1,2026-08-21T17:30:00Z,25.66875098388889,463067,125,FWD,5,a,,,,,55,1.0,0.16666666666666666
9d0256d6-3d5d-4dcf-9573-7f8cfb42c24b,2026-08-20T15:49:52.496458+00:00,1,2026-08-21T17:30:00Z,25.66875098388889,219249,126,MID,5,a,,,,,55,0.1,0.3333333333333333
9d0256d6-3d5d-4dcf-9573-7f8cfb42c24b,2026-08-20T15:49:52.496458+00:00,1,2026-08-21T17:30:00Z,25.66875098388889,514254,127,MID,5,a,,,,,50,3.1,0.8333333333333334
9d0256d6-3d5d-4dcf-9573-7f8cfb42c24b,2026-08-20T15:49:52.496458+00:00,1,2026-08-21T17:30:00Z,25.66875098388889,536916,128,MID,5,u,Has joined Elche on loan for the rest of the season,2026-08-10T14:03:07.561436Z,,0.0,50,0.0,0.0
9d0256d6-3d5d-4dcf-9573-7f8cfb42c24b,2026-08-20T15:49:52.496458+00:00,1,2026-08-21T17:30:00Z,25.66875098388889,509416,129,MID,5,a,,,,,55,0.7,0.3333333333333333
9d0256d6-3d5d-4dcf-9573-7f8cfb42c24b,2026-08-20T15:49:52.496458+00:00,1,2026-08-21T17:30:00Z,25.66875098388889,467779,130,DEF,5,a,,,,,50,0.3,1.0
9d0256d6-3d5d-4dcf-9573-7f8cfb42c24b,2026-08-20T15:49:52.496458+00:00,1,2026-08-21T17:30:00Z,25.66875098388889,535301,131,MID,5,i,Ankle injury - Expected back 23 Aug,2026-08-06T16:00:10.997714Z,,0.0,50,0.2,0.0
9d0256d6-3d5d-4dcf-9573-7f8cfb42c24b,2026-08-20T15:49:52.496458+00:00,1,2026-08-21T17:30:00Z,25.66875098388889,597320,132,MID,5,u,Has joined Leicester City on loan for the rest of the season,2026-08-17T13:53:19.019938Z,,0.0,45,0.1,0.0
9d0256d6-3d5d-4dcf-9573-7f8cfb42c24b,2026-08-20T15:49:52.496458+00:00,1,2026-08-21T17:30:00Z,25.66875098388889,549074,133,MID,5,u,Has joined Leicester City on loan for the rest of the season,2026-08-03T14:05:44.459483Z,,0.0,50,0.0,0.0
9d0256d6-3d5d-4dcf-9573-7f8cfb42c24b,2026-08-20T15:49:52.496458+00:00,1,2026-08-21T17:30:00Z,25.66875098388889,556637,134,MID,5,a,,,,,45,0.2,0.0
9d0256d6-3d5d-4dcf-9573-7f8cfb42c24b,2026-08-20T15:49:52.496458+00:00,1,2026-08-21T17:30:00Z,25.66875098388889,700308,135,MID,5,a,,,,,50,0.1,0.5
9d0256d6-3d5d-4dcf-9573-7f8cfb42c24b,2026-08-20T15:49:52.496458+00:00,1,2026-08-21T17:30:00Z,25.66875098388889,608181,137,FWD,5,d,Knee injury - 75% chance of playing,2026-07-23T12:01:23.432796Z,,75.0,55,0.0,0.75
9d0256d6-3d5d-4dcf-9573-7f8cfb42c24b,2026-08-20T15:49:52.496458+00:00,1,2026-08-21T17:30:00Z,25.66875098388889,647850,138,FWD,5,a,,,,,55,0.2,0.0
9d0256d6-3d5d-4dcf-9573-7f8cfb42c24b,2026-08-20T15:49:52.496458+00:00,1,2026-08-21T17:30:00Z,25.66875098388889,487117,139,FWD,5,i,Ankle injury - Expected back 10 Oct,2026-07-23T12:01:23.448357Z,,0.0,50,0.0,0.0
9d0256d6-3d5d-4dcf-9573-7f8cfb42c24b,2026-08-20T15:49:52.496458+00:00,1,2026-08-21T17:30:00Z,25.66875098388889,222694,328,DEF,5,d,Knock - 75% chance of playing,2026-08-15T20:30:07.523574Z,,75.0,50,0.2,0.75
9d0256d6-3d5d-4dcf-9573-7f8cfb42c24b,2026-08-20T15:49:52.496458+00:00,1,2026-08-21T17:30:00Z,25.66875098388889,610799,504,DEF,5,a,,,,,50,2.7,0.5
9d0256d6-3d5d-4dcf-9573-7f8cfb42c24b,2026-08-20T15:49:52.496458+00:00,1,2026-08-21T17:30:00Z,25.66875098388889,538007,594,FWD,5,a,,,,,60,0.1,0.5
9d0256d6-3d5d-4dcf-9573-7f8cfb42c24b,2026-08-20T15:49:52.496458+00:00,1,2026-08-21T17:30:00Z,25.66875098388889,244850,40,MID,6,a,,,,,75,25.8,1.0
9d0256d6-3d5d-4dcf-9573-7f8cfb42c24b,2026-08-20T15:49:52.496458+00:00,1,2026-08-21T17:30:00Z,25.66875098388889,56979,101,MID,6,d,Wrist injury - 75% chance of playing,2026-08-09T09:30:07.136250Z,,75.0,50,0.0,0.75
9d0256d6-3d5d-4dcf-9573-7f8cfb42c24b,2026-08-20T15:49:52.496458+00:00,1,2026-08-21T17:30:00Z,25.66875098388889,50175,136,FWD,6,d,Unspecified injury - 75% chance of playing,2026-08-20T14:00:07.949090Z,,75.0,60,2.1,0.75
9d0256d6-3d5d-4dcf-9573-7f8cfb42c24b,2026-08-20T15:49:52.496458+00:00,1,2026-08-21T17:30:00Z,25.66875098388889,215059,140,GK,6,a,,,,,50,2.3,1.0
9d0256d6-3d5d-4dcf-9573-7f8cfb42c24b,2026-08-20T15:49:52.496458+00:00,1,2026-08-21T17:30:00Z,25.66875098388889,508479,141,GK,6,u,Has joined RC Strasbourg on loan for the rest of the season,2026-08-12T14:07:02.607115Z,,0.0,50,0.0,0.0
9d0256d6-3d5d-4dcf-9573-7f8cfb42c24b,2026-08-20T15:49:52.496458+00:00,1,2026-08-21T17:30:00Z,25.66875098388889,225796,142,DEF,6,a,,,,,55,9.3,0.6666666666666666
9d0256d6-3d5d-4dcf-9573-7f8cfb42c24b,2026-08-20T15:49:52.496458+00:00,1,2026-08-21T17:30:00Z,25.66875098388889,180736,143,DEF,6,u,Has joined Como permanently,2026-08-10T14:03:50.769483Z,,0.0,55,0.4,0.0
9d0256d6-3d5d-4dcf-9573-7f8cfb42c24b,2026-08-20T15:49:52.496458+00:00,1,2026-08-21T17:30:00Z,25.66875098388889,482609,144,DEF,6,a,,,,,50,1.1,1.0
9d0256d6-3d5d-4dcf-9573-7f8cfb42c24b,2026-08-20T15:49:52.496458+00:00,1,2026-08-21T17:30:00Z,25.66875098388889,444463,145,DEF,6,s,Suspended until 6 Sep,2026-07-23T12:01:23.464591Z,,0.0,50,0.0,0.0
9d0256d6-3d5d-4dcf-9573-7f8cfb42c24b,2026-08-20T15:49:52.496458+00:00,1,2026-08-21T17:30:00Z,25.66875098388889,242880,146,DEF,6,a,,,,,45,0.0,0.8333333333333334
9d0256d6-3d5d-4dcf-9573-7f8cfb42c24b,2026-08-20T15:49:52.496458+00:00,1,2026-08-21T17:30:00Z,25.66875098388889,109646,147,DEF,6,a,,,,,45,0.2,0.3333333333333333
9d0256d6-3d5d-4dcf-9573-7f8cfb42c24b,2026-08-20T15:49:52.496458+00:00,1,2026-08-21T17:30:00Z,25.66875098388889,551210,148,DEF,6,a,,,,,45,0.5,1.0
9d0256d6-3d5d-4dcf-9573-7f8cfb42c24b,2026-08-20T15:49:52.496458+00:00,1,2026-08-21T17:30:00Z,25.66875098388889,460028,149,DEF,6,a,,,,,50,1.7,0.8333333333333334
9d0256d6-3d5d-4dcf-9573-7f8cfb42c24b,2026-08-20T15:49:52.496458+00:00,1,2026-08-21T17:30:00Z,25.66875098388889,574458,150,DEF,6,a,,,,,45,0.1,0.3333333333333333
9d0256d6-3d5d-4dcf-9573-7f8cfb42c24b,2026-08-20T15:49:52.496458+00:00,1,2026-08-21T17:30:00Z,25.66875098388889,577016,151,DEF,6,a,,,,,45,0.3,0.16666666666666666
9d0256d6-3d5d-4dcf-9573-7f8cfb42c24b,2026-08-20T15:49:52.496458+00:00,1,2026-08-21T17:30:00Z,25.66875098388889,620109,152,DEF,6,a,,,,,55,2.8,0.5
9d0256d6-3d5d-4dcf-9573-7f8cfb42c24b,2026-08-20T15:49:52.496458+00:00,1,2026-08-21T17:30:00Z,25.66875098388889,220362,153,DEF,6,a,,,,,45,0.1,1.0
9d0256d6-3d5d-4dcf-9573-7f8cfb42c24b,2026-08-20T15:49:52.496458+00:00,1,2026-08-21T17:30:00Z,25.66875098388889,244851,154,MID,6,a,,,,,95,10.5,1.0
9d0256d6-3d5d-4dcf-9573-7f8cfb42c24b,2026-08-20T15:49:52.496458+00:00,1,2026-08-21T17:30:00Z,25.66875098388889,448047,155,MID,6,a,,,,,70,5.1,1.0
9d0256d6-3d5d-4dcf-9573-7f8cfb42c24b,2026-08-20T15:49:52.496458+00:00,1,2026-08-21T17:30:00Z,25.66875098388889,247632,156,MID,6,a,,,,,65,1.3,1.0
9d0256d6-3d5d-4dcf-9573-7f8cfb42c24b,2026-08-20T15:49:52.496458+00:00,1,2026-08-21T17:30:00Z,25.66875098388889,624773,157,MID,6,a,,,,,65,1.3,0.8333333333333334
9d0256d6-3d5d-4dcf-9573-7f8cfb42c24b,2026-08-20T15:49:52.496458+00:00,1,2026-08-21T17:30:00Z,25.66875098388889,463936,158,MID,6,a,,,,,60,0.0,0.3333333333333333
9d0256d6-3d5d-4dcf-9573-7f8cfb42c24b,2026-08-20T15:49:52.496458+00:00,1,2026-08-21T17:30:00Z,25.66875098388889,486672,159,MID,6,a,,,,,55,3.9,1.0
9d0256d6-3d5d-4dcf-9573-7f8cfb42c24b,2026-08-20T15:49:52.496458+00:00,1,2026-08-21T17:30:00Z,25.66875098388889,514356,161,MID,6,a,,,,,50,0.0,0.5
9d0256d6-3d5d-4dcf-9573-7f8cfb42c24b,2026-08-20T15:49:52.496458+00:00,1,2026-08-21T17:30:00Z,25.66875098388889,491007,163,MID,6,a,,,,,45,0.2,0.0
9d0256d6-3d5d-4dcf-9573-7f8cfb42c24b,2026-08-20T15:49:52.496458+00:00,1,2026-08-21T17:30:00Z,25.66875098388889,593117,164,MID,6,a,,2026-07-24T20:30:10.609931Z,,100.0,55,0.0,1.0
9d0256d6-3d5d-4dcf-9573-7f8cfb42c24b,2026-08-20T15:49:52.496458+00:00,1,2026-08-21T17:30:00Z,25.66875098388889,475168,165,FWD,6,a,,,,,75,62.2,1.0
9d0256d6-3d5d-4dcf-9573-7f8cfb42c24b,2026-08-20T15:49:52.496458+00:00,1,2026-08-21T17:30:00Z,25.66875098388889,517052,166,FWD,6,a,,,,,65,0.3,0.8333333333333334
9d0256d6-3d5d-4dcf-9573-7f8cfb42c24b,2026-08-20T15:49:52.496458+00:00,1,2026-08-21T17:30:00Z,25.66875098388889,463034,167,FWD,6,a,,,,,55,0.5,0.5
9d0256d6-3d5d-4dcf-9573-7f8cfb42c24b,2026-08-20T15:49:52.496458+00:00,1,2026-08-21T17:30:00Z,25.66875098388889,499309,168,FWD,6,a,,,,,50,0.5,0.16666666666666666
9d0256d6-3d5d-4dcf-9573-7f8cfb42c24b,2026-08-20T15:49:52.496458+00:00,1,2026-08-21T17:30:00Z,25.66875098388889,567119,169,FWD,6,a,,,,,45,0.3,0.0
9d0256d6-3d5d-4dcf-9573-7f8cfb42c24b,2026-08-20T15:49:52.496458+00:00,1,2026-08-21T17:30:00Z,25.66875098388889,503037,170,FWD,6,a,,2026-07-24T20:30:10.622380Z,,100.0,50,0.1,1.0
9d0256d6-3d5d-4dcf-9573-7f8cfb42c24b,2026-08-20T15:49:52.496458+00:00,1,2026-08-21T17:30:00Z,25.66875098388889,437499,200,DEF,6,a,,,,,60,10.0,1.0
9d0256d6-3d5d-4dcf-9573-7f8cfb42c24b,2026-08-20T15:49:52.496458+00:00,1,2026-08-21T17:30:00Z,25.66875098388889,549939,560,GK,6,a,,,,,45,0.1,0.02
9d0256d6-3d5d-4dcf-9573-7f8cfb42c24b,2026-08-20T15:49:52.496458+00:00,1,2026-08-21T17:30:00Z,25.66875098388889,622758,561,DEF,6,a,,,,,45,0.0,0.5
9d0256d6-3d5d-4dcf-9573-7f8cfb42c24b,2026-08-20T15:49:52.496458+00:00,1,2026-08-21T17:30:00Z,25.66875098388889,543158,568,MID,6,a,,,,,55,0.1,0.5
9d0256d6-3d5d-4dcf-9573-7f8cfb42c24b,2026-08-20T15:49:52.496458+00:00,1,2026-08-21T17:30:00Z,25.66875098388889,465920,578,MID,6,a,,,,,55,0.0,0.0
9d0256d6-3d5d-4dcf-9573-7f8cfb42c24b,2026-08-20T15:49:52.496458+00:00,1,2026-08-21T17:30:00Z,25.66875098388889,498444,583,DEF,6,a,,,,,50,0.2,0.5
9d0256d6-3d5d-4dcf-9573-7f8cfb42c24b,2026-08-20T15:49:52.496458+00:00,1,2026-08-21T17:30:00Z,25.66875098388889,428580,104,MID,7,a,,,,,50,0.1,0.0
9d0256d6-3d5d-4dcf-9573-7f8cfb42c24b,2026-08-20T15:49:52.496458+00:00,1,2026-08-21T17:30:00Z,25.66875098388889,472739,110,GK,7,a,,,,,45,1.1,0.5
9d0256d6-3d5d-4dcf-9573-7f8cfb42c24b,2026-08-20T15:49:52.496458+00:00,1,2026-08-21T17:30:00Z,25.66875098388889,484389,171,GK,7,a,,,,,40,1.9,0.02
9d0256d6-3d5d-4dcf-9573-7f8cfb42c24b,2026-08-20T15:49:52.496458+00:00,1,2026-08-21T17:30:00Z,25.66875098388889,110690,172,GK,7,a,,,,,45,0.5,0.02
9d0256d6-3d5d-4dcf-9573-7f8cfb42c24b,2026-08-20T15:49:52.496458+00:00,1,2026-08-21T17:30:00Z,25.66875098388889,461102,173,DEF,7,a,,,,,40,7.8,0.5
9d0256d6-3d5d-4dcf-9573-7f8cfb42c24b,2026-08-20T15:49:52.496458+00:00,1,2026-08-21T17:30:00Z,25.66875098388889,436761,174,DEF,7,a,,,,,40,0.7,0.5
9d0256d6-3d5d-4dcf-9573-7f8cfb42c24b,2026-08-20T15:49:52.496458+00:00,1,2026-08-21T17:30:00Z,25.66875098388889,451284,175,DEF,7,a,,,,,40,14.2,0.5
9d0256d6-3d5d-4dcf-9573-7f8cfb42c24b,2026-08-20T15:49:52.496458+00:00,1,2026-08-21T17:30:00Z,25.66875098388889,173878,176,DEF,7,a,,,,,40,0.8,0.5
9d0256d6-3d5d-4dcf-9573-7f8cfb42c24b,2026-08-20T15:49:52.496458+00:00,1,2026-08-21T17:30:00Z,25.66875098388889,465390,177,DEF,7,a,,,,,40,0.1,0.0
9d0256d6-3d5d-4dcf-9573-7f8cfb42c24b,2026-08-20T15:49:52.496458+00:00,1,2026-08-21T17:30:00Z,25.66875098388889,80178,178,DEF,7,a,,,,,40,0.1,0.5
9d0256d6-3d5d-4dcf-9573-7f8cfb42c24b,2026-08-20T15:49:52.496458+00:00,1,2026-08-21T17:30:00Z,25.66875098388889,204813,179,DEF,7,a,,,,,40,0.0,0.5
9d0256d6-3d5d-4dcf-9573-7f8cfb42c24b,2026-08-20T15:49:52.496458+00:00,1,2026-08-21T17:30:00Z,25.66875098388889,220583,180,DEF,7,a,,,,,40,0.2,0.6666666666666666
9d0256d6-3d5d-4dcf-9573-7f8cfb42c24b,2026-08-20T15:49:52.496458+00:00,1,2026-08-21T17:30:00Z,25.66875098388889,577411,181,DEF,7,a,,,,,40,0.0,0.5
9d0256d6-3d5d-4dcf-9573-7f8cfb42c24b,2026-08-20T15:49:52.496458+00:00,1,2026-08-21T17:30:00Z,25.66875098388889,539142,182,DEF,7,a,,,,,40,0.8,0.5
9d0256d6-3d5d-4dcf-9573-7f8cfb42c24b,2026-08-20T15:49:52.496458+00:00,1,2026-08-21T17:30:00Z,25.66875098388889,480457,183,MID,7,a,,2026-07-23T12:01:23.481435Z,,100.0,50,0.1,1.0
9d0256d6-3d5d-4dcf-9573-7f8cfb42c24b,2026-08-20T15:49:52.496458+00:00,1,2026-08-21T17:30:00Z,25.66875098388889,168144,184,MID,7,a,,,,,50,0.2,0.5
9d0256d6-3d5d-4dcf-9573-7f8cfb42c24b,2026-08-20T15:49:52.496458+00:00,1,2026-08-21T17:30:00Z,25.66875098388889,501459,185,MID,7,a,,,,,50,0.1,0.5
9d0256d6-3d5d-4dcf-9573-7f8cfb42c24b,2026-08-20T15:49:52.496458+00:00,1,2026-08-21T17:30:00Z,25.66875098388889,241293,186,MID,7,a,,2026-08-19T18:00:08.310507Z,,100.0,55,0.1,1.0
9d0256d6-3d5d-4dcf-9573-7f8cfb42c24b,2026-08-20T15:49:52.496458+00:00,1,2026-08-21T17:30:00Z,25.66875098388889,439668,187,MID,7,a,,,,,50,0.0,0.5
9d0256d6-3d5d-4dcf-9573-7f8cfb42c24b,2026-08-20T15:49:52.496458+00:00,1,2026-08-21T17:30:00Z,25.66875098388889,226965,188,MID,7,a,,,,,55,0.2,0.5
9d0256d6-3d5d-4dcf-9573-7f8cfb42c24b,2026-08-20T15:49:52.496458+00:00,1,2026-08-21T17:30:00Z,25.66875098388889,684268,189,MID,7,a,,,,,45,0.3,0.5
9d0256d6-3d5d-4dcf-9573-7f8cfb42c24b,2026-08-20T15:49:52.496458+00:00,1,2026-08-21T17:30:00Z,25.66875098388889,469272,190,MID,7,a,,,,,55,0.1,0.8333333333333334
9d0256d6-3d5d-4dcf-9573-7f8cfb42c24b,2026-08-20T15:49:52.496458+00:00,1,2026-08-21T17:30:00Z,25.66875098388889,492498,191,MID,7,a,,,,,45,0.2,0.5
9d0256d6-3d5d-4dcf-9573-7f8cfb42c24b,2026-08-20T15:49:52.496458+00:00,1,2026-08-21T17:30:00Z,25.66875098388889,629397,192,MID,7,a,,,,,45,0.7,0.5
9d0256d6-3d5d-4dcf-9573-7f8cfb42c24b,2026-08-20T15:49:52.496458+00:00,1,2026-08-21T17:30:00Z,25.66875098388889,176412,193,FWD,7,i,Thigh injury - Unknown return date,2026-08-14T22:00:07.214508Z,,0.0,55,0.4,0.0
9d0256d6-3d5d-4dcf-9573-7f8cfb42c24b,2026-08-20T15:49:52.496458+00:00,1,2026-08-21T17:30:00Z,25.66875098388889,230730,194,FWD,7,a,,,,,50,0.8,0.5
9d0256d6-3d5d-4dcf-9573-7f8cfb42c24b,2026-08-20T15:49:52.496458+00:00,1,2026-08-21T17:30:00Z,25.66875098388889,218997,195,FWD,7,a,,,,,50,0.8,0.5
9d0256d6-3d5d-4dcf-9573-7f8cfb42c24b,2026-08-20T15:49:52.496458+00:00,1,2026-08-21T17:30:00Z,25.66875098388889,551262,196,FWD,7,u,Has joined Shabab Al-Ahli Dubai permanently,2026-08-17T13:53:55.791223Z,,0.0,50,0.0,0.0
9d0256d6-3d5d-4dcf-9573-7f8cfb42c24b,2026-08-20T15:49:52.496458+00:00,1,2026-08-21T17:30:00Z,25.66875098388889,549653,197,FWD,7,u,Has joined KVC Westerlo on loan for the rest of the season,2026-07-28T12:58:50.001768Z,,0.0,45,0.1,0.0
9d0256d6-3d5d-4dcf-9573-7f8cfb42c24b,2026-08-20T15:49:52.496458+00:00,1,2026-08-21T17:30:00Z,25.66875098388889,210156,492,FWD,7,a,,,,,55,0.8,0.3333333333333333
9d0256d6-3d5d-4dcf-9573-7f8cfb42c24b,2026-08-20T15:49:52.496458+00:00,1,2026-08-21T17:30:00Z,25.66875098388889,661888,575,MID,7,a,,,,,50,0.2,0.5
9d0256d6-3d5d-4dcf-9573-7f8cfb42c24b,2026-08-20T15:49:52.496458+00:00,1,2026-08-21T17:30:00Z,25.66875098388889,196100,584,MID,7,a,,,,,55,0.1,1.0
9d0256d6-3d5d-4dcf-9573-7f8cfb42c24b,2026-08-20T15:49:52.496458+00:00,1,2026-08-21T17:30:00Z,25.66875098388889,627221,599,FWD,7,a,,,,,50,0.0,0.5
9d0256d6-3d5d-4dcf-9573-7f8cfb42c24b,2026-08-20T15:49:52.496458+00:00,1,2026-08-21T17:30:00Z,25.66875098388889,485337,42,MID,8,a,,,,,55,0.0,0.3333333333333333
9d0256d6-3d5d-4dcf-9573-7f8cfb42c24b,2026-08-20T15:49:52.496458+00:00,1,2026-08-21T17:30:00Z,25.66875098388889,172649,198,GK,8,d,Ankle injury - 75% chance of playing,2026-08-20T14:00:08.018379Z,,75.0,50,3.1,0.75
9d0256d6-3d5d-4dcf-9573-7f8cfb42c24b,2026-08-20T15:49:52.496458+00:00,1,2026-08-21T17:30:00Z,25.66875098388889,121709,199,GK,8,a,,,,,45,0.1,0.02
9d0256d6-3d5d-4dcf-9573-7f8cfb42c24b,2026-08-20T15:49:52.496458+00:00,1,2026-08-21T17:30:00Z,25.66875098388889,247348,201,DEF,8,a,,,,,55,10.4,1.0
9d0256d6-3d5d-4dcf-9573-7f8cfb42c24b,2026-08-20T15:49:52.496458+00:00,1,2026-08-21T17:30:00Z,25.66875098388889,427623,202,DEF,8,a,,,,,50,0.8,0.6666666666666666
9d0256d6-3d5d-4dcf-9573-7f8cfb42c24b,2026-08-20T15:49:52.496458+00:00,1,2026-08-21T17:30:00Z,25.66875098388889,651426,203,DEF,8,a,,,,,50,0.4,1.0
9d0256d6-3d5d-4dcf-9573-7f8cfb42c24b,2026-08-20T15:49:52.496458+00:00,1,2026-08-21T17:30:00Z,25.66875098388889,244723,204,DEF,8,a,,,,,45,6.6,0.6666666666666666
9d0256d6-3d5d-4dcf-9573-7f8cfb42c24b,2026-08-20T15:49:52.496458+00:00,1,2026-08-21T17:30:00Z,25.66875098388889,218364,205,DEF,8,a,,,,,45,0.0,0.0
9d0256d6-3d5d-4dcf-9573-7f8cfb42c24b,2026-08-20T15:49:52.496458+00:00,1,2026-08-21T17:30:00Z,25.66875098388889,515621,206,DEF,8,a,,,,,45,0.1,0.8333333333333334
9d0256d6-3d5d-4dcf-9573-7f8cfb42c24b,2026-08-20T15:49:52.496458+00:00,1,2026-08-21T17:30:00Z,25.66875098388889,242313,207,DEF,8,a,,,,,45,0.1,0.5
9d0256d6-3d5d-4dcf-9573-7f8cfb42c24b,2026-08-20T15:49:52.496458+00:00,1,2026-08-21T17:30:00Z,25.66875098388889,232185,208,MID,8,a,,,,,65,5.5,0.6666666666666666
9d0256d6-3d5d-4dcf-9573-7f8cfb42c24b,2026-08-20T15:49:52.496458+00:00,1,2026-08-21T17:30:00Z,25.66875098388889,496221,210,MID,8,a,,2026-07-23T12:01:23.498963Z,,100.0,55,0.7,1.0
9d0256d6-3d5d-4dcf-9573-7f8cfb42c24b,2026-08-20T15:49:52.496458+00:00,1,2026-08-21T17:30:00Z,25.66875098388889,488024,211,MID,8,a,,,,,55,0.2,0.6666666666666666
9d0256d6-3d5d-4dcf-9573-7f8cfb42c24b,2026-08-20T15:49:52.496458+00:00,1,2026-08-21T17:30:00Z,25.66875098388889,108413,212,MID,8,a,,,,,45,11.4,0.8333333333333334
9d0256d6-3d5d-4dcf-9573-7f8cfb42c24b,2026-08-20T15:49:52.496458+00:00,1,2026-08-21T17:30:00Z,25.66875098388889,152551,213,MID,8,a,,,,,50,0.1,0.6666666666666666
9d0256d6-3d5d-4dcf-9573-7f8cfb42c24b,2026-08-20T15:49:52.496458+00:00,1,2026-08-21T17:30:00Z,25.66875098388889,209400,214,MID,8,a,,,,,50,0.3,0.8333333333333334
9d0256d6-3d5d-4dcf-9573-7f8cfb42c24b,2026-08-20T15:49:52.496458+00:00,1,2026-08-21T17:30:00Z,25.66875098388889,489706,215,MID,8,a,,,,,50,0.0,0.6666666666666666
9d0256d6-3d5d-4dcf-9573-7f8cfb42c24b,2026-08-20T15:49:52.496458+00:00,1,2026-08-21T17:30:00Z,25.66875098388889,606921,216,MID,8,a,,,,,50,0.0,0.16666666666666666
9d0256d6-3d5d-4dcf-9573-7f8cfb42c24b,2026-08-20T15:49:52.496458+00:00,1,2026-08-21T17:30:00Z,25.66875098388889,536694,217,MID,8,a,,,,,50,0.0,0.0
9d0256d6-3d5d-4dcf-9573-7f8cfb42c24b,2026-08-20T15:49:52.496458+00:00,1,2026-08-21T17:30:00Z,25.66875098388889,438464,218,MID,8,a,,,,,50,0.1,0.16666666666666666
9d0256d6-3d5d-4dcf-9573-7f8cfb42c24b,2026-08-20T15:49:52.496458+00:00,1,2026-08-21T17:30:00Z,25.66875098388889,450542,219,MID,8,a,,,,,50,0.0,0.0
9d0256d6-3d5d-4dcf-9573-7f8cfb42c24b,2026-08-20T15:49:52.496458+00:00,1,2026-08-21T17:30:00Z,25.66875098388889,590014,220,DEF,8,u,Has joined Bristol City on loan for the rest of the season,2026-08-12T14:08:46.501813Z,,0.0,45,0.0,0.0
9d0256d6-3d5d-4dcf-9573-7f8cfb42c24b,2026-08-20T15:49:52.496458+00:00,1,2026-08-21T17:30:00Z,25.66875098388889,672492,221,MID,8,a,,,,,45,0.1,0.0
9d0256d6-3d5d-4dcf-9573-7f8cfb42c24b,2026-08-20T15:49:52.496458+00:00,1,2026-08-21T17:30:00Z,25.66875098388889,247412,222,FWD,8,a,,,,,60,0.6,0.6666666666666666
9d0256d6-3d5d-4dcf-9573-7f8cfb42c24b,2026-08-20T15:49:52.496458+00:00,1,2026-08-21T17:30:00Z,25.66875098388889,231747,223,FWD,8,a,,,,,65,5.9,0.3333333333333333
9d0256d6-3d5d-4dcf-9573-7f8cfb42c24b,2026-08-20T15:49:52.496458+00:00,1,2026-08-21T17:30:00Z,25.66875098388889,205533,224,FWD,8,a,,,,,55,0.5,0.3333333333333333
9d0256d6-3d5d-4dcf-9573-7f8cfb42c24b,2026-08-20T15:49:52.496458+00:00,1,2026-08-21T17:30:00Z,25.66875098388889,660392,225,FWD,8,u,has returned to Getafe CF,2026-07-23T12:18:56.275922Z,,0.0,50,0.0,0.0
9d0256d6-3d5d-4dcf-9573-7f8cfb42c24b,2026-08-20T15:49:52.496458+00:00,1,2026-08-21T17:30:00Z,25.66875098388889,433154,241,MID,8,a,,,,,55,0.2,0.8333333333333334
9d0256d6-3d5d-4dcf-9573-7f8cfb42c24b,2026-08-20T15:49:52.496458+00:00,1,2026-08-21T17:30:00Z,25.66875098388889,169593,555,GK,8,a,,,,,40,1.7,0.0
9d0256d6-3d5d-4dcf-9573-7f8cfb42c24b,2026-08-20T15:49:52.496458+00:00,1,2026-08-21T17:30:00Z,25.66875098388889,223723,577,DEF,8,a,,,,,45,0.3,0.8333333333333334
9d0256d6-3d5d-4dcf-9573-7f8cfb42c24b,2026-08-20T15:49:52.496458+00:00,1,2026-08-21T17:30:00Z,25.66875098388889,570794,588,DEF,8,a,,,,,50,0.1,0.5
9d0256d6-3d5d-4dcf-9573-7f8cfb42c24b,2026-08-20T15:49:52.496458+00:00,1,2026-08-21T17:30:00Z,25.66875098388889,559152,595,MID,8,a,,,,,50,0.0,0.5
9d0256d6-3d5d-4dcf-9573-7f8cfb42c24b,2026-08-20T15:49:52.496458+00:00,1,2026-08-21T17:30:00Z,25.66875098388889,128295,21,MID,9,d,Unspecified injury - 25% chance of playing,2026-08-15T20:00:06.779594Z,,25.0,50,0.2,0.25
9d0256d6-3d5d-4dcf-9573-7f8cfb42c24b,2026-08-20T15:49:52.496458+00:00,1,2026-08-21T17:30:00Z,25.66875098388889,242898,209,MID,9,a,,,,,60,0.2,0.8333333333333334
9d0256d6-3d5d-4dcf-9573-7f8cfb42c24b,2026-08-20T15:49:52.496458+00:00,1,2026-08-21T17:30:00Z,25.66875098388889,111234,226,GK,9,a,,,,,55,8.2,1.0
9d0256d6-3d5d-4dcf-9573-7f8cfb42c24b,2026-08-20T15:49:52.496458+00:00,1,2026-08-21T17:30:00Z,25.66875098388889,229600,227,GK,9,a,,,,,50,0.0,0.02
9d0256d6-3d5d-4dcf-9573-7f8cfb42c24b,2026-08-20T15:49:52.496458+00:00,1,2026-08-21T17:30:00Z,25.66875098388889,138001,228,GK,9,a,,,,,45,0.0,0.0
9d0256d6-3d5d-4dcf-9573-7f8cfb42c24b,2026-08-20T15:49:52.496458+00:00,1,2026-08-21T17:30:00Z,25.66875098388889,17761,229,DEF,9,a,,,,,60,9.3,1.0
9d0256d6-3d5d-4dcf-9573-7f8cfb42c24b,2026-08-20T15:49:52.496458+00:00,1,2026-08-21T17:30:00Z,25.66875098388889,480455,230,DEF,9,a,,,,,55,1.8,0.8333333333333334
9d0256d6-3d5d-4dcf-9573-7f8cfb42c24b,2026-08-20T15:49:52.496458+00:00,1,2026-08-21T17:30:00Z,25.66875098388889,106611,231,DEF,9,a,,,,,50,1.7,0.8333333333333334
9d0256d6-3d5d-4dcf-9573-7f8cfb42c24b,2026-08-20T15:49:52.496458+00:00,1,2026-08-21T17:30:00Z,25.66875098388889,512462,232,DEF,9,a,,,,,50,0.5,1.0
9d0256d6-3d5d-4dcf-9573-7f8cfb42c24b,2026-08-20T15:49:52.496458+00:00,1,2026-08-21T17:30:00Z,25.66875098388889,224967,233,DEF,9,a,,,,,45,1.5,1.0
9d0256d6-3d5d-4dcf-9573-7f8cfb42c24b,2026-08-20T15:49:52.496458+00:00,1,2026-08-21T17:30:00Z,25.66875098388889,243571,234,DEF,9,a,,,,,45,0.0,0.5
9d0256d6-3d5d-4dcf-9573-7f8cfb42c24b,2026-08-20T15:49:52.496458+00:00,1,2026-08-21T17:30:00Z,25.66875098388889,499300,235,DEF,9,a,,,,,40,0.2,0.5
9d0256d6-3d5d-4dcf-9573-7f8cfb42c24b,2026-08-20T15:49:52.496458+00:00,1,2026-08-21T17:30:00Z,25.66875098388889,215413,236,MID,9,a,,,,,65,3.4,1.0
9d0256d6-3d5d-4dcf-9573-7f8cfb42c24b,2026-08-20T15:49:52.496458+00:00,1,2026-08-21T17:30:00Z,25.66875098388889,440993,237,MID,9,a,,,,,60,15.8,1.0
9d0256d6-3d5d-4dcf-9573-7f8cfb42c24b,2026-08-20T15:49:52.496458+00:00,1,2026-08-21T17:30:00Z,25.66875098388889,232928,239,MID,9,i,Groin injury - Unknown return date,2026-07-25T14:30:10.455878Z,,0.0,60,0.2,0.0
9d0256d6-3d5d-4dcf-9573-7f8cfb42c24b,2026-08-20T15:49:52.496458+00:00,1,2026-08-21T17:30:00Z,25.66875098388889,490094,240,MID,9,i,Groin injury - Unknown return date,2026-08-15T20:00:06.878792Z,,0.0,50,0.0,0.0
9d0256d6-3d5d-4dcf-9573-7f8cfb42c24b,2026-08-20T15:49:52.496458+00:00,1,2026-08-21T17:30:00Z,25.66875098388889,550615,242,MID,9,a,,,,,55,0.3,0.0
9d0256d6-3d5d-4dcf-9573-7f8cfb42c24b,2026-08-20T15:49:52.496458+00:00,1,2026-08-21T17:30:00Z,25.66875098388889,502697,243,MID,9,a,,,,,50,0.1,0.16666666666666666
9d0256d6-3d5d-4dcf-9573-7f8cfb42c24b,2026-08-20T15:49:52.496458+00:00,1,2026-08-21T17:30:00Z,25.66875098388889,609873,244,MID,9,a,,,,,50,0.1,0.16666666666666666
9d0256d6-3d5d-4dcf-9573-7f8cfb42c24b,2026-08-20T15:49:52.496458+00:00,1,2026-08-21T17:30:00Z,25.66875098388889,496661,245,MID,9,a,,,,,55,0.0,0.5
9d0256d6-3d5d-4dcf-9573-7f8cfb42c24b,2026-08-20T15:49:52.496458+00:00,1,2026-08-21T17:30:00Z,25.66875098388889,513466,246,MID,9,a,,,,,50,0.1,0.6666666666666666
9d0256d6-3d5d-4dcf-9573-7f8cfb42c24b,2026-08-20T15:49:52.496458+00:00,1,2026-08-21T17:30:00Z,25.66875098388889,244860,247,MID,9,a,,,,,55,0.3,0.5
9d0256d6-3d5d-4dcf-9573-7f8cfb42c24b,2026-08-20T15:49:52.496458+00:00,1,2026-08-21T17:30:00Z,25.66875098388889,486385,248,FWD,9,a,,,,,55,2.9,0.8333333333333334
9d0256d6-3d5d-4dcf-9573-7f8cfb42c24b,2026-08-20T15:49:52.496458+00:00,1,2026-08-21T17:30:00Z,25.66875098388889,586309,249,FWD,9,a,,,,,55,1.3,0.3333333333333333
9d0256d6-3d5d-4dcf-9573-7f8cfb42c24b,2026-08-20T15:49:52.496458+00:00,1,2026-08-21T17:30:00Z,25.66875098388889,80201,250,GK,10,a,,,,,45,3.2,1.0
9d0256d6-3d5d-4dcf-9573-7f8cfb42c24b,2026-08-20T15:49:52.496458+00:00,1,2026-08-21T17:30:00Z,25.66875098388889,86873,251,GK,10,a,,,,,40,1.3,0.02
9d0256d6-3d5d-4dcf-9573-7f8cfb42c24b,2026-08-20T15:49:52.496458+00:00,1,2026-08-21T17:30:00Z,25.66875098388889,505079,252,GK,10,a,,,,,40,0.2,0.02
9d0256d6-3d5d-4dcf-9573-7f8cfb42c24b,2026-08-20T15:49:52.496458+00:00,1,2026-08-21T17:30:00Z,25.66875098388889,174874,253,DEF,10,s,Suspended until 30 Aug,2026-07-23T12:01:23.516350Z,,0.0,50,0.0,0.0
9d0256d6-3d5d-4dcf-9573-7f8cfb42c24b,2026-08-20T15:49:52.496458+00:00,1,2026-08-21T17:30:00Z,25.66875098388889,169528,254,DEF,10,a,,,,,45,1.9,0.6666666666666666
9d0256d6-3d5d-4dcf-9573-7f8cfb42c24b,2026-08-20T15:49:52.496458+00:00,1,2026-08-21T17:30:00Z,25.66875098388889,246301,255,DEF,10,a,,,,,45,0.0,0.5
9d0256d6-3d5d-4dcf-9573-7f8cfb42c24b,2026-08-20T15:49:52.496458+00:00,1,2026-08-21T17:30:00Z,25.66875098388889,167074,256,DEF,10,a,,,,,45,0.3,0.8333333333333334
9d0256d6-3d5d-4dcf-9573-7f8cfb42c24b,2026-08-20T15:49:52.496458+00:00,1,2026-08-21T17:30:00Z,25.66875098388889,232892,257,DEF,10,a,,,,,45,0.7,1.0
9d0256d6-3d5d-4dcf-9573-7f8cfb42c24b,2026-08-20T15:49:52.496458+00:00,1,2026-08-21T17:30:00Z,25.66875098388889,166477,258,DEF,10,a,,,,,45,0.3,1.0
9d0256d6-3d5d-4dcf-9573-7f8cfb42c24b,2026-08-20T15:49:52.496458+00:00,1,2026-08-21T17:30:00Z,25.66875098388889,153133,261,MID,10,a,,,,,55,1.0,1.0
9d0256d6-3d5d-4dcf-9573-7f8cfb42c24b,2026-08-20T15:49:52.496458+00:00,1,2026-08-21T17:30:00Z,25.66875098388889,209289,262,MID,10,a,,,,,55,0.4,1.0
9d0256d6-3d5d-4dcf-9573-7f8cfb42c24b,2026-08-20T15:49:52.496458+00:00,1,2026-08-21T17:30:00Z,25.66875098388889,560552,263,MID,10,a,,,,,55,0.1,0.3333333333333333
9d0256d6-3d5d-4dcf-9573-7f8cfb42c24b,2026-08-20T15:49:52.496458+00:00,1,2026-08-21T17:30:00Z,25.66875098388889,477555,264,MID,10,a,,,,,55,0.3,0.3333333333333333
9d0256d6-3d5d-4dcf-9573-7f8cfb42c24b,2026-08-20T15:49:52.496458+00:00,1,2026-08-21T17:30:00Z,25.66875098388889,207189,265,MID,10,a,,,,,50,0.4,1.0
9d0256d6-3d5d-4dcf-9573-7f8cfb42c24b,2026-08-20T15:49:52.496458+00:00,1,2026-08-21T17:30:00Z,25.66875098388889,76357,266,MID,10,i,Knee injury - Expected back 10 Oct,2026-08-14T18:00:06.460944Z,,0.0,50,0.0,0.0
9d0256d6-3d5d-4dcf-9573-7f8cfb42c24b,2026-08-20T15:49:52.496458+00:00,1,2026-08-21T17:30:00Z,25.66875098388889,577725,268,MID,10,a,,,,,55,0.2,0.0
9d0256d6-3d5d-4dcf-9573-7f8cfb42c24b,2026-08-20T15:49:52.496458+00:00,1,2026-08-21T17:30:00Z,25.66875098388889,184349,269,DEF,10,a,,,,,45,0.4,0.3333333333333333
9d0256d6-3d5d-4dcf-9573-7f8cfb42c24b,2026-08-20T15:49:52.496458+00:00,1,2026-08-21T17:30:00Z,25.66875098388889,153366,270,MID,10,a,,,,,45,1.3,0.16666666666666666
9d0256d6-3d5d-4dcf-9573-7f8cfb42c24b,2026-08-20T15:49:52.496458+00:00,1,2026-08-21T17:30:00Z,25.66875098388889,244042,271,FWD,10,a,,,,,55,0.6,0.6666666666666666
9d0256d6-3d5d-4dcf-9573-7f8cfb42c24b,2026-08-20T15:49:52.496458+00:00,1,2026-08-21T17:30:00Z,25.66875098388889,631786,272,FWD,10,a,,,,,45,7.4,0.0
9d0256d6-3d5d-4dcf-9573-7f8cfb42c24b,2026-08-20T15:49:52.496458+00:00,1,2026-08-21T17:30:00Z,25.66875098388889,551466,569,FWD,10,a,,,,,60,2.0,0.5
9d0256d6-3d5d-4dcf-9573-7f8cfb42c24b,2026-08-20T15:49:52.496458+00:00,1,2026-08-21T17:30:00Z,25.66875098388889,571779,570,MID,10,a,,,,,55,0.2,0.5
9d0256d6-3d5d-4dcf-9573-7f8cfb42c24b,2026-08-20T15:49:52.496458+00:00,1,2026-08-21T17:30:00Z,25.66875098388889,463210,580,MID,10,a,,,,,50,0.1,0.5
9d0256d6-3d5d-4dcf-9573-7f8cfb42c24b,2026-08-20T15:49:52.496458+00:00,1,2026-08-21T17:30:00Z,25.66875098388889,167825,273,GK,11,a,,,,,40,1.7,0.02
9d0256d6-3d5d-4dcf-9573-7f8cfb42c24b,2026-08-20T15:49:52.496458+00:00,1,2026-08-21T17:30:00Z,25.66875098388889,105666,274,GK,11,i,Arm injury - Unknown return date,2026-08-08T19:00:05.601633Z,,0.0,45,0.2,0.0
9d0256d6-3d5d-4dcf-9573-7f8cfb42c24b,2026-08-20T15:49:52.496458+00:00,1,2026-08-21T17:30:00Z,25.66875098388889,494950,275,GK,11,u,Has joined Grimsby Town on loan for the rest of the season,2026-07-29T13:00:27.959925Z,,0.0,40,0.0,0.0
9d0256d6-3d5d-4dcf-9573-7f8cfb42c24b,2026-08-20T15:49:52.496458+00:00,1,2026-08-21T17:30:00Z,25.66875098388889,444307,276,GK,11,u,Has joined Colchester United on loan for the rest of the season,2026-08-17T13:50:27.125537Z,,0.0,40,0.1,0.0
9d0256d6-3d5d-4dcf-9573-7f8cfb42c24b,2026-08-20T15:49:52.496458+00:00,1,2026-08-21T17:30:00Z,25.66875098388889,108416,277,DEF,11,a,,,,,40,1.7,1.0
9d0256d6-3d5d-4dcf-9573-7f8cfb42c24b,2026-08-20T15:49:52.496458+00:00,1,2026-08-21T17:30:00Z,25.66875098388889,501902,278,DEF,11,i,Groin injury - Unknown return date,2026-08-02T09:00:11.030017Z,,0.0,40,0.2,0.0
9d0256d6-3d5d-4dcf-9573-7f8cfb42c24b,2026-08-20T15:49:52.496458+00:00,1,2026-08-21T17:30:00Z,25.66875098388889,146426,279,DEF,11,a,,,,,40,0.9,0.5
9d0256d6-3d5d-4dcf-9573-7f8cfb42c24b,2026-08-20T15:49:52.496458+00:00,1,2026-08-21T17:30:00Z,25.66875098388889,193278,280,DEF,11,a,,,,,40,0.7,0.5
9d0256d6-3d5d-4dcf-9573-7f8cfb42c24b,2026-08-20T15:49:52.496458+00:00,1,2026-08-21T17:30:00Z,25.66875098388889,433590,281,DEF,11,i,Hamstring injury - Expected back 29 Aug,2026-08-08T19:00:05.613036Z,,0.0,40,0.0,0.0
9d0256d6-3d5d-4dcf-9573-7f8cfb42c24b,2026-08-20T15:49:52.496458+00:00,1,2026-08-21T17:30:00Z,25.66875098388889,232351,282,DEF,11,a,,,,,40,0.8,0.3333333333333333
9d0256d6-3d5d-4dcf-9573-7f8cfb42c24b,2026-08-20T15:49:52.496458+00:00,1,2026-08-21T17:30:00Z,25.66875098388889,449428,283,DEF,11,d,Hip injury - 75% chance of playing,2026-08-02T09:00:11.038361Z,,75.0,40,0.0,0.75
9d0256d6-3d5d-4dcf-9573-7f8cfb42c24b,2026-08-20T15:49:52.496458+00:00,1,2026-08-21T17:30:00Z,25.66875098388889,661800,284,DEF,11,a,,,,,40,0.1,0.5
9d0256d6-3d5d-4dcf-9573-7f8cfb42c24b,2026-08-20T15:49:52.496458+00:00,1,2026-08-21T17:30:00Z,25.66875098388889,160817,285,DEF,11,a,,,,,40,0.1,0.5
9d0256d6-3d5d-4dcf-9573-7f8cfb42c24b,2026-08-20T15:49:52.496458+00:00,1,2026-08-21T17:30:00Z,25.66875098388889,540324,286,MID,11,a,,,,,50,0.4,0.5
9d0256d6-3d5d-4dcf-9573-7f8cfb42c24b,2026-08-20T15:49:52.496458+00:00,1,2026-08-21T17:30:00Z,25.66875098388889,232905,287,MID,11,a,,,,,50,0.1,0.5
9d0256d6-3d5d-4dcf-9573-7f8cfb42c24b,2026-08-20T15:49:52.496458+00:00,1,2026-08-21T17:30:00Z,25.66875098388889,171270,288,MID,11,a,,,,,45,0.4,0.5
9d0256d6-3d5d-4dcf-9573-7f8cfb42c24b,2026-08-20T15:49:52.496458+00:00,1,2026-08-21T17:30:00Z,25.66875098388889,101282,289,MID,11,a,,,,,45,0.6,0.5
9d0256d6-3d5d-4dcf-9573-7f8cfb42c24b,2026-08-20T15:49:52.496458+00:00,1,2026-08-21T17:30:00Z,25.66875098388889,243413,290,MID,11,a,,,,,45,2.6,0.5
9d0256d6-3d5d-4dcf-9573-7f8cfb42c24b,2026-08-20T15:49:52.496458+00:00,1,2026-08-21T17:30:00Z,25.66875098388889,465525,291,MID,11,i,Knee injury - Unknown return date,2026-07-23T12:01:23.532635Z,,0.0,45,0.0,0.0
9d0256d6-3d5d-4dcf-9573-7f8cfb42c24b,2026-08-20T15:49:52.496458+00:00,1,2026-08-21T17:30:00Z,25.66875098388889,208481,292,MID,11,a,,,,,50,0.0,0.5
9d0256d6-3d5d-4dcf-9573-7f8cfb42c24b,2026-08-20T15:49:52.496458+00:00,1,2026-08-21T17:30:00Z,25.66875098388889,490161,293,MID,11,u,Has joined Portsmouth permanently,2026-08-12T14:08:23.542043Z,,0.0,50,0.0,0.0
9d0256d6-3d5d-4dcf-9573-7f8cfb42c24b,2026-08-20T15:49:52.496458+00:00,1,2026-08-21T17:30:00Z,25.66875098388889,553783,294,MID,11,i,Thigh injury - Unknown return date,2026-08-04T18:30:11.016909Z,,0.0,45,0.2,0.0
9d0256d6-3d5d-4dcf-9573-7f8cfb42c24b,2026-08-20T15:49:52.496458+00:00,1,2026-08-21T17:30:00Z,25.66875098388889,169432,295,FWD,11,a,,,,,55,1.5,0.8333333333333334
9d0256d6-3d5d-4dcf-9573-7f8cfb42c24b,2026-08-20T15:49:52.496458+00:00,1,2026-08-21T17:30:00Z,25.66875098388889,213292,296,MID,11,a,,,,,50,0.0,0.5
9d0256d6-3d5d-4dcf-9573-7f8cfb42c24b,2026-08-20T15:49:52.496458+00:00,1,2026-08-21T17:30:00Z,25.66875098388889,470294,297,MID,11,i,Thigh injury - Unknown return date,2026-08-04T18:30:11.027155Z,,0.0,45,0.0,0.0
9d0256d6-3d5d-4dcf-9573-7f8cfb42c24b,2026-08-20T15:49:52.496458+00:00,1,2026-08-21T17:30:00Z,25.66875098388889,500957,298,FWD,11,u,Has joined Konyaspor permanently,2026-08-17T13:50:27.145733Z,,0.0,45,0.9,0.0
9d0256d6-3d5d-4dcf-9573-7f8cfb42c24b,2026-08-20T15:49:52.496458+00:00,1,2026-08-21T17:30:00Z,25.66875098388889,534392,299,FWD,11,u,Has joined Sheffield Wednesday on loan for the rest of the season,2026-08-03T14:05:20.234842Z,,0.0,45,0.1,0.0
9d0256d6-3d5d-4dcf-9573-7f8cfb42c24b,2026-08-20T15:49:52.496458+00:00,1,2026-08-21T17:30:00Z,25.66875098388889,462635,340,MID,11,i,Ankle injury - Expected back 5 Sep,2026-08-17T21:30:07.799839Z,,0.0,50,0.0,0.0
9d0256d6-3d5d-4dcf-9573-7f8cfb42c24b,2026-08-20T15:49:52.496458+00:00,1,2026-08-21T17:30:00Z,25.66875098388889,169359,556,DEF,11,a,,,,,40,2.7,0.2
9d0256d6-3d5d-4dcf-9573-7f8cfb42c24b,2026-08-20T15:49:52.496458+00:00,1,2026-08-21T17:30:00Z,25.66875098388889,445028,563,MID,11,d,Calf injury - 50% chance of playing,2026-08-15T16:00:07.961518Z,,50.0,50,0.0,0.5
9d0256d6-3d5d-4dcf-9573-7f8cfb42c24b,2026-08-20T15:49:52.496458+00:00,1,2026-08-21T17:30:00Z,25.66875098388889,473284,572,GK,11,a,,,,,45,0.5,0.02
9d0256d6-3d5d-4dcf-9573-7f8cfb42c24b,2026-08-20T15:49:52.496458+00:00,1,2026-08-21T17:30:00Z,25.66875098388889,552946,574,MID,11,a,,,,,50,0.1,0.5
9d0256d6-3d5d-4dcf-9573-7f8cfb42c24b,2026-08-20T15:49:52.496458+00:00,1,2026-08-21T17:30:00Z,25.66875098388889,608227,576,MID,11,a,,,,,50,0.1,0.5
9d0256d6-3d5d-4dcf-9573-7f8cfb42c24b,2026-08-20T15:49:52.496458+00:00,1,2026-08-21T17:30:00Z,25.66875098388889,597462,585,DEF,11,a,,,,,40,0.5,0.5
9d0256d6-3d5d-4dcf-9573-7f8cfb42c24b,2026-08-20T15:49:52.496458+00:00,1,2026-08-21T17:30:00Z,25.66875098388889,606930,586,DEF,11,a,,,,,40,0.8,0.5
9d0256d6-3d5d-4dcf-9573-7f8cfb42c24b,2026-08-20T15:49:52.496458+00:00,1,2026-08-21T17:30:00Z,25.66875098388889,469266,589,MID,11,a,,,,,50,0.0,0.5
9d0256d6-3d5d-4dcf-9573-7f8cfb42c24b,2026-08-20T15:49:52.496458+00:00,1,2026-08-21T17:30:00Z,25.66875098388889,219924,259,DEF,12,a,,,,,40,17.9,0.6666666666666666
9d0256d6-3d5d-4dcf-9573-7f8cfb42c24b,2026-08-20T15:49:52.496458+00:00,1,2026-08-21T17:30:00Z,25.66875098388889,212314,267,MID,12,a,,,,,50,0.1,0.8333333333333334
9d0256d6-3d5d-4dcf-9573-7f8cfb42c24b,2026-08-20T15:49:52.496458+00:00,1,2026-08-21T17:30:00Z,25.66875098388889,108813,300,GK,12,a,,,,,45,0.6,1.0
9d0256d6-3d5d-4dcf-9573-7f8cfb42c24b,2026-08-20T15:49:52.496458+00:00,1,2026-08-21T17:30:00Z,25.66875098388889,112520,301,GK,12,a,,,,,40,5.0,0.02
9d0256d6-3d5d-4dcf-9573-7f8cfb42c24b,2026-08-20T15:49:52.496458+00:00,1,2026-08-21T17:30:00Z,25.66875098388889,50093,302,GK,12,a,,,,,40,0.4,0.02
9d0256d6-3d5d-4dcf-9573-7f8cfb42c24b,2026-08-20T15:49:52.496458+00:00,1,2026-08-21T17:30:00Z,25.66875098388889,183015,303,DEF,12,a,,,,,40,0.6,0.5
9d0256d6-3d5d-4dcf-9573-7f8cfb42c24b,2026-08-20T15:49:52.496458+00:00,1,2026-08-21T17:30:00Z,25.66875098388889,216616,304,DEF,12,a,,,,,40,3.2,1.0
9d0256d6-3d5d-4dcf-9573-7f8cfb42c24b,2026-08-20T15:49:52.496458+00:00,1,2026-08-21T17:30:00Z,25.66875098388889,455084,305,DEF,12,a,,,,,40,5.2,0.8333333333333334
9d0256d6-3d5d-4dcf-9573-7f8cfb42c24b,2026-08-20T15:49:52.496458+00:00,1,2026-08-21T17:30:00Z,25.66875098388889,449429,306,DEF,12,a,,,,,40,1.2,1.0
9d0256d6-3d5d-4dcf-9573-7f8cfb42c24b,2026-08-20T15:49:52.496458+00:00,1,2026-08-21T17:30:00Z,25.66875098388889,222018,307,DEF,12,a,,,,,40,0.1,0.8333333333333334
9d0256d6-3d5d-4dcf-9573-7f8cfb42c24b,2026-08-20T15:49:52.496458+00:00,1,2026-08-21T17:30:00Z,25.66875098388889,176420,308,DEF,12,a,,,,,40,0.6,0.5
9d0256d6-3d5d-4dcf-9573-7f8cfb42c24b,2026-08-20T15:49:52.496458+00:00,1,2026-08-21T17:30:00Z,25.66875098388889,501390,309,MID,12,a,,,,,50,0.1,0.5
9d0256d6-3d5d-4dcf-9573-7f8cfb42c24b,2026-08-20T15:49:52.496458+00:00,1,2026-08-21T17:30:00Z,25.66875098388889,241117,310,MID,12,i,Muscular injury - Unknown return date,2026-07-29T18:00:10.305484Z,,0.0,50,0.0,0.0
9d0256d6-3d5d-4dcf-9573-7f8cfb42c24b,2026-08-20T15:49:52.496458+00:00,1,2026-08-21T17:30:00Z,25.66875098388889,149929,311,MID,12,u,Has joined Leicester City permanently,2026-08-10T14:02:47.597478Z,,0.0,50,0.0,0.0
9d0256d6-3d5d-4dcf-9573-7f8cfb42c24b,2026-08-20T15:49:52.496458+00:00,1,2026-08-21T17:30:00Z,25.66875098388889,231899,312,MID,12,i,Knee injury - Unknown return date,2026-07-29T18:00:10.319370Z,,0.0,45,0.1,0.0
9d0256d6-3d5d-4dcf-9573-7f8cfb42c24b,2026-08-20T15:49:52.496458+00:00,1,2026-08-21T17:30:00Z,25.66875098388889,443261,313,MID,12,a,,,,,55,0.3,0.5
9d0256d6-3d5d-4dcf-9573-7f8cfb42c24b,2026-08-20T15:49:52.496458+00:00,1,2026-08-21T17:30:00Z,25.66875098388889,229164,314,MID,12,a,,,,,50,0.0,0.6666666666666666
9d0256d6-3d5d-4dcf-9573-7f8cfb42c24b,2026-08-20T15:49:52.496458+00:00,1,2026-08-21T17:30:00Z,25.66875098388889,531442,315,MID,12,a,,,,,55,0.3,0.5
9d0256d6-3d5d-4dcf-9573-7f8cfb42c24b,2026-08-20T15:49:52.496458+00:00,1,2026-08-21T17:30:00Z,25.66875098388889,543968,316,FWD,12,a,,,,,55,0.4,0.5
9d0256d6-3d5d-4dcf-9573-7f8cfb42c24b,2026-08-20T15:49:52.496458+00:00,1,2026-08-21T17:30:00Z,25.66875098388889,222625,317,FWD,12,a,,,,,50,0.4,0.5
9d0256d6-3d5d-4dcf-9573-7f8cfb42c24b,2026-08-20T15:49:52.496458+00:00,1,2026-08-21T17:30:00Z,25.66875098388889,481624,318,MID,12,a,,,,,55,0.2,0.5
9d0256d6-3d5d-4dcf-9573-7f8cfb42c24b,2026-08-20T15:49:52.496458+00:00,1,2026-08-21T17:30:00Z,25.66875098388889,172453,319,MID,12,u,Has joined Derby County on loan for the rest of the season,2026-08-17T13:51:41.713979Z,,0.0,50,0.0,0.0
9d0256d6-3d5d-4dcf-9573-7f8cfb42c24b,2026-08-20T15:49:52.496458+00:00,1,2026-08-21T17:30:00Z,25.66875098388889,147675,320,FWD,12,a,,,,,50,0.5,0.5
9d0256d6-3d5d-4dcf-9573-7f8cfb42c24b,2026-08-20T15:49:52.496458+00:00,1,2026-08-21T17:30:00Z,25.66875098388889,557012,321,FWD,12,a,,,,,45,2.2,0.5
9d0256d6-3d5d-4dcf-9573-7f8cfb42c24b,2026-08-20T15:49:52.496458+00:00,1,2026-08-21T17:30:00Z,25.66875098388889,462387,322,FWD,12,a,,,,,50,0.1,0.0
9d0256d6-3d5d-4dcf-9573-7f8cfb42c24b,2026-08-20T15:49:52.496458+00:00,1,2026-08-21T17:30:00Z,25.66875098388889,461587,323,MID,12,a,,,,,45,1.4,0.8333333333333334
9d0256d6-3d5d-4dcf-9573-7f8cfb42c24b,2026-08-20T15:49:52.496458+00:00,1,2026-08-21T17:30:00Z,25.66875098388889,232457,324,MID,12,a,,,,,50,0.1,0.5
9d0256d6-3d5d-4dcf-9573-7f8cfb42c24b,2026-08-20T15:49:52.496458+00:00,1,2026-08-21T17:30:00Z,25.66875098388889,546600,554,GK,12,a,,,,,45,0.0,0.02
9d0256d6-3d5d-4dcf-9573-7f8cfb42c24b,2026-08-20T15:49:52.496458+00:00,1,2026-08-21T17:30:00Z,25.66875098388889,442967,562,MID,12,a,,,,,55,0.4,0.5
9d0256d6-3d5d-4dcf-9573-7f8cfb42c24b,2026-08-20T15:49:52.496458+00:00,1,2026-08-21T17:30:00Z,25.66875098388889,240514,564,GK,12,a,,,,,45,0.6,0.02
9d0256d6-3d5d-4dcf-9573-7f8cfb42c24b,2026-08-20T15:49:52.496458+00:00,1,2026-08-21T17:30:00Z,25.66875098388889,216055,571,MID,12,a,,,,,50,0.1,0.6666666666666666
9d0256d6-3d5d-4dcf-9573-7f8cfb42c24b,2026-08-20T15:49:52.496458+00:00,1,2026-08-21T17:30:00Z,25.66875098388889,474120,591,MID,12,a,,,,,55,0.2,1.0
9d0256d6-3d5d-4dcf-9573-7f8cfb42c24b,2026-08-20T15:49:52.496458+00:00,1,2026-08-21T17:30:00Z,25.66875098388889,572584,592,DEF,12,a,,,,,40,0.5,0.5
9d0256d6-3d5d-4dcf-9573-7f8cfb42c24b,2026-08-20T15:49:52.496458+00:00,1,2026-08-21T17:30:00Z,25.66875098388889,153682,260,MID,13,a,,,,,65,6.9,0.6666666666666666
9d0256d6-3d5d-4dcf-9573-7f8cfb42c24b,2026-08-20T15:49:52.496458+00:00,1,2026-08-21T17:30:00Z,25.66875098388889,201595,326,GK,13,a,,,,,45,0.6,0.02
9d0256d6-3d5d-4dcf-9573-7f8cfb42c24b,2026-08-20T15:49:52.496458+00:00,1,2026-08-21T17:30:00Z,25.66875098388889,434752,327,DEF,13,a,,,,,50,0.3,1.0
9d0256d6-3d5d-4dcf-9573-7f8cfb42c24b,2026-08-20T15:49:52.496458+00:00,1,2026-08-21T17:30:00Z,25.66875098388889,214225,329,DEF,13,a,,,,,45,2.9,0.6666666666666666
9d0256d6-3d5d-4dcf-9573-7f8cfb42c24b,2026-08-20T15:49:52.496458+00:00,1,2026-08-21T17:30:00Z,25.66875098388889,226182,330,DEF,13,a,,,,,45,0.5,1.0
9d0256d6-3d5d-4dcf-9573-7f8cfb42c24b,2026-08-20T15:49:52.496458+00:00,1,2026-08-21T17:30:00Z,25.66875098388889,243526,331,DEF,13,i,Hamstring injury - Unknown return date,2026-08-08T20:00:07.546568Z,,0.0,45,0.1,0.0
9d0256d6-3d5d-4dcf-9573-7f8cfb42c24b,2026-08-20T15:49:52.496458+00:00,1,2026-08-21T17:30:00Z,25.66875098388889,220627,332,DEF,13,a,,,,,45,0.6,1.0
9d0256d6-3d5d-4dcf-9573-7f8cfb42c24b,2026-08-20T15:49:52.496458+00:00,1,2026-08-21T17:30:00Z,25.66875098388889,437738,333,DEF,13,u,Has joined Hamburg SV on loan for the rest of the season,2026-08-19T13:56:14.645970Z,,0.0,45,0.0,0.0
9d0256d6-3d5d-4dcf-9573-7f8cfb42c24b,2026-08-20T15:49:52.496458+00:00,1,2026-08-21T17:30:00Z,25.66875098388889,522047,334,DEF,13,a,,,,,50,3.0,0.5
9d0256d6-3d5d-4dcf-9573-7f8cfb42c24b,2026-08-20T15:49:52.496458+00:00,1,2026-08-21T17:30:00Z,25.66875098388889,466525,335,MID,13,a,,,,,60,1.0,1.0
9d0256d6-3d5d-4dcf-9573-7f8cfb42c24b,2026-08-20T15:49:52.496458+00:00,1,2026-08-21T17:30:00Z,25.66875098388889,435997,336,MID,13,a,,,,,60,0.6,0.6666666666666666
9d0256d6-3d5d-4dcf-9573-7f8cfb42c24b,2026-08-20T15:49:52.496458+00:00,1,2026-08-21T17:30:00Z,25.66875098388889,427637,337,MID,13,a,,,,,55,1.0,0.8333333333333334
9d0256d6-3d5d-4dcf-9573-7f8cfb42c24b,2026-08-20T15:49:52.496458+00:00,1,2026-08-21T17:30:00Z,25.66875098388889,199598,338,MID,13,a,,,,,55,1.5,1.0
9d0256d6-3d5d-4dcf-9573-7f8cfb42c24b,2026-08-20T15:49:52.496458+00:00,1,2026-08-21T17:30:00Z,25.66875098388889,180135,339,MID,13,a,,,,,50,0.1,0.0
9d0256d6-3d5d-4dcf-9573-7f8cfb42c24b,2026-08-20T15:49:52.496458+00:00,1,2026-08-21T17:30:00Z,25.66875098388889,492859,341,MID,13,i,Hamstring injury - Unknown return date,2026-08-17T20:30:08.092366Z,,0.0,50,0.0,0.0
9d0256d6-3d5d-4dcf-9573-7f8cfb42c24b,2026-08-20T15:49:52.496458+00:00,1,2026-08-21T17:30:00Z,25.66875098388889,221399,342,MID,13,u,Has joined New England Revolution permanently,2026-07-28T12:59:09.492431Z,,0.0,50,0.0,0.0
9d0256d6-3d5d-4dcf-9573-7f8cfb42c24b,2026-08-20T15:49:52.496458+00:00,1,2026-08-21T17:30:00Z,25.66875098388889,200617,343,MID,13,a,,,,,50,0.1,0.3333333333333333
9d0256d6-3d5d-4dcf-9573-7f8cfb42c24b,2026-08-20T15:49:52.496458+00:00,1,2026-08-21T17:30:00Z,25.66875098388889,486520,344,MID,13,i,Knee injury - Unknown return date,2026-08-14T23:00:06.272027Z,,0.0,50,0.0,0.0
9d0256d6-3d5d-4dcf-9573-7f8cfb42c24b,2026-08-20T15:49:52.496458+00:00,1,2026-08-21T17:30:00Z,25.66875098388889,248056,345,MID,13,a,,,,,50,0.3,1.0
9d0256d6-3d5d-4dcf-9573-7f8cfb42c24b,2026-08-20T15:49:52.496458+00:00,1,2026-08-21T17:30:00Z,25.66875098388889,177815,346,FWD,13,a,,,,,60,29.1,1.0
9d0256d6-3d5d-4dcf-9573-7f8cfb42c24b,2026-08-20T15:49:52.496458+00:00,1,2026-08-21T17:30:00Z,25.66875098388889,174594,347,FWD,13,a,,,,,55,0.6,0.16666666666666666
9d0256d6-3d5d-4dcf-9573-7f8cfb42c24b,2026-08-20T15:49:52.496458+00:00,1,2026-08-21T17:30:00Z,25.66875098388889,235826,348,FWD,13,u,Has joined West Ham United on loan for the rest of the season,2026-08-19T13:56:14.666726Z,,0.0,50,0.4,0.0
9d0256d6-3d5d-4dcf-9573-7f8cfb42c24b,2026-08-20T15:49:52.496458+00:00,1,2026-08-21T17:30:00Z,25.66875098388889,565297,349,FWD,13,i,Knee injury - Unknown return date,2026-07-29T18:00:10.338170Z,,0.0,45,0.1,0.0
9d0256d6-3d5d-4dcf-9573-7f8cfb42c24b,2026-08-20T15:49:52.496458+00:00,1,2026-08-21T17:30:00Z,25.66875098388889,432720,385,GK,13,a,,,,,50,3.0,1.0
9d0256d6-3d5d-4dcf-9573-7f8cfb42c24b,2026-08-20T15:49:52.496458+00:00,1,2026-08-21T17:30:00Z,25.66875098388889,173774,598,DEF,13,a,,,,,45,0.0,0.5
9d0256d6-3d5d-4dcf-9573-7f8cfb42c24b,2026-08-20T15:49:52.496458+00:00,1,2026-08-21T17:30:00Z,25.66875098388889,116535,350,GK,14,a,,,,,55,3.7,1.0
9d0256d6-3d5d-4dcf-9573-7f8cfb42c24b,2026-08-20T15:49:52.496458+00:00,1,2026-08-21T17:30:00Z,25.66875098388889,449027,351,GK,14,a,,,,,50,0.2,0.02
9d0256d6-3d5d-4dcf-9573-7f8cfb42c24b,2026-08-20T15:49:52.496458+00:00,1,2026-08-21T17:30:00Z,25.66875098388889,155503,352,GK,14,a,,,,,40,1.1,0.02
9d0256d6-3d5d-4dcf-9573-7f8cfb42c24b,2026-08-20T15:49:52.496458+00:00,1,2026-08-21T17:30:00Z,25.66875098388889,586268,353,GK,14,u,Has joined TSV Hartberg on loan for the rest of the season,2026-08-18T14:11:18.638344Z,,0.0,40,0.1,0.0
9d0256d6-3d5d-4dcf-9573-7f8cfb42c24b,2026-08-20T15:49:52.496458+00:00,1,2026-08-21T17:30:00Z,25.66875098388889,432987,354,GK,14,i,Knee injury - Unknown return date,2026-07-29T18:00:10.351066Z,,0.0,40,0.0,0.0
9d0256d6-3d5d-4dcf-9573-7f8cfb42c24b,2026-08-20T15:49:52.496458+00:00,1,2026-08-21T17:30:00Z,25.66875098388889,464353,355,GK,14,a,,,,,40,0.1,0.02
9d0256d6-3d5d-4dcf-9573-7f8cfb42c24b,2026-08-20T15:49:52.496458+00:00,1,2026-08-21T17:30:00Z,25.66875098388889,97032,356,DEF,14,a,,,,,65,18.6,1.0
9d0256d6-3d5d-4dcf-9573-7f8cfb42c24b,2026-08-20T15:49:52.496458+00:00,1,2026-08-21T17:30:00Z,25.66875098388889,216094,357,DEF,14,a,,,,,55,3.3,0.5
9d0256d6-3d5d-4dcf-9573-7f8cfb42c24b,2026-08-20T15:49:52.496458+00:00,1,2026-08-21T17:30:00Z,25.66875098388889,544877,358,DEF,14,a,,,,,55,4.0,0.3333333333333333
9d0256d6-3d5d-4dcf-9573-7f8cfb42c24b,2026-08-20T15:49:52.496458+00:00,1,2026-08-21T17:30:00Z,25.66875098388889,171287,359,DEF,14,i,Muscular injury - Unknown return date,2026-07-26T08:30:10.078473Z,,0.0,50,0.0,0.0
9d0256d6-3d5d-4dcf-9573-7f8cfb42c24b,2026-08-20T15:49:52.496458+00:00,1,2026-08-21T17:30:00Z,25.66875098388889,492777,360,DEF,14,i,Knee injury - Unknown return date,2026-07-23T12:01:23.565711Z,,0.0,50,0.0,0.0
9d0256d6-3d5d-4dcf-9573-7f8cfb42c24b,2026-08-20T15:49:52.496458+00:00,1,2026-08-21T17:30:00Z,25.66875098388889,519440,361,DEF,14,a,,,,,40,0.1,0.5
9d0256d6-3d5d-4dcf-9573-7f8cfb42c24b,2026-08-20T15:49:52.496458+00:00,1,2026-08-21T17:30:00Z,25.66875098388889,606702,362,DEF,14,a,,2026-07-23T12:01:23.581126Z,,100.0,50,2.3,1.0
9d0256d6-3d5d-4dcf-9573-7f8cfb42c24b,2026-08-20T15:49:52.496458+00:00,1,2026-08-21T17:30:00Z,25.66875098388889,647681,363,DEF,14,i,Knee injury - Unknown return date,2026-07-23T12:01:23.596909Z,,0.0,40,0.1,0.0
9d0256d6-3d5d-4dcf-9573-7f8cfb42c24b,2026-08-20T15:49:52.496458+00:00,1,2026-08-21T17:30:00Z,25.66875098388889,214285,364,DEF,14,a,,,,,50,0.1,1.0
9d0256d6-3d5d-4dcf-9573-7f8cfb42c24b,2026-08-20T15:49:52.496458+00:00,1,2026-08-21T17:30:00Z,25.66875098388889,489580,365,DEF,14,a,,,,,40,0.2,0.5
9d0256d6-3d5d-4dcf-9573-7f8cfb42c24b,2026-08-20T15:49:52.496458+00:00,1,2026-08-21T17:30:00Z,25.66875098388889,494595,366,MID,14,a,,,,,75,13.9,0.6666666666666666
9d0256d6-3d5d-4dcf-9573-7f8cfb42c24b,2026-08-20T15:49:52.496458+00:00,1,2026-08-21T17:30:00Z,25.66875098388889,243298,367,MID,14,a,,,,,70,3.6,1.0
9d0256d6-3d5d-4dcf-9573-7f8cfb42c24b,2026-08-20T15:49:52.496458+00:00,1,2026-08-21T17:30:00Z,25.66875098388889,424876,368,MID,14,a,,,,,70,41.4,1.0
9d0256d6-3d5d-4dcf-9573-7f8cfb42c24b,2026-08-20T15:49:52.496458+00:00,1,2026-08-21T17:30:00Z,25.66875098388889,611922,369,MID,14,a,,,,,60,1.2,0.6666666666666666
9d0256d6-3d5d-4dcf-9573-7f8cfb42c24b,2026-08-20T15:49:52.496458+00:00,1,2026-08-21T17:30:00Z,25.66875098388889,223541,370,MID,14,a,,,,,55,0.1,0.0
9d0256d6-3d5d-4dcf-9573-7f8cfb42c24b,2026-08-20T15:49:52.496458+00:00,1,2026-08-21T17:30:00Z,25.66875098388889,441266,371,MID,14,a,,,,,60,1.9,0.8333333333333334
9d0256d6-3d5d-4dcf-9573-7f8cfb42c24b,2026-08-20T15:49:52.496458+00:00,1,2026-08-21T17:30:00Z,25.66875098388889,243016,372,MID,14,a,,,,,55,1.7,0.8333333333333334
9d0256d6-3d5d-4dcf-9573-7f8cfb42c24b,2026-08-20T15:49:52.496458+00:00,1,2026-08-21T17:30:00Z,25.66875098388889,206915,373,MID,14,d,Hip injury - 75% chance of playing,2026-08-16T18:30:07.426408Z,,75.0,55,0.1,0.75
9d0256d6-3d5d-4dcf-9573-7f8cfb42c24b,2026-08-20T15:49:52.496458+00:00,1,2026-08-21T17:30:00Z,25.66875098388889,158983,374,MID,14,a,,2026-07-23T12:01:23.612529Z,,100.0,50,0.0,1.0
9d0256d6-3d5d-4dcf-9573-7f8cfb42c24b,2026-08-20T15:49:52.496458+00:00,1,2026-08-21T17:30:00Z,25.66875098388889,591386,375,MID,14,a,,,,,50,0.0,0.0
9d0256d6-3d5d-4dcf-9573-7f8cfb42c24b,2026-08-20T15:49:52.496458+00:00,1,2026-08-21T17:30:00Z,25.66875098388889,535928,376,MID,14,i,Hamstring injury - Expected back 23 Aug,2026-07-23T12:01:23.628373Z,,0.0,50,0.0,0.0
9d0256d6-3d5d-4dcf-9573-7f8cfb42c24b,2026-08-20T15:49:52.496458+00:00,1,2026-08-21T17:30:00Z,25.66875098388889,551499,377,MID,14,a,,,,,65,0.6,0.5
9d0256d6-3d5d-4dcf-9573-7f8cfb42c24b,2026-08-20T15:49:52.496458+00:00,1,2026-08-21T17:30:00Z,25.66875098388889,491501,378,MID,14,a,,,,,45,0.3,0.0
9d0256d6-3d5d-4dcf-9573-7f8cfb42c24b,2026-08-20T15:49:52.496458+00:00,1,2026-08-21T17:30:00Z,25.66875098388889,219168,379,FWD,14,a,,,,,90,16.2,0.3333333333333333
9d0256d6-3d5d-4dcf-9573-7f8cfb42c24b,2026-08-20T15:49:52.496458+00:00,1,2026-08-21T17:30:00Z,25.66875098388889,510663,380,FWD,14,i,Achilles injury - Unknown return date,2026-07-23T12:01:23.643771Z,,0.0,75,0.2,0.0
9d0256d6-3d5d-4dcf-9573-7f8cfb42c24b,2026-08-20T15:49:52.496458+00:00,1,2026-08-21T17:30:00Z,25.66875098388889,514514,381,MID,14,a,,,,,50,0.0,0.5
9d0256d6-3d5d-4dcf-9573-7f8cfb42c24b,2026-08-20T15:49:52.496458+00:00,1,2026-08-21T17:30:00Z,25.66875098388889,500058,382,FWD,14,i,Unspecified injury - Unknown return date,2026-07-23T12:01:23.659279Z,,0.0,45,0.0,0.0
9d0256d6-3d5d-4dcf-9573-7f8cfb42c24b,2026-08-20T15:49:52.496458+00:00,1,2026-08-21T17:30:00Z,25.66875098388889,444884,383,MID,14,a,,,,,55,0.1,0.16666666666666666
9d0256d6-3d5d-4dcf-9573-7f8cfb42c24b,2026-08-20T15:49:52.496458+00:00,1,2026-08-21T17:30:00Z,25.66875098388889,445087,579,DEF,14,a,,,,,55,2.0,0.5
9d0256d6-3d5d-4dcf-9573-7f8cfb42c24b,2026-08-20T15:49:52.496458+00:00,1,2026-08-21T17:30:00Z,25.66875098388889,114283,238,MID,15,a,,2026-07-29T10:00:10.492904Z,,100.0,65,0.2,1.0
9d0256d6-3d5d-4dcf-9573-7f8cfb42c24b,2026-08-20T15:49:52.496458+00:00,1,2026-08-21T17:30:00Z,25.66875098388889,204936,384,GK,15,a,,,,,55,8.9,1.0
9d0256d6-3d5d-4dcf-9573-7f8cfb42c24b,2026-08-20T15:49:52.496458+00:00,1,2026-08-21T17:30:00Z,25.66875098388889,122074,386,GK,15,a,,,,,45,0.0,0.02
9d0256d6-3d5d-4dcf-9573-7f8cfb42c24b,2026-08-20T15:49:52.496458+00:00,1,2026-08-21T17:30:00Z,25.66875098388889,472769,387,DEF,15,a,,,,,65,21.4,1.0
9d0256d6-3d5d-4dcf-9573-7f8cfb42c24b,2026-08-20T15:49:52.496458+00:00,1,2026-08-21T17:30:00Z,25.66875098388889,209036,388,DEF,15,a,,,,,60,18.8,1.0
9d0256d6-3d5d-4dcf-9573-7f8cfb42c24b,2026-08-20T15:49:52.496458+00:00,1,2026-08-21T17:30:00Z,25.66875098388889,465351,389,DEF,15,d,Knock - 75% chance of playing,2026-08-16T18:30:07.457097Z,,75.0,60,2.0,0.75
9d0256d6-3d5d-4dcf-9573-7f8cfb42c24b,2026-08-20T15:49:52.496458+00:00,1,2026-08-21T17:30:00Z,25.66875098388889,171314,390,DEF,15,a,,,,,55,1.6,0.8333333333333334
9d0256d6-3d5d-4dcf-9573-7f8cfb42c24b,2026-08-20T15:49:52.496458+00:00,1,2026-08-21T17:30:00Z,25.66875098388889,477424,391,DEF,15,a,,,,,55,11.3,0.6666666666666666
9d0256d6-3d5d-4dcf-9573-7f8cfb42c24b,2026-08-20T15:49:52.496458+00:00,1,2026-08-21T17:30:00Z,25.66875098388889,448514,392,DEF,15,a,,,,,55,0.9,0.6666666666666666
9d0256d6-3d5d-4dcf-9573-7f8cfb42c24b,2026-08-20T15:49:52.496458+00:00,1,2026-08-21T17:30:00Z,25.66875098388889,578153,393,DEF,15,a,,,,,55,1.8,1.0
9d0256d6-3d5d-4dcf-9573-7f8cfb42c24b,2026-08-20T15:49:52.496458+00:00,1,2026-08-21T17:30:00Z,25.66875098388889,494307,394,DEF,15,u,Has joined Burnley on loan for the rest of the season,2026-08-18T14:11:56.324656Z,,0.0,50,0.0,0.0
9d0256d6-3d5d-4dcf-9573-7f8cfb42c24b,2026-08-20T15:49:52.496458+00:00,1,2026-08-21T17:30:00Z,25.66875098388889,477064,395,DEF,15,a,,,,,45,0.2,0.3333333333333333
9d0256d6-3d5d-4dcf-9573-7f8cfb42c24b,2026-08-20T15:49:52.496458+00:00,1,2026-08-21T17:30:00Z,25.66875098388889,616222,396,DEF,15,a,,,,,45,0.0,0.0
9d0256d6-3d5d-4dcf-9573-7f8cfb42c24b,2026-08-20T15:49:52.496458+00:00,1,2026-08-21T17:30:00Z,25.66875098388889,437730,397,MID,15,a,,,,,85,26.4,1.0
9d0256d6-3d5d-4dcf-9573-7f8cfb42c24b,2026-08-20T15:49:52.496458+00:00,1,2026-08-21T17:30:00Z,25.66875098388889,209244,398,MID,15,a,,,,,70,4.4,0.3333333333333333
9d0256d6-3d5d-4dcf-9573-7f8cfb42c24b,2026-08-20T15:49:52.496458+00:00,1,2026-08-21T17:30:00Z,25.66875098388889,466052,399,MID,15,a,,,,,75,7.9,0.5
9d0256d6-3d5d-4dcf-9573-7f8cfb42c24b,2026-08-20T15:49:52.496458+00:00,1,2026-08-21T17:30:00Z,25.66875098388889,248875,400,MID,15,d,Calf injury - 75% chance of playing,2026-08-18T17:00:08.385597Z,,75.0,75,4.1,0.75
9d0256d6-3d5d-4dcf-9573-7f8cfb42c24b,2026-08-20T15:49:52.496458+00:00,1,2026-08-21T17:30:00Z,25.66875098388889,438234,401,FWD,15,a,,,,,70,0.8,0.5
9d0256d6-3d5d-4dcf-9573-7f8cfb42c24b,2026-08-20T15:49:52.496458+00:00,1,2026-08-21T17:30:00Z,25.66875098388889,220566,402,MID,15,u,Has joined Barcelona permanently,2026-07-23T12:01:23.675537Z,,0.0,65,0.0,0.0
9d0256d6-3d5d-4dcf-9573-7f8cfb42c24b,2026-08-20T15:49:52.496458+00:00,1,2026-08-21T17:30:00Z,25.66875098388889,510281,403,MID,15,a,,,,,65,0.1,0.3333333333333333
9d0256d6-3d5d-4dcf-9573-7f8cfb42c24b,2026-08-20T15:49:52.496458+00:00,1,2026-08-21T17:30:00Z,25.66875098388889,433036,404,MID,15,u,Has joined Al Qadsiah permanently,2026-08-20T14:02:58.154273Z,,0.0,60,0.2,0.0
9d0256d6-3d5d-4dcf-9573-7f8cfb42c24b,2026-08-20T15:49:52.496458+00:00,1,2026-08-21T17:30:00Z,25.66875098388889,465694,405,MID,15,a,,,,,55,0.1,0.3333333333333333
9d0256d6-3d5d-4dcf-9573-7f8cfb42c24b,2026-08-20T15:49:52.496458+00:00,1,2026-08-21T17:30:00Z,25.66875098388889,91651,406,MID,15,a,,,,,55,0.1,0.16666666666666666
9d0256d6-3d5d-4dcf-9573-7f8cfb42c24b,2026-08-20T15:49:52.496458+00:00,1,2026-08-21T17:30:00Z,25.66875098388889,575204,407,MID,15,a,,,,,50,0.0,0.0
9d0256d6-3d5d-4dcf-9573-7f8cfb42c24b,2026-08-20T15:49:52.496458+00:00,1,2026-08-21T17:30:00Z,25.66875098388889,155405,408,MID,15,u,Has joined Sheffield United on loan for the rest of the season,2026-08-18T14:11:56.348781Z,,0.0,50,0.0,0.0
9d0256d6-3d5d-4dcf-9573-7f8cfb42c24b,2026-08-20T15:49:52.496458+00:00,1,2026-08-21T17:30:00Z,25.66875098388889,590039,409,MID,15,a,,,,,45,0.2,0.0
9d0256d6-3d5d-4dcf-9573-7f8cfb42c24b,2026-08-20T15:49:52.496458+00:00,1,2026-08-21T17:30:00Z,25.66875098388889,649208,410,MID,15,a,,,,,50,0.0,0.0
9d0256d6-3d5d-4dcf-9573-7f8cfb42c24b,2026-08-20T15:49:52.496458+00:00,1,2026-08-21T17:30:00Z,25.66875098388889,223094,411,FWD,15,a,,,,,155,69.3,1.0
9d0256d6-3d5d-4dcf-9573-7f8cfb42c24b,2026-08-20T15:49:52.496458+00:00,1,2026-08-21T17:30:00Z,25.66875098388889,215379,481,MID,15,a,,,,,65,8.8,0.8333333333333334
9d0256d6-3d5d-4dcf-9573-7f8cfb42c24b,2026-08-20T15:49:52.496458+00:00,1,2026-08-21T17:30:00Z,25.66875098388889,106921,587,GK,15,a,,,,,50,0.0,0.02
9d0256d6-3d5d-4dcf-9573-7f8cfb42c24b,2026-08-20T15:49:52.496458+00:00,1,2026-08-21T17:30:00Z,25.66875098388889,166989,43,MID,16,a,,2026-07-23T12:01:23.321726Z,,100.0,60,2.3,1.0
9d0256d6-3d5d-4dcf-9573-7f8cfb42c24b,2026-08-20T15:49:52.496458+00:00,1,2026-08-21T17:30:00Z,25.66875098388889,532605,162,MID,16,a,,,,,50,1.1,0.5
9d0256d6-3d5d-4dcf-9573-7f8cfb42c24b,2026-08-20T15:49:52.496458+00:00,1,2026-08-21T17:30:00Z,25.66875098388889,59735,325,GK,16,d,Unspecified injury - 75% chance of playing,2026-07-23T12:01:23.549136Z,,75.0,45,0.0,0.02
9d0256d6-3d5d-4dcf-9573-7f8cfb42c24b,2026-08-20T15:49:52.496458+00:00,1,2026-08-21T17:30:00Z,25.66875098388889,465247,412,GK,16,a,,,,,50,17.6,1.0
9d0256d6-3d5d-4dcf-9573-7f8cfb42c24b,2026-08-20T15:49:52.496458+00:00,1,2026-08-21T17:30:00Z,25.66875098388889,451302,413,GK,16,u,Has joined Celta Vigo on loan for the rest of the season,2026-08-10T14:02:28.608415Z,,0.0,45,0.0,0.0
9d0256d6-3d5d-4dcf-9573-7f8cfb42c24b,2026-08-20T15:49:52.496458+00:00,1,2026-08-21T17:30:00Z,25.66875098388889,21205,414,GK,16,i,Hamstring injury - Unknown return date,2026-08-15T16:00:07.854151Z,,0.0,40,0.1,0.0
9d0256d6-3d5d-4dcf-9573-7f8cfb42c24b,2026-08-20T15:49:52.496458+00:00,1,2026-08-21T17:30:00Z,25.66875098388889,596777,415,MID,16,a,,,,,60,1.5,0.5
9d0256d6-3d5d-4dcf-9573-7f8cfb42c24b,2026-08-20T15:49:52.496458+00:00,1,2026-08-21T17:30:00Z,25.66875098388889,209365,416,DEF,16,i,Back injury - Unknown return date,2026-07-23T12:01:23.690880Z,,0.0,50,0.0,0.0
9d0256d6-3d5d-4dcf-9573-7f8cfb42c24b,2026-08-20T15:49:52.496458+00:00,1,2026-08-21T17:30:00Z,25.66875098388889,216051,417,DEF,16,a,,,,,50,2.9,0.8333333333333334
9d0256d6-3d5d-4dcf-9573-7f8cfb42c24b,2026-08-20T15:49:52.496458+00:00,1,2026-08-21T17:30:00Z,25.66875098388889,95658,418,DEF,16,a,,,,,50,15.1,1.0
9d0256d6-3d5d-4dcf-9573-7f8cfb42c24b,2026-08-20T15:49:52.496458+00:00,1,2026-08-21T17:30:00Z,25.66875098388889,221820,419,DEF,16,a,,2026-07-24T20:00:10.337107Z,,100.0,50,1.1,1.0
9d0256d6-3d5d-4dcf-9573-7f8cfb42c24b,2026-08-20T15:49:52.496458+00:00,1,2026-08-21T17:30:00Z,25.66875098388889,550864,420,DEF,16,a,,,,,50,0.7,0.5
9d0256d6-3d5d-4dcf-9573-7f8cfb42c24b,2026-08-20T15:49:52.496458+00:00,1,2026-08-21T17:30:00Z,25.66875098388889,606745,421,DEF,16,a,,,,,45,0.4,0.5
9d0256d6-3d5d-4dcf-9573-7f8cfb42c24b,2026-08-20T15:49:52.496458+00:00,1,2026-08-21T17:30:00Z,25.66875098388889,230001,422,DEF,16,a,,,,,45,0.7,0.8333333333333334
9d0256d6-3d5d-4dcf-9573-7f8cfb42c24b,2026-08-20T15:49:52.496458+00:00,1,2026-08-21T17:30:00Z,25.66875098388889,106760,423,DEF,16,a,,,,,45,21.6,1.0
9d0256d6-3d5d-4dcf-9573-7f8cfb42c24b,2026-08-20T15:49:52.496458+00:00,1,2026-08-21T17:30:00Z,25.66875098388889,577974,424,DEF,16,a,,,,,40,0.2,0.8
9d0256d6-3d5d-4dcf-9573-7f8cfb42c24b,2026-08-20T15:49:52.496458+00:00,1,2026-08-21T17:30:00Z,25.66875098388889,547676,425,DEF,16,u,Has joined Lausanne-Sport permanently,2026-08-18T14:12:31.904433Z,,0.0,40,0.0,0.0
9d0256d6-3d5d-4dcf-9573-7f8cfb42c24b,2026-08-20T15:49:52.496458+00:00,1,2026-08-21T17:30:00Z,25.66875098388889,141746,426,MID,16,a,,,,,120,50.2,1.0
9d0256d6-3d5d-4dcf-9573-7f8cfb42c24b,2026-08-20T15:49:52.496458+00:00,1,2026-08-21T17:30:00Z,25.66875098388889,446008,427,MID,16,a,,,,,80,34.3,0.8333333333333334
9d0256d6-3d5d-4dcf-9573-7f8cfb42c24b,2026-08-20T15:49:52.496458+00:00,1,2026-08-21T17:30:00Z,25.66875098388889,430871,428,MID,16,a,,,,,80,10.7,1.0
9d0256d6-3d5d-4dcf-9573-7f8cfb42c24b,2026-08-20T15:49:52.496458+00:00,1,2026-08-21T17:30:00Z,25.66875098388889,176297,429,MID,16,a,,,,,70,1.5,0.5
9d0256d6-3d5d-4dcf-9573-7f8cfb42c24b,2026-08-20T15:49:52.496458+00:00,1,2026-08-21T17:30:00Z,25.66875098388889,184341,430,MID,16,d,Foot injury - 50% chance of playing,2026-08-15T16:00:07.879135Z,,50.0,55,0.1,0.5
9d0256d6-3d5d-4dcf-9573-7f8cfb42c24b,2026-08-20T15:49:52.496458+00:00,1,2026-08-21T17:30:00Z,25.66875098388889,493250,431,MID,16,a,,,,,60,1.6,0.6666666666666666
9d0256d6-3d5d-4dcf-9573-7f8cfb42c24b,2026-08-20T15:49:52.496458+00:00,1,2026-08-21T17:30:00Z,25.66875098388889,516895,432,MID,16,a,,,,,55,1.1,1.0
9d0256d6-3d5d-4dcf-9573-7f8cfb42c24b,2026-08-20T15:49:52.496458+00:00,1,2026-08-21T17:30:00Z,25.66875098388889,232112,433,MID,16,i,Knee injury - Unknown return date,2026-07-23T12:01:23.706702Z,,0.0,50,0.0,0.0
9d0256d6-3d5d-4dcf-9573-7f8cfb42c24b,2026-08-20T15:49:52.496458+00:00,1,2026-08-21T17:30:00Z,25.66875098388889,547037,434,MID,16,a,,,,,50,0.0,0.0
9d0256d6-3d5d-4dcf-9573-7f8cfb42c24b,2026-08-20T15:49:52.496458+00:00,1,2026-08-21T17:30:00Z,25.66875098388889,576628,435,MID,16,a,,,,,50,0.1,0.0
9d0256d6-3d5d-4dcf-9573-7f8cfb42c24b,2026-08-20T15:49:52.496458+00:00,1,2026-08-21T17:30:00Z,25.66875098388889,490881,436,MID,16,a,,,,,50,0.0,0.0
9d0256d6-3d5d-4dcf-9573-7f8cfb42c24b,2026-08-20T15:49:52.496458+00:00,1,2026-08-21T17:30:00Z,25.66875098388889,576620,437,MID,16,a,,,,,45,0.2,0.0
9d0256d6-3d5d-4dcf-9573-7f8cfb42c24b,2026-08-20T15:49:52.496458+00:00,1,2026-08-21T17:30:00Z,25.66875098388889,519913,438,MID,16,a,,,,,45,0.3,0.0
9d0256d6-3d5d-4dcf-9573-7f8cfb42c24b,2026-08-20T15:49:52.496458+00:00,1,2026-08-21T17:30:00Z,25.66875098388889,485711,439,FWD,16,d,Shin injury - 75% chance of playing,2026-07-23T12:01:23.722029Z,,75.0,70,1.5,0.75
9d0256d6-3d5d-4dcf-9573-7f8cfb42c24b,2026-08-20T15:49:52.496458+00:00,1,2026-08-21T17:30:00Z,25.66875098388889,458249,440,FWD,16,a,,,,,55,0.6,0.16666666666666666
9d0256d6-3d5d-4dcf-9573-7f8cfb42c24b,2026-08-20T15:49:52.496458+00:00,1,2026-08-21T17:30:00Z,25.66875098388889,596047,441,FWD,16,a,,,,,45,1.2,0.16666666666666666
9d0256d6-3d5d-4dcf-9573-7f8cfb42c24b,2026-08-20T15:49:52.496458+00:00,1,2026-08-21T17:30:00Z,25.66875098388889,98747,442,GK,17,a,,,,,50,1.3,1.0
9d0256d6-3d5d-4dcf-9573-7f8cfb42c24b,2026-08-20T15:49:52.496458+00:00,1,2026-08-21T17:30:00Z,25.66875098388889,81441,443,GK,17,a,,,,,45,0.0,0.02
9d0256d6-3d5d-4dcf-9573-7f8cfb42c24b,2026-08-20T15:49:52.496458+00:00,1,2026-08-21T17:30:00Z,25.66875098388889,554578,444,GK,17,a,,,,,45,0.0,0.02
9d0256d6-3d5d-4dcf-9573-7f8cfb42c24b,2026-08-20T15:49:52.496458+00:00,1,2026-08-21T17:30:00Z,25.66875098388889,465642,445,DEF,17,a,,,,,50,1.8,1.0
9d0256d6-3d5d-4dcf-9573-7f8cfb42c24b,2026-08-20T15:49:52.496458+00:00,1,2026-08-21T17:30:00Z,25.66875098388889,119471,446,DEF,17,a,,2026-08-15T16:30:07.209742Z,,100.0,50,0.2,1.0
9d0256d6-3d5d-4dcf-9573-7f8cfb42c24b,2026-08-20T15:49:52.496458+00:00,1,2026-08-21T17:30:00Z,25.66875098388889,220237,447,DEF,17,a,,,,,50,0.4,1.0
9d0256d6-3d5d-4dcf-9573-7f8cfb42c24b,2026-08-20T15:49:52.496458+00:00,1,2026-08-21T17:30:00Z,25.66875098388889,78916,448,DEF,17,a,,,,,50,2.5,0.6666666666666666
9d0256d6-3d5d-4dcf-9573-7f8cfb42c24b,2026-08-20T15:49:52.496458+00:00,1,2026-08-21T17:30:00Z,25.66875098388889,487838,449,DEF,17,a,,,,,50,3.6,0.8333333333333334
9d0256d6-3d5d-4dcf-9573-7f8cfb42c24b,2026-08-20T15:49:52.496458+00:00,1,2026-08-21T17:30:00Z,25.66875098388889,441191,450,DEF,17,d,Calf injury - 75% chance of playing,2026-07-23T12:01:23.753221Z,,75.0,50,0.1,0.75
9d0256d6-3d5d-4dcf-9573-7f8cfb42c24b,2026-08-20T15:49:52.496458+00:00,1,2026-08-21T17:30:00Z,25.66875098388889,545477,451,DEF,17,u,Has joined FC Kaiserslautern on loan for the rest of the season,2026-08-12T14:05:29.224600Z,,0.0,40,0.2,0.0
9d0256d6-3d5d-4dcf-9573-7f8cfb42c24b,2026-08-20T15:49:52.496458+00:00,1,2026-08-21T17:30:00Z,25.66875098388889,201666,453,MID,17,a,,,,,60,1.1,0.3333333333333333
9d0256d6-3d5d-4dcf-9573-7f8cfb42c24b,2026-08-20T15:49:52.496458+00:00,1,2026-08-21T17:30:00Z,25.66875098388889,449434,454,MID,17,a,,,,,60,0.7,0.3333333333333333
9d0256d6-3d5d-4dcf-9573-7f8cfb42c24b,2026-08-20T15:49:52.496458+00:00,1,2026-08-21T17:30:00Z,25.66875098388889,232653,456,MID,17,a,,,,,50,0.4,0.6666666666666666
9d0256d6-3d5d-4dcf-9573-7f8cfb42c24b,2026-08-20T15:49:52.496458+00:00,1,2026-08-21T17:30:00Z,25.66875098388889,114243,457,MID,17,a,,,,,60,0.2,0.6666666666666666
9d0256d6-3d5d-4dcf-9573-7f8cfb42c24b,2026-08-20T15:49:52.496458+00:00,1,2026-08-21T17:30:00Z,25.66875098388889,180974,458,MID,17,i,Unspecified injury - Unknown return date,2026-08-16T08:00:08.074045Z,,0.0,55,0.1,0.0
9d0256d6-3d5d-4dcf-9573-7f8cfb42c24b,2026-08-20T15:49:52.496458+00:00,1,2026-08-21T17:30:00Z,25.66875098388889,547719,459,MID,17,a,,2026-07-23T12:01:23.785456Z,,100.0,55,0.0,1.0
9d0256d6-3d5d-4dcf-9573-7f8cfb42c24b,2026-08-20T15:49:52.496458+00:00,1,2026-08-21T17:30:00Z,25.66875098388889,200089,460,MID,17,a,,,,,50,0.1,0.6666666666666666
9d0256d6-3d5d-4dcf-9573-7f8cfb42c24b,2026-08-20T15:49:52.496458+00:00,1,2026-08-21T17:30:00Z,25.66875098388889,611665,461,MID,17,a,,,,,60,0.3,0.5
9d0256d6-3d5d-4dcf-9573-7f8cfb42c24b,2026-08-20T15:49:52.496458+00:00,1,2026-08-21T17:30:00Z,25.66875098388889,636852,462,MID,17,a,,,,,50,0.1,0.5
9d0256d6-3d5d-4dcf-9573-7f8cfb42c24b,2026-08-20T15:49:52.496458+00:00,1,2026-08-21T17:30:00Z,25.66875098388889,470313,463,FWD,17,a,,,,,60,1.7,0.5
9d0256d6-3d5d-4dcf-9573-7f8cfb42c24b,2026-08-20T15:49:52.496458+00:00,1,2026-08-21T17:30:00Z,25.66875098388889,216646,464,FWD,17,a,,,,,60,1.6,0.0
9d0256d6-3d5d-4dcf-9573-7f8cfb42c24b,2026-08-20T15:49:52.496458+00:00,1,2026-08-21T17:30:00Z,25.66875098388889,538207,465,FWD,17,a,,,,,60,1.0,1.0
9d0256d6-3d5d-4dcf-9573-7f8cfb42c24b,2026-08-20T15:49:52.496458+00:00,1,2026-08-21T17:30:00Z,25.66875098388889,599303,466,FWD,17,a,,,,,45,0.7,0.0
9d0256d6-3d5d-4dcf-9573-7f8cfb42c24b,2026-08-20T15:49:52.496458+00:00,1,2026-08-21T17:30:00Z,25.66875098388889,632794,559,MID,17,a,,,,,50,0.1,0.5
9d0256d6-3d5d-4dcf-9573-7f8cfb42c24b,2026-08-20T15:49:52.496458+00:00,1,2026-08-21T17:30:00Z,25.66875098388889,470551,567,GK,17,a,,,,,50,0.6,0.02
9d0256d6-3d5d-4dcf-9573-7f8cfb42c24b,2026-08-20T15:49:52.496458+00:00,1,2026-08-21T17:30:00Z,25.66875098388889,463726,593,DEF,17,a,,,,,45,0.1,0.5
9d0256d6-3d5d-4dcf-9573-7f8cfb42c24b,2026-08-20T15:49:52.496458+00:00,1,2026-08-21T17:30:00Z,25.66875098388889,85633,467,GK,18,a,,,,,50,1.6,1.0
9d0256d6-3d5d-4dcf-9573-7f8cfb42c24b,2026-08-20T15:49:52.496458+00:00,1,2026-08-21T17:30:00Z,25.66875098388889,221389,468,GK,18,a,,,,,45,0.1,0.02
9d0256d6-3d5d-4dcf-9573-7f8cfb42c24b,2026-08-20T15:49:52.496458+00:00,1,2026-08-21T17:30:00Z,25.66875098388889,215136,469,DEF,18,a,,,,,50,10.6,0.8333333333333334
9d0256d6-3d5d-4dcf-9573-7f8cfb42c24b,2026-08-20T15:49:52.496458+00:00,1,2026-08-21T17:30:00Z,25.66875098388889,485047,470,DEF,18,a,,,,,50,0.1,0.6666666666666666
9d0256d6-3d5d-4dcf-9573-7f8cfb42c24b,2026-08-20T15:49:52.496458+00:00,1,2026-08-21T17:30:00Z,25.66875098388889,227444,471,DEF,18,a,,,,,55,2.1,0.8333333333333334
9d0256d6-3d5d-4dcf-9573-7f8cfb42c24b,2026-08-20T15:49:52.496458+00:00,1,2026-08-21T17:30:00Z,25.66875098388889,575476,472,DEF,18,a,,2026-07-23T12:01:23.801183Z,,100.0,55,1.4,1.0
9d0256d6-3d5d-4dcf-9573-7f8cfb42c24b,2026-08-20T15:49:52.496458+00:00,1,2026-08-21T17:30:00Z,25.66875098388889,159506,473,DEF,18,a,,,,,45,3.8,1.0
9d0256d6-3d5d-4dcf-9573-7f8cfb42c24b,2026-08-20T15:49:52.496458+00:00,1,2026-08-21T17:30:00Z,25.66875098388889,575458,474,DEF,18,a,,,,,45,0.3,0.6666666666666666
9d0256d6-3d5d-4dcf-9573-7f8cfb42c24b,2026-08-20T15:49:52.496458+00:00,1,2026-08-21T17:30:00Z,25.66875098388889,500151,475,DEF,18,i,Knee injury - Unknown return date,2026-07-23T12:01:23.816304Z,,0.0,45,0.0,0.0
9d0256d6-3d5d-4dcf-9573-7f8cfb42c24b,2026-08-20T15:49:52.496458+00:00,1,2026-08-21T17:30:00Z,25.66875098388889,204822,476,DEF,18,a,,,,,40,0.2,0.5
9d0256d6-3d5d-4dcf-9573-7f8cfb42c24b,2026-08-20T15:49:52.496458+00:00,1,2026-08-21T17:30:00Z,25.66875098388889,549067,477,DEF,18,a,,,,,40,0.2,0.6666666666666666
9d0256d6-3d5d-4dcf-9573-7f8cfb42c24b,2026-08-20T15:49:52.496458+00:00,1,2026-08-21T17:30:00Z,25.66875098388889,470315,478,DEF,18,a,,,,,45,0.0,0.5
9d0256d6-3d5d-4dcf-9573-7f8cfb42c24b,2026-08-20T15:49:52.496458+00:00,1,2026-08-21T17:30:00Z,25.66875098388889,538638,479,DEF,18,a,,,,,40,0.2,0.5
9d0256d6-3d5d-4dcf-9573-7f8cfb42c24b,2026-08-20T15:49:52.496458+00:00,1,2026-08-21T17:30:00Z,25.66875098388889,222531,480,MID,18,a,,,,,80,11.9,0.8333333333333334
9d0256d6-3d5d-4dcf-9573-7f8cfb42c24b,2026-08-20T15:49:52.496458+00:00,1,2026-08-21T17:30:00Z,25.66875098388889,209046,482,MID,18,a,,2026-07-23T12:01:23.832709Z,,100.0,60,0.2,1.0
9d0256d6-3d5d-4dcf-9573-7f8cfb42c24b,2026-08-20T15:49:52.496458+00:00,1,2026-08-21T17:30:00Z,25.66875098388889,456512,483,MID,18,a,,,,,55,0.5,0.0
9d0256d6-3d5d-4dcf-9573-7f8cfb42c24b,2026-08-20T15:49:52.496458+00:00,1,2026-08-21T17:30:00Z,25.66875098388889,503301,484,MID,18,a,,,,,55,0.2,0.6666666666666666
9d0256d6-3d5d-4dcf-9573-7f8cfb42c24b,2026-08-20T15:49:52.496458+00:00,1,2026-08-21T17:30:00Z,25.66875098388889,476887,485,MID,18,a,,,,,55,0.0,0.5
9d0256d6-3d5d-4dcf-9573-7f8cfb42c24b,2026-08-20T15:49:52.496458+00:00,1,2026-08-21T17:30:00Z,25.66875098388889,432714,486,MID,18,a,,,,,55,0.0,0.16666666666666666
9d0256d6-3d5d-4dcf-9573-7f8cfb42c24b,2026-08-20T15:49:52.496458+00:00,1,2026-08-21T17:30:00Z,25.66875098388889,250199,487,MID,18,a,,,,,50,0.1,0.5
9d0256d6-3d5d-4dcf-9573-7f8cfb42c24b,2026-08-20T15:49:52.496458+00:00,1,2026-08-21T17:30:00Z,25.66875098388889,210462,488,MID,18,a,,,,,50,1.0,0.8333333333333334
9d0256d6-3d5d-4dcf-9573-7f8cfb42c24b,2026-08-20T15:49:52.496458+00:00,1,2026-08-21T17:30:00Z,25.66875098388889,204968,489,MID,18,i,Unspecified injury - Unknown return date,2026-08-17T20:30:08.195072Z,,0.0,45,3.9,0.0
9d0256d6-3d5d-4dcf-9573-7f8cfb42c24b,2026-08-20T15:49:52.496458+00:00,1,2026-08-21T17:30:00Z,25.66875098388889,60689,490,FWD,18,a,,,,,60,1.8,0.6666666666666666
9d0256d6-3d5d-4dcf-9573-7f8cfb42c24b,2026-08-20T15:49:52.496458+00:00,1,2026-08-21T17:30:00Z,25.66875098388889,482973,491,FWD,18,a,,,,,60,4.7,0.8333333333333334
9d0256d6-3d5d-4dcf-9573-7f8cfb42c24b,2026-08-20T15:49:52.496458+00:00,1,2026-08-21T17:30:00Z,25.66875098388889,465680,493,FWD,18,a,,,,,55,0.0,0.0
9d0256d6-3d5d-4dcf-9573-7f8cfb42c24b,2026-08-20T15:49:52.496458+00:00,1,2026-08-21T17:30:00Z,25.66875098388889,204561,558,MID,18,a,,,,,50,0.1,0.5
9d0256d6-3d5d-4dcf-9573-7f8cfb42c24b,2026-08-20T15:49:52.496458+00:00,1,2026-08-21T17:30:00Z,25.66875098388889,568420,581,DEF,18,a,,,,,55,0.7,0.5
9d0256d6-3d5d-4dcf-9573-7f8cfb42c24b,2026-08-20T15:49:52.496458+00:00,1,2026-08-21T17:30:00Z,25.66875098388889,428971,590,GK,18,a,,,,,45,0.0,0.02
9d0256d6-3d5d-4dcf-9573-7f8cfb42c24b,2026-08-20T15:49:52.496458+00:00,1,2026-08-21T17:30:00Z,25.66875098388889,469142,112,DEF,19,a,,,,,50,9.2,1.0
9d0256d6-3d5d-4dcf-9573-7f8cfb42c24b,2026-08-20T15:49:52.496458+00:00,1,2026-08-21T17:30:00Z,25.66875098388889,432422,455,MID,19,a,,,,,55,4.1,1.0
9d0256d6-3d5d-4dcf-9573-7f8cfb42c24b,2026-08-20T15:49:52.496458+00:00,1,2026-08-21T17:30:00Z,25.66875098388889,184254,494,GK,19,u,Has joined Juventus on loan for the rest of the season,2026-08-19T13:55:33.193962Z,,0.0,45,0.8,0.0
9d0256d6-3d5d-4dcf-9573-7f8cfb42c24b,2026-08-20T15:49:52.496458+00:00,1,2026-08-21T17:30:00Z,25.66875098388889,214572,495,GK,19,a,,,,,40,0.8,0.02
9d0256d6-3d5d-4dcf-9573-7f8cfb42c24b,2026-08-20T15:49:52.496458+00:00,1,2026-08-21T17:30:00Z,25.66875098388889,485055,496,GK,19,a,,,,,45,22.2,0.02
9d0256d6-3d5d-4dcf-9573-7f8cfb42c24b,2026-08-20T15:49:52.496458+00:00,1,2026-08-21T17:30:00Z,25.66875098388889,67089,497,GK,19,a,,,,,40,20.9,0.02
9d0256d6-3d5d-4dcf-9573-7f8cfb42c24b,2026-08-20T15:49:52.496458+00:00,1,2026-08-21T17:30:00Z,25.66875098388889,221466,498,DEF,19,a,,,,,60,9.0,1.0
9d0256d6-3d5d-4dcf-9573-7f8cfb42c24b,2026-08-20T15:49:52.496458+00:00,1,2026-08-21T17:30:00Z,25.66875098388889,441164,499,DEF,19,a,,,,,55,22.8,1.0
9d0256d6-3d5d-4dcf-9573-7f8cfb42c24b,2026-08-20T15:49:52.496458+00:00,1,2026-08-21T17:30:00Z,25.66875098388889,221632,500,DEF,19,u,Has joined Atletico Madrid permanently,2026-08-17T13:49:05.465401Z,,0.0,50,0.5,0.0
9d0256d6-3d5d-4dcf-9573-7f8cfb42c24b,2026-08-20T15:49:52.496458+00:00,1,2026-08-21T17:30:00Z,25.66875098388889,135720,501,DEF,19,a,,,,,50,0.2,1.0
9d0256d6-3d5d-4dcf-9573-7f8cfb42c24b,2026-08-20T15:49:52.496458+00:00,1,2026-08-21T17:30:00Z,25.66875098388889,122798,502,DEF,19,a,,,,,45,3.3,0.8333333333333334
9d0256d6-3d5d-4dcf-9573-7f8cfb42c24b,2026-08-20T15:49:52.496458+00:00,1,2026-08-21T17:30:00Z,25.66875098388889,491279,503,DEF,19,a,,,,,50,7.3,1.0
9d0256d6-3d5d-4dcf-9573-7f8cfb42c24b,2026-08-20T15:49:52.496458+00:00,1,2026-08-21T17:30:00Z,25.66875098388889,232859,505,DEF,19,u,Has joined Internazionale permanently,2026-08-18T14:13:08.454214Z,,0.0,45,2.2,0.0
9d0256d6-3d5d-4dcf-9573-7f8cfb42c24b,2026-08-20T15:49:52.496458+00:00,1,2026-08-21T17:30:00Z,25.66875098388889,487053,506,DEF,19,a,,,,,45,0.5,1.0
9d0256d6-3d5d-4dcf-9573-7f8cfb42c24b,2026-08-20T15:49:52.496458+00:00,1,2026-08-21T17:30:00Z,25.66875098388889,548308,507,DEF,19,u,Has joined Middlesbrough permanently,2026-08-18T14:13:08.474144Z,,0.0,45,0.0,0.0
9d0256d6-3d5d-4dcf-9573-7f8cfb42c24b,2026-08-20T15:49:52.496458+00:00,1,2026-08-21T17:30:00Z,25.66875098388889,115556,508,DEF,19,a,,,,,40,1.0,0.6666666666666666
9d0256d6-3d5d-4dcf-9573-7f8cfb42c24b,2026-08-20T15:49:52.496458+00:00,1,2026-08-21T17:30:00Z,25.66875098388889,640419,509,DEF,19,a,,,,,40,0.1,0.0
9d0256d6-3d5d-4dcf-9573-7f8cfb42c24b,2026-08-20T15:49:52.496458+00:00,1,2026-08-21T17:30:00Z,25.66875098388889,499716,510,DEF,19,a,,,,,40,0.1,0.0
9d0256d6-3d5d-4dcf-9573-7f8cfb42c24b,2026-08-20T15:49:52.496458+00:00,1,2026-08-21T17:30:00Z,25.66875098388889,616221,511,DEF,19,a,,,,,40,0.3,0.5
9d0256d6-3d5d-4dcf-9573-7f8cfb42c24b,2026-08-20T15:49:52.496458+00:00,1,2026-08-21T17:30:00Z,25.66875098388889,460842,512,MID,19,d,Thigh injury - 75% chance of playing,2026-07-23T12:01:23.848657Z,,75.0,65,0.1,0.75
9d0256d6-3d5d-4dcf-9573-7f8cfb42c24b,2026-08-20T15:49:52.496458+00:00,1,2026-08-21T17:30:00Z,25.66875098388889,493362,513,MID,19,i,Knee injury - Unknown return date,2026-07-23T12:01:23.864304Z,,0.0,60,0.0,0.0
9d0256d6-3d5d-4dcf-9573-7f8cfb42c24b,2026-08-20T15:49:52.496458+00:00,1,2026-08-21T17:30:00Z,25.66875098388889,511499,514,MID,19,a,,,,,60,0.6,0.6666666666666666
9d0256d6-3d5d-4dcf-9573-7f8cfb42c24b,2026-08-20T15:49:52.496458+00:00,1,2026-08-21T17:30:00Z,25.66875098388889,172780,515,MID,19,a,,,,,65,1.5,0.5
9d0256d6-3d5d-4dcf-9573-7f8cfb42c24b,2026-08-20T15:49:52.496458+00:00,1,2026-08-21T17:30:00Z,25.66875098388889,202993,516,MID,19,a,,,,,55,0.2,1.0
9d0256d6-3d5d-4dcf-9573-7f8cfb42c24b,2026-08-20T15:49:52.496458+00:00,1,2026-08-21T17:30:00Z,25.66875098388889,550839,517,MID,19,i,Knee injury - Unknown return date,2026-07-23T12:01:23.879434Z,,0.0,55,0.0,0.0
9d0256d6-3d5d-4dcf-9573-7f8cfb42c24b,2026-08-20T15:49:52.496458+00:00,1,2026-08-21T17:30:00Z,25.66875098388889,482442,518,MID,19,a,,,,,50,0.4,0.3333333333333333
9d0256d6-3d5d-4dcf-9573-7f8cfb42c24b,2026-08-20T15:49:52.496458+00:00,1,2026-08-21T17:30:00Z,25.66875098388889,232787,519,MID,19,a,,,,,55,0.3,1.0
9d0256d6-3d5d-4dcf-9573-7f8cfb42c24b,2026-08-20T15:49:52.496458+00:00,1,2026-08-21T17:30:00Z,25.66875098388889,570526,520,MID,19,a,,,,,55,0.2,0.16666666666666666
9d0256d6-3d5d-4dcf-9573-7f8cfb42c24b,2026-08-20T15:49:52.496458+00:00,1,2026-08-21T17:30:00Z,25.66875098388889,445044,521,MID,19,i,Knee injury - Unknown return date,2026-07-23T12:01:23.895175Z,,0.0,65,0.0,0.0
9d0256d6-3d5d-4dcf-9573-7f8cfb42c24b,2026-08-20T15:49:52.496458+00:00,1,2026-08-21T17:30:00Z,25.66875098388889,547701,522,MID,19,a,,,,,50,0.2,0.6666666666666666
9d0256d6-3d5d-4dcf-9573-7f8cfb42c24b,2026-08-20T15:49:52.496458+00:00,1,2026-08-21T17:30:00Z,25.66875098388889,499721,523,MID,19,a,,,,,50,0.2,0.3333333333333333
9d0256d6-3d5d-4dcf-9573-7f8cfb42c24b,2026-08-20T15:49:52.496458+00:00,1,2026-08-21T17:30:00Z,25.66875098388889,499726,524,MID,19,a,,,,,45,0.8,0.0
9d0256d6-3d5d-4dcf-9573-7f8cfb42c24b,2026-08-20T15:49:52.496458+00:00,1,2026-08-21T17:30:00Z,25.66875098388889,551226,525,MID,19,a,,,,,60,2.2,1.0
9d0256d6-3d5d-4dcf-9573-7f8cfb42c24b,2026-08-20T15:49:52.496458+00:00,1,2026-08-21T17:30:00Z,25.66875098388889,154566,526,FWD,19,a,,,,,60,1.6,1.0
9d0256d6-3d5d-4dcf-9573-7f8cfb42c24b,2026-08-20T15:49:52.496458+00:00,1,2026-08-21T17:30:00Z,25.66875098388889,212319,527,FWD,19,a,,,,,60,2.9,0.8333333333333334
9d0256d6-3d5d-4dcf-9573-7f8cfb42c24b,2026-08-20T15:49:52.496458+00:00,1,2026-08-21T17:30:00Z,25.66875098388889,490145,528,FWD,19,a,,,,,45,1.6,0.0
9d0256d6-3d5d-4dcf-9573-7f8cfb42c24b,2026-08-20T15:49:52.496458+00:00,1,2026-08-21T17:30:00Z,25.66875098388889,498016,529,GK,20,a,,,,,50,4.6,1.0
9d0256d6-3d5d-4dcf-9573-7f8cfb42c24b,2026-08-20T15:49:52.496458+00:00,1,2026-08-21T17:30:00Z,25.66875098388889,232571,530,GK,20,u,Has joined Wrexham permanently,2026-08-12T14:08:03.064533Z,,0.0,40,0.3,0.0
9d0256d6-3d5d-4dcf-9573-7f8cfb42c24b,2026-08-20T15:49:52.496458+00:00,1,2026-08-21T17:30:00Z,25.66875098388889,515046,531,GK,20,a,,,,,45,0.1,0.02
9d0256d6-3d5d-4dcf-9573-7f8cfb42c24b,2026-08-20T15:49:52.496458+00:00,1,2026-08-21T17:30:00Z,25.66875098388889,223827,532,DEF,20,a,,,,,50,4.9,0.8333333333333334
9d0256d6-3d5d-4dcf-9573-7f8cfb42c24b,2026-08-20T15:49:52.496458+00:00,1,2026-08-21T17:30:00Z,25.66875098388889,200834,533,DEF,20,a,,2026-08-09T08:30:05.954750Z,,100.0,55,2.0,1.0
9d0256d6-3d5d-4dcf-9573-7f8cfb42c24b,2026-08-20T15:49:52.496458+00:00,1,2026-08-21T17:30:00Z,25.66875098388889,487676,534,DEF,20,a,,,,,45,6.3,0.8333333333333334
9d0256d6-3d5d-4dcf-9573-7f8cfb42c24b,2026-08-20T15:49:52.496458+00:00,1,2026-08-21T17:30:00Z,25.66875098388889,201895,535,DEF,20,a,,2026-08-09T08:30:05.962393Z,,100.0,50,0.3,1.0
9d0256d6-3d5d-4dcf-9573-7f8cfb42c24b,2026-08-20T15:49:52.496458+00:00,1,2026-08-21T17:30:00Z,25.66875098388889,434399,536,DEF,20,a,,,,,45,0.5,0.8333333333333334
9d0256d6-3d5d-4dcf-9573-7f8cfb42c24b,2026-08-20T15:49:52.496458+00:00,1,2026-08-21T17:30:00Z,25.66875098388889,519634,537,DEF,20,a,,,,,45,0.0,0.5
9d0256d6-3d5d-4dcf-9573-7f8cfb42c24b,2026-08-20T15:49:52.496458+00:00,1,2026-08-21T17:30:00Z,25.66875098388889,477547,538,DEF,20,u,Has joined KV Mechelen on loan for the rest of the season,2026-08-12T14:08:03.081789Z,,0.0,40,0.1,0.0
9d0256d6-3d5d-4dcf-9573-7f8cfb42c24b,2026-08-20T15:49:52.496458+00:00,1,2026-08-21T17:30:00Z,25.66875098388889,167512,539,DEF,20,a,,,,,40,3.4,0.6666666666666666
9d0256d6-3d5d-4dcf-9573-7f8cfb42c24b,2026-08-20T15:49:52.496458+00:00,1,2026-08-21T17:30:00Z,25.66875098388889,105717,540,DEF,20,u,Has joined Konyaspor permanently,2026-08-12T14:08:03.097784Z,,0.0,40,0.5,0.0
9d0256d6-3d5d-4dcf-9573-7f8cfb42c24b,2026-08-20T15:49:52.496458+00:00,1,2026-08-21T17:30:00Z,25.66875098388889,93605,541,DEF,20,a,,2026-08-16T08:30:07.830062Z,,100.0,45,0.2,1.0
9d0256d6-3d5d-4dcf-9573-7f8cfb42c24b,2026-08-20T15:49:52.496458+00:00,1,2026-08-21T17:30:00Z,25.66875098388889,484420,542,MID,20,a,,,,,60,11.3,1.0
9d0256d6-3d5d-4dcf-9573-7f8cfb42c24b,2026-08-20T15:49:52.496458+00:00,1,2026-08-21T17:30:00Z,25.66875098388889,547027,543,MID,20,a,,,,,55,0.1,0.5
9d0256d6-3d5d-4dcf-9573-7f8cfb42c24b,2026-08-20T15:49:52.496458+00:00,1,2026-08-21T17:30:00Z,25.66875098388889,84450,544,MID,20,a,,,,,55,4.5,1.0
9d0256d6-3d5d-4dcf-9573-7f8cfb42c24b,2026-08-20T15:49:52.496458+00:00,1,2026-08-21T17:30:00Z,25.66875098388889,577669,545,MID,20,a,,,,,50,0.4,1.0
9d0256d6-3d5d-4dcf-9573-7f8cfb42c24b,2026-08-20T15:49:52.496458+00:00,1,2026-08-21T17:30:00Z,25.66875098388889,535818,546,MID,20,i,Ankle injury - Unknown return date,2026-08-20T14:00:08.416985Z,,0.0,50,0.3,0.0
9d0256d6-3d5d-4dcf-9573-7f8cfb42c24b,2026-08-20T15:49:52.496458+00:00,1,2026-08-21T17:30:00Z,25.66875098388889,461199,547,MID,20,a,,,,,50,0.0,0.3333333333333333
9d0256d6-3d5d-4dcf-9573-7f8cfb42c24b,2026-08-20T15:49:52.496458+00:00,1,2026-08-21T17:30:00Z,25.66875098388889,554197,548,MID,20,a,,,,,50,0.1,0.6666666666666666
9d0256d6-3d5d-4dcf-9573-7f8cfb42c24b,2026-08-20T15:49:52.496458+00:00,1,2026-08-21T17:30:00Z,25.66875098388889,549912,549,MID,20,a,,,,,55,0.2,0.5
9d0256d6-3d5d-4dcf-9573-7f8cfb42c24b,2026-08-20T15:49:52.496458+00:00,1,2026-08-21T17:30:00Z,25.66875098388889,699989,550,MID,20,a,,,,,50,0.0,1.0
9d0256d6-3d5d-4dcf-9573-7f8cfb42c24b,2026-08-20T15:49:52.496458+00:00,1,2026-08-21T17:30:00Z,25.66875098388889,536661,551,MID,20,a,,,,,50,0.1,0.6666666666666666
9d0256d6-3d5d-4dcf-9573-7f8cfb42c24b,2026-08-20T15:49:52.496458+00:00,1,2026-08-21T17:30:00Z,25.66875098388889,441264,552,FWD,20,a,,,,,60,14.7,1.0
9d0256d6-3d5d-4dcf-9573-7f8cfb42c24b,2026-08-20T15:49:52.496458+00:00,1,2026-08-21T17:30:00Z,25.66875098388889,437505,553,FWD,20,a,,,,,55,1.1,0.0
c6065cdf-33bf-484a-bfcf-e72ac5831f94,2026-08-20T15:57:57.379088+00:00,1,2026-08-21T17:30:00Z,25.534061364444444,154561,1,GK,1,a,,,,,60,36.3,1.0
c6065cdf-33bf-484a-bfcf-e72ac5831f94,2026-08-20T15:57:57.379088+00:00,1,2026-08-21T17:30:00Z,25.534061364444444,109745,2,GK,1,a,,,,,50,0.1,0.02
c6065cdf-33bf-484a-bfcf-e72ac5831f94,2026-08-20T15:57:57.379088+00:00,1,2026-08-21T17:30:00Z,25.534061364444444,437495,3,GK,1,a,,,,,50,0.0,0.02
c6065cdf-33bf-484a-bfcf-e72ac5831f94,2026-08-20T15:57:57.379088+00:00,1,2026-08-21T17:30:00Z,25.534061364444444,226597,4,DEF,1,a,,,,,80,29.6,0.8333333333333334
c6065cdf-33bf-484a-bfcf-e72ac5831f94,2026-08-20T15:57:57.379088+00:00,1,2026-08-21T17:30:00Z,25.534061364444444,445122,5,DEF,1,i,Groin injury - Unknown return date,2026-07-23T12:01:23.272929Z,,0.0,65,0.2,0.0
c6065cdf-33bf-484a-bfcf-e72ac5831f94,2026-08-20T15:57:57.379088+00:00,1,2026-08-21T17:30:00Z,25.534061364444444,462424,6,DEF,1,i,Back injury - Unknown return date,2026-07-23T12:01:23.289376Z,,0.0,60,0.3,0.0
c6065cdf-33bf-484a-bfcf-e72ac5831f94,2026-08-20T15:57:57.379088+00:00,1,2026-08-21T17:30:00Z,25.534061364444444,499169,7,MID,1,a,,,,,55,0.6,0.6666666666666666
c6065cdf-33bf-484a-bfcf-e72ac5831f94,2026-08-20T15:57:57.379088+00:00,1,2026-08-21T17:30:00Z,25.534061364444444,466075,8,DEF,1,a,,,,,55,32.3,0.8333333333333334
c6065cdf-33bf-484a-bfcf-e72ac5831f94,2026-08-20T15:57:57.379088+00:00,1,2026-08-21T17:30:00Z,25.534061364444444,448104,9,DEF,1,a,,,,,55,2.3,0.6666666666666666
c6065cdf-33bf-484a-bfcf-e72ac5831f94,2026-08-20T15:57:57.379088+00:00,1,2026-08-21T17:30:00Z,25.534061364444444,198869,10,DEF,1,a,,2026-07-23T12:01:23.305229Z,,100.0,55,3.6,1.0
c6065cdf-33bf-484a-bfcf-e72ac5831f94,2026-08-20T15:57:57.379088+00:00,1,2026-08-21T17:30:00Z,25.534061364444444,500040,11,DEF,1,a,,,,,55,8.8,0.5
c6065cdf-33bf-484a-bfcf-e72ac5831f94,2026-08-20T15:57:57.379088+00:00,1,2026-08-21T17:30:00Z,25.534061364444444,223340,12,MID,1,a,,,,,95,9.3,0.8333333333333334
c6065cdf-33bf-484a-bfcf-e72ac5831f94,2026-08-20T15:57:57.379088+00:00,1,2026-08-21T17:30:00Z,25.534061364444444,204480,13,MID,1,a,,,,,75,19.1,1.0
c6065cdf-33bf-484a-bfcf-e72ac5831f94,2026-08-20T15:57:57.379088+00:00,1,2026-08-21T17:30:00Z,25.534061364444444,232413,14,MID,1,a,,,,,65,2.2,0.8333333333333334
c6065cdf-33bf-484a-bfcf-e72ac5831f94,2026-08-20T15:57:57.379088+00:00,1,2026-08-21T17:30:00Z,25.534061364444444,184029,15,MID,1,a,,,,,65,6.6,0.5
c6065cdf-33bf-484a-bfcf-e72ac5831f94,2026-08-20T15:57:57.379088+00:00,1,2026-08-21T17:30:00Z,25.534061364444444,248857,16,MID,1,a,,,,,65,0.3,0.6666666666666666
c6065cdf-33bf-484a-bfcf-e72ac5831f94,2026-08-20T15:57:57.379088+00:00,1,2026-08-21T17:30:00Z,25.534061364444444,195384,17,MID,1,a,,,,,60,0.8,0.3333333333333333
c6065cdf-33bf-484a-bfcf-e72ac5831f94,2026-08-20T15:57:57.379088+00:00,1,2026-08-21T17:30:00Z,25.534061364444444,444145,18,MID,1,a,,,,,65,0.2,0.3333333333333333
c6065cdf-33bf-484a-bfcf-e72ac5831f94,2026-08-20T15:57:57.379088+00:00,1,2026-08-21T17:30:00Z,25.534061364444444,481655,19,MID,1,a,,,,,55,1.2,0.5
c6065cdf-33bf-484a-bfcf-e72ac5831f94,2026-08-20T15:57:57.379088+00:00,1,2026-08-21T17:30:00Z,25.534061364444444,616077,20,MID,1,a,,,,,55,0.1,0.16666666666666666
c6065cdf-33bf-484a-bfcf-e72ac5831f94,2026-08-20T15:57:57.379088+00:00,1,2026-08-21T17:30:00Z,25.534061364444444,499175,22,MID,1,a,,,,,55,0.0,0.0
c6065cdf-33bf-484a-bfcf-e72ac5831f94,2026-08-20T15:57:57.379088+00:00,1,2026-08-21T17:30:00Z,25.534061364444444,438098,23,MID,1,a,,,,,55,0.0,0.0
c6065cdf-33bf-484a-bfcf-e72ac5831f94,2026-08-20T15:57:57.379088+00:00,1,2026-08-21T17:30:00Z,25.534061364444444,200641,24,MID,1,a,,,,,55,0.0,0.0
c6065cdf-33bf-484a-bfcf-e72ac5831f94,2026-08-20T15:57:57.379088+00:00,1,2026-08-21T17:30:00Z,25.534061364444444,224117,25,FWD,1,a,,,,,75,10.0,0.3333333333333333
c6065cdf-33bf-484a-bfcf-e72ac5831f94,2026-08-20T15:57:57.379088+00:00,1,2026-08-21T17:30:00Z,25.534061364444444,219847,26,FWD,1,a,,,,,75,4.7,0.6666666666666666
c6065cdf-33bf-484a-bfcf-e72ac5831f94,2026-08-20T15:57:57.379088+00:00,1,2026-08-21T17:30:00Z,25.534061364444444,205651,27,FWD,1,a,,,,,60,0.4,0.3333333333333333
c6065cdf-33bf-484a-bfcf-e72ac5831f94,2026-08-20T15:57:57.379088+00:00,1,2026-08-21T17:30:00Z,25.534061364444444,208706,452,MID,1,a,,,,,70,8.3,0.8333333333333334
c6065cdf-33bf-484a-bfcf-e72ac5831f94,2026-08-20T15:57:57.379088+00:00,1,2026-08-21T17:30:00Z,25.534061364444444,439509,557,MID,1,a,,,,,65,19.6,0.5
c6065cdf-33bf-484a-bfcf-e72ac5831f94,2026-08-20T15:57:57.379088+00:00,1,2026-08-21T17:30:00Z,25.534061364444444,98980,28,GK,2,a,,,,,50,4.6,1.0
c6065cdf-33bf-484a-bfcf-e72ac5831f94,2026-08-20T15:57:57.379088+00:00,1,2026-08-21T17:30:00Z,25.534061364444444,72147,29,GK,2,a,,,,,45,0.1,0.02
c6065cdf-33bf-484a-bfcf-e72ac5831f94,2026-08-20T15:57:57.379088+00:00,1,2026-08-21T17:30:00Z,25.534061364444444,101188,30,DEF,2,u,Has joined Paris Saint-Germain permanently,2026-08-10T14:03:30.089007Z,,0.0,45,0.3,0.0
c6065cdf-33bf-484a-bfcf-e72ac5831f94,2026-08-20T15:57:57.379088+00:00,1,2026-08-21T17:30:00Z,25.534061364444444,199798,31,DEF,2,a,,,,,45,15.8,1.0
c6065cdf-33bf-484a-bfcf-e72ac5831f94,2026-08-20T15:57:57.379088+00:00,1,2026-08-21T17:30:00Z,25.534061364444444,199796,32,DEF,2,a,,,,,45,8.5,0.8333333333333334
c6065cdf-33bf-484a-bfcf-e72ac5831f94,2026-08-20T15:57:57.379088+00:00,1,2026-08-21T17:30:00Z,25.534061364444444,149484,33,DEF,2,a,,,,,45,0.3,1.0
c6065cdf-33bf-484a-bfcf-e72ac5831f94,2026-08-20T15:57:57.379088+00:00,1,2026-08-21T17:30:00Z,25.534061364444444,244954,34,DEF,2,a,,,,,45,0.4,0.8333333333333334
c6065cdf-33bf-484a-bfcf-e72ac5831f94,2026-08-20T15:57:57.379088+00:00,1,2026-08-21T17:30:00Z,25.534061364444444,515597,35,MID,2,a,,,,,50,0.1,0.6666666666666666
c6065cdf-33bf-484a-bfcf-e72ac5831f94,2026-08-20T15:57:57.379088+00:00,1,2026-08-21T17:30:00Z,25.534061364444444,441302,36,DEF,2,a,,,,,45,0.9,0.6666666666666666
c6065cdf-33bf-484a-bfcf-e72ac5831f94,2026-08-20T15:57:57.379088+00:00,1,2026-08-21T17:30:00Z,25.534061364444444,184667,37,DEF,2,a,,,,,45,0.2,0.8333333333333334
c6065cdf-33bf-484a-bfcf-e72ac5831f94,2026-08-20T15:57:57.379088+00:00,1,2026-08-21T17:30:00Z,25.534061364444444,606798,38,DEF,2,a,,,,,40,1.7,0.16666666666666666
c6065cdf-33bf-484a-bfcf-e72ac5831f94,2026-08-20T15:57:57.379088+00:00,1,2026-08-21T17:30:00Z,25.534061364444444,578545,39,DEF,2,u,Has joined Rangers on loan for the rest of the season,2026-08-19T13:56:46.385411Z,,0.0,40,0.6,0.0
c6065cdf-33bf-484a-bfcf-e72ac5831f94,2026-08-20T15:57:57.379088+00:00,1,2026-08-21T17:30:00Z,25.534061364444444,195546,41,MID,2,a,,,,,60,1.4,0.5
c6065cdf-33bf-484a-bfcf-e72ac5831f94,2026-08-20T15:57:57.379088+00:00,1,2026-08-21T17:30:00Z,25.534061364444444,215711,44,MID,2,a,,,,,55,0.1,0.16666666666666666
c6065cdf-33bf-484a-bfcf-e72ac5831f94,2026-08-20T15:57:57.379088+00:00,1,2026-08-21T17:30:00Z,25.534061364444444,122806,45,MID,2,a,,,,,55,3.2,0.8333333333333334
c6065cdf-33bf-484a-bfcf-e72ac5831f94,2026-08-20T15:57:57.379088+00:00,1,2026-08-21T17:30:00Z,25.534061364444444,88894,46,MID,2,a,,,,,50,0.2,0.6666666666666666
c6065cdf-33bf-484a-bfcf-e72ac5831f94,2026-08-20T15:57:57.379088+00:00,1,2026-08-21T17:30:00Z,25.534061364444444,226944,47,MID,2,a,,2026-07-23T12:01:23.337269Z,,100.0,50,0.3,1.0
c6065cdf-33bf-484a-bfcf-e72ac5831f94,2026-08-20T15:57:57.379088+00:00,1,2026-08-21T17:30:00Z,25.534061364444444,449871,48,MID,2,i,Knee injury - Unknown return date,2026-07-23T12:01:23.352497Z,,0.0,50,0.0,0.0
c6065cdf-33bf-484a-bfcf-e72ac5831f94,2026-08-20T15:57:57.379088+00:00,1,2026-08-21T17:30:00Z,25.534061364444444,469247,49,MID,2,u,Has joined Bolton Wanderers on loan for the rest of the season,2026-08-17T13:52:28.532616Z,,0.0,50,0.0,0.0
c6065cdf-33bf-484a-bfcf-e72ac5831f94,2026-08-20T15:57:57.379088+00:00,1,2026-08-21T17:30:00Z,25.534061364444444,645618,50,MID,2,a,,,,,45,0.7,0.0
c6065cdf-33bf-484a-bfcf-e72ac5831f94,2026-08-20T15:57:57.379088+00:00,1,2026-08-21T17:30:00Z,25.534061364444444,577285,51,MID,2,a,,,,,45,0.6,0.0
c6065cdf-33bf-484a-bfcf-e72ac5831f94,2026-08-20T15:57:57.379088+00:00,1,2026-08-21T17:30:00Z,25.534061364444444,653481,52,MID,2,a,,,,,50,0.0,0.0
c6065cdf-33bf-484a-bfcf-e72ac5831f94,2026-08-20T15:57:57.379088+00:00,1,2026-08-21T17:30:00Z,25.534061364444444,614071,53,MID,2,i,Knee injury - Unknown return date,2026-08-15T15:30:06.388335Z,,0.0,60,0.5,0.0
c6065cdf-33bf-484a-bfcf-e72ac5831f94,2026-08-20T15:57:57.379088+00:00,1,2026-08-21T17:30:00Z,25.534061364444444,448089,54,MID,2,i,Calf injury - Unknown return date,2026-08-15T16:00:07.546807Z,,0.0,55,0.1,0.0
c6065cdf-33bf-484a-bfcf-e72ac5831f94,2026-08-20T15:57:57.379088+00:00,1,2026-08-21T17:30:00Z,25.534061364444444,178301,55,FWD,2,a,,,,,80,11.5,0.8333333333333334
c6065cdf-33bf-484a-bfcf-e72ac5831f94,2026-08-20T15:57:57.379088+00:00,1,2026-08-21T17:30:00Z,25.534061364444444,173879,56,FWD,2,d,Knock - 75% chance of playing,2026-08-15T16:00:07.558543Z,,75.0,55,0.2,0.75
c6065cdf-33bf-484a-bfcf-e72ac5831f94,2026-08-20T15:57:57.379088+00:00,1,2026-08-21T17:30:00Z,25.534061364444444,493105,160,MID,2,a,,,,,60,0.7,0.16666666666666666
c6065cdf-33bf-484a-bfcf-e72ac5831f94,2026-08-20T15:57:57.379088+00:00,1,2026-08-21T17:30:00Z,25.534061364444444,690838,582,FWD,2,i,Unspecified injury - Unknown return date,2026-08-15T16:00:07.974271Z,,0.0,55,0.7,0.0
c6065cdf-33bf-484a-bfcf-e72ac5831f94,2026-08-20T15:57:57.379088+00:00,1,2026-08-21T17:30:00Z,25.534061364444444,487992,596,DEF,2,a,,,,,45,0.0,0.5
c6065cdf-33bf-484a-bfcf-e72ac5831f94,2026-08-20T15:57:57.379088+00:00,1,2026-08-21T17:30:00Z,25.534061364444444,433969,597,GK,2,a,,,,,50,0.0,0.02
c6065cdf-33bf-484a-bfcf-e72ac5831f94,2026-08-20T15:57:57.379088+00:00,1,2026-08-21T17:30:00Z,25.534061364444444,457569,57,GK,3,a,,,,,45,3.4,1.0
c6065cdf-33bf-484a-bfcf-e72ac5831f94,2026-08-20T15:57:57.379088+00:00,1,2026-08-21T17:30:00Z,25.534061364444444,40383,58,GK,3,a,,,,,40,3.2,0.02
c6065cdf-33bf-484a-bfcf-e72ac5831f94,2026-08-20T15:57:57.379088+00:00,1,2026-08-21T17:30:00Z,25.534061364444444,444172,59,GK,3,a,,,,,40,0.2,0.02
c6065cdf-33bf-484a-bfcf-e72ac5831f94,2026-08-20T15:57:57.379088+00:00,1,2026-08-21T17:30:00Z,25.534061364444444,463981,60,DEF,3,a,,,,,55,1.0,1.0
c6065cdf-33bf-484a-bfcf-e72ac5831f94,2026-08-20T15:57:57.379088+00:00,1,2026-08-21T17:30:00Z,25.534061364444444,494521,61,DEF,3,a,,,,,55,4.8,1.0
c6065cdf-33bf-484a-bfcf-e72ac5831f94,2026-08-20T15:57:57.379088+00:00,1,2026-08-21T17:30:00Z,25.534061364444444,242882,62,DEF,3,a,,,,,50,0.2,0.5
c6065cdf-33bf-484a-bfcf-e72ac5831f94,2026-08-20T15:57:57.379088+00:00,1,2026-08-21T17:30:00Z,25.534061364444444,620487,63,DEF,3,i,Unspecified injury - Unknown return date,2026-08-06T10:00:10.456051Z,,0.0,50,0.0,0.0
c6065cdf-33bf-484a-bfcf-e72ac5831f94,2026-08-20T15:57:57.379088+00:00,1,2026-08-21T17:30:00Z,25.534061364444444,54469,64,DEF,3,a,,,,,45,0.1,0.6666666666666666
c6065cdf-33bf-484a-bfcf-e72ac5831f94,2026-08-20T15:57:57.379088+00:00,1,2026-08-21T17:30:00Z,25.534061364444444,436893,65,DEF,3,i,Thigh injury - Unknown return date,2026-08-09T08:00:05.645826Z,,0.0,45,0.0,0.0
c6065cdf-33bf-484a-bfcf-e72ac5831f94,2026-08-20T15:57:57.379088+00:00,1,2026-08-21T17:30:00Z,25.534061364444444,575901,66,DEF,3,d,Hamstring injury - 75% chance of playing,2026-08-15T16:30:07.021055Z,,75.0,40,0.3,0.75
c6065cdf-33bf-484a-bfcf-e72ac5831f94,2026-08-20T15:57:57.379088+00:00,1,2026-08-21T17:30:00Z,25.534061364444444,499604,67,MID,3,a,,,,,65,2.9,0.8333333333333334
c6065cdf-33bf-484a-bfcf-e72ac5831f94,2026-08-20T15:57:57.379088+00:00,1,2026-08-21T17:30:00Z,25.534061364444444,201658,68,MID,3,a,,,,,60,1.7,1.0
c6065cdf-33bf-484a-bfcf-e72ac5831f94,2026-08-20T15:57:57.379088+00:00,1,2026-08-21T17:30:00Z,25.534061364444444,503139,69,MID,3,a,,,,,60,1.5,1.0
c6065cdf-33bf-484a-bfcf-e72ac5831f94,2026-08-20T15:57:57.379088+00:00,1,2026-08-21T17:30:00Z,25.534061364444444,222683,70,MID,3,a,,,,,60,1.1,0.5
c6065cdf-33bf-484a-bfcf-e72ac5831f94,2026-08-20T15:57:57.379088+00:00,1,2026-08-21T17:30:00Z,25.534061364444444,155408,71,MID,3,a,,,,,50,0.1,0.5
c6065cdf-33bf-484a-bfcf-e72ac5831f94,2026-08-20T15:57:57.379088+00:00,1,2026-08-21T17:30:00Z,25.534061364444444,496208,72,MID,3,a,,,,,50,0.1,0.0
c6065cdf-33bf-484a-bfcf-e72ac5831f94,2026-08-20T15:57:57.379088+00:00,1,2026-08-21T17:30:00Z,25.534061364444444,200785,73,MID,3,d,Unspecified injury - 75% chance of playing,2026-08-15T16:30:07.029928Z,,75.0,50,0.3,0.75
c6065cdf-33bf-484a-bfcf-e72ac5831f94,2026-08-20T15:57:57.379088+00:00,1,2026-08-21T17:30:00Z,25.534061364444444,111317,74,MID,3,d,Unspecified injury - 75% chance of playing,2026-08-15T16:30:07.037929Z,,75.0,50,0.1,0.75
c6065cdf-33bf-484a-bfcf-e72ac5831f94,2026-08-20T15:57:57.379088+00:00,1,2026-08-21T17:30:00Z,25.534061364444444,158499,75,MID,3,s,Suspended until 29 Aug,2026-07-24T17:30:10.035483Z,,0.0,50,0.0,0.0
c6065cdf-33bf-484a-bfcf-e72ac5831f94,2026-08-20T15:57:57.379088+00:00,1,2026-08-21T17:30:00Z,25.534061364444444,614574,76,MID,3,a,,,,,50,0.0,0.16666666666666666
c6065cdf-33bf-484a-bfcf-e72ac5831f94,2026-08-20T15:57:57.379088+00:00,1,2026-08-21T17:30:00Z,25.534061364444444,489888,77,MID,3,i,Unspecified injury - Unknown return date,2026-08-15T16:00:07.590566Z,,0.0,50,0.1,0.0
c6065cdf-33bf-484a-bfcf-e72ac5831f94,2026-08-20T15:57:57.379088+00:00,1,2026-08-21T17:30:00Z,25.534061364444444,560262,78,MID,3,i,Foot injury - Unknown return date,2026-07-29T17:30:09.796802Z,,0.0,75,1.0,0.0
c6065cdf-33bf-484a-bfcf-e72ac5831f94,2026-08-20T15:57:57.379088+00:00,1,2026-08-21T17:30:00Z,25.534061364444444,444102,79,FWD,3,a,,,,,60,2.2,1.0
c6065cdf-33bf-484a-bfcf-e72ac5831f94,2026-08-20T15:57:57.379088+00:00,1,2026-08-21T17:30:00Z,25.534061364444444,168636,80,FWD,3,u,Has joined Getafe permanently,2026-08-14T14:14:21.881112Z,,0.0,55,0.1,0.0
c6065cdf-33bf-484a-bfcf-e72ac5831f94,2026-08-20T15:57:57.379088+00:00,1,2026-08-21T17:30:00Z,25.534061364444444,561245,81,FWD,3,d,Unspecified injury - 75% chance of playing,2026-08-15T16:30:07.054142Z,,75.0,60,0.2,0.75
c6065cdf-33bf-484a-bfcf-e72ac5831f94,2026-08-20T15:57:57.379088+00:00,1,2026-08-21T17:30:00Z,25.534061364444444,483067,566,DEF,3,a,,,,,50,0.3,0.5
c6065cdf-33bf-484a-bfcf-e72ac5831f94,2026-08-20T15:57:57.379088+00:00,1,2026-08-21T17:30:00Z,25.534061364444444,494928,573,DEF,3,a,,,,,45,0.2,0.5
c6065cdf-33bf-484a-bfcf-e72ac5831f94,2026-08-20T15:57:57.379088+00:00,1,2026-08-21T17:30:00Z,25.534061364444444,200720,82,GK,4,a,,,,,50,5.9,1.0
c6065cdf-33bf-484a-bfcf-e72ac5831f94,2026-08-20T15:57:57.379088+00:00,1,2026-08-21T17:30:00Z,25.534061364444444,507433,83,GK,4,a,,,,,45,0.1,0.02
c6065cdf-33bf-484a-bfcf-e72ac5831f94,2026-08-20T15:57:57.379088+00:00,1,2026-08-21T17:30:00Z,25.534061364444444,432830,84,DEF,4,a,,,,,55,2.0,1.0
c6065cdf-33bf-484a-bfcf-e72ac5831f94,2026-08-20T15:57:57.379088+00:00,1,2026-08-21T17:30:00Z,25.534061364444444,444765,85,DEF,4,i,Unspecified injury - Unknown return date,2026-08-15T15:30:06.416627Z,,0.0,50,0.3,0.0
c6065cdf-33bf-484a-bfcf-e72ac5831f94,2026-08-20T15:57:57.379088+00:00,1,2026-08-21T17:30:00Z,25.534061364444444,249231,86,MID,4,a,,,,,55,0.5,1.0
c6065cdf-33bf-484a-bfcf-e72ac5831f94,2026-08-20T15:57:57.379088+00:00,1,2026-08-21T17:30:00Z,25.534061364444444,191866,87,DEF,4,a,,,,,45,2.6,0.5
c6065cdf-33bf-484a-bfcf-e72ac5831f94,2026-08-20T15:57:57.379088+00:00,1,2026-08-21T17:30:00Z,25.534061364444444,607464,88,DEF,4,a,,,,,45,3.3,1.0
c6065cdf-33bf-484a-bfcf-e72ac5831f94,2026-08-20T15:57:57.379088+00:00,1,2026-08-21T17:30:00Z,25.534061364444444,194010,89,DEF,4,a,,,,,45,0.3,1.0
c6065cdf-33bf-484a-bfcf-e72ac5831f94,2026-08-20T15:57:57.379088+00:00,1,2026-08-21T17:30:00Z,25.534061364444444,472713,90,DEF,4,a,,,,,45,0.1,0.3333333333333333
c6065cdf-33bf-484a-bfcf-e72ac5831f94,2026-08-20T15:57:57.379088+00:00,1,2026-08-21T17:30:00Z,25.534061364444444,231065,91,DEF,4,a,,,,,45,0.1,1.0
c6065cdf-33bf-484a-bfcf-e72ac5831f94,2026-08-20T15:57:57.379088+00:00,1,2026-08-21T17:30:00Z,25.534061364444444,570241,92,DEF,4,a,,,,,45,0.0,0.0
c6065cdf-33bf-484a-bfcf-e72ac5831f94,2026-08-20T15:57:57.379088+00:00,1,2026-08-21T17:30:00Z,25.534061364444444,513086,93,DEF,4,a,,,,,45,0.2,0.5
c6065cdf-33bf-484a-bfcf-e72ac5831f94,2026-08-20T15:57:57.379088+00:00,1,2026-08-21T17:30:00Z,25.534061364444444,513418,94,MID,4,a,,,,,60,3.5,0.8333333333333334
c6065cdf-33bf-484a-bfcf-e72ac5831f94,2026-08-20T15:57:57.379088+00:00,1,2026-08-21T17:30:00Z,25.534061364444444,533463,95,MID,4,a,,,,,65,1.3,0.8333333333333334
c6065cdf-33bf-484a-bfcf-e72ac5831f94,2026-08-20T15:57:57.379088+00:00,1,2026-08-21T17:30:00Z,25.534061364444444,440089,96,MID,4,a,,,,,55,0.6,0.8333333333333334
c6065cdf-33bf-484a-bfcf-e72ac5831f94,2026-08-20T15:57:57.379088+00:00,1,2026-08-21T17:30:00Z,25.534061364444444,207283,97,MID,4,a,,,,,55,0.2,1.0
c6065cdf-33bf-484a-bfcf-e72ac5831f94,2026-08-20T15:57:57.379088+00:00,1,2026-08-21T17:30:00Z,25.534061364444444,204580,98,MID,4,a,,,,,50,0.1,0.8333333333333334
c6065cdf-33bf-484a-bfcf-e72ac5831f94,2026-08-20T15:57:57.379088+00:00,1,2026-08-21T17:30:00Z,25.534061364444444,543295,99,MID,4,i,Knee injury - Unknown return date,2026-07-23T12:01:23.384798Z,,0.0,50,0.0,0.0
c6065cdf-33bf-484a-bfcf-e72ac5831f94,2026-08-20T15:57:57.379088+00:00,1,2026-08-21T17:30:00Z,25.534061364444444,244858,100,MID,4,d,Lack of match fitness - 75% chance of playing,2026-08-18T13:58:17.442072Z,,75.0,50,0.0,0.75
c6065cdf-33bf-484a-bfcf-e72ac5831f94,2026-08-20T15:57:57.379088+00:00,1,2026-08-21T17:30:00Z,25.534061364444444,508395,102,MID,4,a,,,,,50,1.4,1.0
c6065cdf-33bf-484a-bfcf-e72ac5831f94,2026-08-20T15:57:57.379088+00:00,1,2026-08-21T17:30:00Z,25.534061364444444,183656,103,MID,4,a,,,,,50,0.0,0.0
c6065cdf-33bf-484a-bfcf-e72ac5831f94,2026-08-20T15:57:57.379088+00:00,1,2026-08-21T17:30:00Z,25.534061364444444,444180,105,MID,4,a,,,,,60,0.2,1.0
c6065cdf-33bf-484a-bfcf-e72ac5831f94,2026-08-20T15:57:57.379088+00:00,1,2026-08-21T17:30:00Z,25.534061364444444,502500,106,FWD,4,a,,,,,80,17.8,1.0
c6065cdf-33bf-484a-bfcf-e72ac5831f94,2026-08-20T15:57:57.379088+00:00,1,2026-08-21T17:30:00Z,25.534061364444444,593174,107,FWD,4,a,,,,,45,0.8,0.0
c6065cdf-33bf-484a-bfcf-e72ac5831f94,2026-08-20T15:57:57.379088+00:00,1,2026-08-21T17:30:00Z,25.534061364444444,75115,108,FWD,4,a,,,,,55,0.3,0.16666666666666666
c6065cdf-33bf-484a-bfcf-e72ac5831f94,2026-08-20T15:57:57.379088+00:00,1,2026-08-21T17:30:00Z,25.534061364444444,513545,565,MID,4,a,,,,,55,2.9,0.5
c6065cdf-33bf-484a-bfcf-e72ac5831f94,2026-08-20T15:57:57.379088+00:00,1,2026-08-21T17:30:00Z,25.534061364444444,489639,109,GK,5,a,,,,,45,19.9,1.0
c6065cdf-33bf-484a-bfcf-e72ac5831f94,2026-08-20T15:57:57.379088+00:00,1,2026-08-21T17:30:00Z,25.534061364444444,49262,111,GK,5,a,,,,,40,4.2,0.02
c6065cdf-33bf-484a-bfcf-e72ac5831f94,2026-08-20T15:57:57.379088+00:00,1,2026-08-21T17:30:00Z,25.534061364444444,231416,113,DEF,5,a,,,,,45,3.1,1.0
c6065cdf-33bf-484a-bfcf-e72ac5831f94,2026-08-20T15:57:57.379088+00:00,1,2026-08-21T17:30:00Z,25.534061364444444,204120,114,DEF,5,a,,,,,45,0.2,0.8333333333333334
c6065cdf-33bf-484a-bfcf-e72ac5831f94,2026-08-20T15:57:57.379088+00:00,1,2026-08-21T17:30:00Z,25.534061364444444,465730,115,DEF,5,a,,,,,45,1.7,0.5
c6065cdf-33bf-484a-bfcf-e72ac5831f94,2026-08-20T15:57:57.379088+00:00,1,2026-08-21T17:30:00Z,25.534061364444444,83299,116,DEF,5,a,,,,,45,0.9,0.8333333333333334
c6065cdf-33bf-484a-bfcf-e72ac5831f94,2026-08-20T15:57:57.379088+00:00,1,2026-08-21T17:30:00Z,25.534061364444444,550090,117,DEF,5,a,,,,,45,0.0,0.4
c6065cdf-33bf-484a-bfcf-e72ac5831f94,2026-08-20T15:57:57.379088+00:00,1,2026-08-21T17:30:00Z,25.534061364444444,223434,118,DEF,5,a,,,,,45,0.1,0.5
c6065cdf-33bf-484a-bfcf-e72ac5831f94,2026-08-20T15:57:57.379088+00:00,1,2026-08-21T17:30:00Z,25.534061364444444,451490,119,DEF,5,a,,,,,45,0.0,0.5
c6065cdf-33bf-484a-bfcf-e72ac5831f94,2026-08-20T15:57:57.379088+00:00,1,2026-08-21T17:30:00Z,25.534061364444444,454490,120,DEF,5,a,,,,,50,0.0,0.5
c6065cdf-33bf-484a-bfcf-e72ac5831f94,2026-08-20T15:57:57.379088+00:00,1,2026-08-21T17:30:00Z,25.534061364444444,451340,121,MID,5,i,Hamstring injury - Unknown return date,2026-07-24T18:30:10.661894Z,,0.0,60,0.1,0.0
c6065cdf-33bf-484a-bfcf-e72ac5831f94,2026-08-20T15:57:57.379088+00:00,1,2026-08-21T17:30:00Z,25.534061364444444,592031,122,MID,5,i,Leg injury - Expected back 28 Nov,2026-08-14T18:00:06.418033Z,,0.0,60,0.2,0.0
c6065cdf-33bf-484a-bfcf-e72ac5831f94,2026-08-20T15:57:57.379088+00:00,1,2026-08-21T17:30:00Z,25.534061364444444,532529,123,MID,5,a,,,,,60,0.4,1.0
c6065cdf-33bf-484a-bfcf-e72ac5831f94,2026-08-20T15:57:57.379088+00:00,1,2026-08-21T17:30:00Z,25.534061364444444,60307,124,MID,5,a,,,,,55,13.4,1.0
c6065cdf-33bf-484a-bfcf-e72ac5831f94,2026-08-20T15:57:57.379088+00:00,1,2026-08-21T17:30:00Z,25.534061364444444,463067,125,FWD,5,a,,,,,55,1.0,0.16666666666666666
c6065cdf-33bf-484a-bfcf-e72ac5831f94,2026-08-20T15:57:57.379088+00:00,1,2026-08-21T17:30:00Z,25.534061364444444,219249,126,MID,5,a,,,,,55,0.1,0.3333333333333333
c6065cdf-33bf-484a-bfcf-e72ac5831f94,2026-08-20T15:57:57.379088+00:00,1,2026-08-21T17:30:00Z,25.534061364444444,514254,127,MID,5,a,,,,,50,3.1,0.8333333333333334
c6065cdf-33bf-484a-bfcf-e72ac5831f94,2026-08-20T15:57:57.379088+00:00,1,2026-08-21T17:30:00Z,25.534061364444444,536916,128,MID,5,u,Has joined Elche on loan for the rest of the season,2026-08-10T14:03:07.561436Z,,0.0,50,0.0,0.0
c6065cdf-33bf-484a-bfcf-e72ac5831f94,2026-08-20T15:57:57.379088+00:00,1,2026-08-21T17:30:00Z,25.534061364444444,509416,129,MID,5,a,,,,,55,0.7,0.3333333333333333
c6065cdf-33bf-484a-bfcf-e72ac5831f94,2026-08-20T15:57:57.379088+00:00,1,2026-08-21T17:30:00Z,25.534061364444444,467779,130,DEF,5,a,,,,,50,0.3,1.0
c6065cdf-33bf-484a-bfcf-e72ac5831f94,2026-08-20T15:57:57.379088+00:00,1,2026-08-21T17:30:00Z,25.534061364444444,535301,131,MID,5,i,Ankle injury - Expected back 23 Aug,2026-08-06T16:00:10.997714Z,,0.0,50,0.2,0.0
c6065cdf-33bf-484a-bfcf-e72ac5831f94,2026-08-20T15:57:57.379088+00:00,1,2026-08-21T17:30:00Z,25.534061364444444,597320,132,MID,5,u,Has joined Leicester City on loan for the rest of the season,2026-08-17T13:53:19.019938Z,,0.0,45,0.1,0.0
c6065cdf-33bf-484a-bfcf-e72ac5831f94,2026-08-20T15:57:57.379088+00:00,1,2026-08-21T17:30:00Z,25.534061364444444,549074,133,MID,5,u,Has joined Leicester City on loan for the rest of the season,2026-08-03T14:05:44.459483Z,,0.0,50,0.0,0.0
c6065cdf-33bf-484a-bfcf-e72ac5831f94,2026-08-20T15:57:57.379088+00:00,1,2026-08-21T17:30:00Z,25.534061364444444,556637,134,MID,5,a,,,,,45,0.2,0.0
c6065cdf-33bf-484a-bfcf-e72ac5831f94,2026-08-20T15:57:57.379088+00:00,1,2026-08-21T17:30:00Z,25.534061364444444,700308,135,MID,5,a,,,,,50,0.1,0.5
c6065cdf-33bf-484a-bfcf-e72ac5831f94,2026-08-20T15:57:57.379088+00:00,1,2026-08-21T17:30:00Z,25.534061364444444,608181,137,FWD,5,d,Knee injury - 75% chance of playing,2026-07-23T12:01:23.432796Z,,75.0,55,0.0,0.75
c6065cdf-33bf-484a-bfcf-e72ac5831f94,2026-08-20T15:57:57.379088+00:00,1,2026-08-21T17:30:00Z,25.534061364444444,647850,138,FWD,5,a,,,,,55,0.2,0.0
c6065cdf-33bf-484a-bfcf-e72ac5831f94,2026-08-20T15:57:57.379088+00:00,1,2026-08-21T17:30:00Z,25.534061364444444,487117,139,FWD,5,i,Ankle injury - Expected back 10 Oct,2026-07-23T12:01:23.448357Z,,0.0,50,0.0,0.0
c6065cdf-33bf-484a-bfcf-e72ac5831f94,2026-08-20T15:57:57.379088+00:00,1,2026-08-21T17:30:00Z,25.534061364444444,222694,328,DEF,5,d,Knock - 75% chance of playing,2026-08-15T20:30:07.523574Z,,75.0,50,0.2,0.75
c6065cdf-33bf-484a-bfcf-e72ac5831f94,2026-08-20T15:57:57.379088+00:00,1,2026-08-21T17:30:00Z,25.534061364444444,610799,504,DEF,5,a,,,,,50,2.7,0.5
c6065cdf-33bf-484a-bfcf-e72ac5831f94,2026-08-20T15:57:57.379088+00:00,1,2026-08-21T17:30:00Z,25.534061364444444,538007,594,FWD,5,a,,,,,60,0.1,0.5
c6065cdf-33bf-484a-bfcf-e72ac5831f94,2026-08-20T15:57:57.379088+00:00,1,2026-08-21T17:30:00Z,25.534061364444444,244850,40,MID,6,a,,,,,75,25.8,1.0
c6065cdf-33bf-484a-bfcf-e72ac5831f94,2026-08-20T15:57:57.379088+00:00,1,2026-08-21T17:30:00Z,25.534061364444444,56979,101,MID,6,d,Wrist injury - 75% chance of playing,2026-08-09T09:30:07.136250Z,,75.0,50,0.0,0.75
c6065cdf-33bf-484a-bfcf-e72ac5831f94,2026-08-20T15:57:57.379088+00:00,1,2026-08-21T17:30:00Z,25.534061364444444,50175,136,FWD,6,d,Unspecified injury - 75% chance of playing,2026-08-20T14:00:07.949090Z,,75.0,60,2.1,0.75
c6065cdf-33bf-484a-bfcf-e72ac5831f94,2026-08-20T15:57:57.379088+00:00,1,2026-08-21T17:30:00Z,25.534061364444444,215059,140,GK,6,a,,,,,50,2.3,1.0
c6065cdf-33bf-484a-bfcf-e72ac5831f94,2026-08-20T15:57:57.379088+00:00,1,2026-08-21T17:30:00Z,25.534061364444444,508479,141,GK,6,u,Has joined RC Strasbourg on loan for the rest of the season,2026-08-12T14:07:02.607115Z,,0.0,50,0.0,0.0
c6065cdf-33bf-484a-bfcf-e72ac5831f94,2026-08-20T15:57:57.379088+00:00,1,2026-08-21T17:30:00Z,25.534061364444444,225796,142,DEF,6,a,,,,,55,9.3,0.6666666666666666
c6065cdf-33bf-484a-bfcf-e72ac5831f94,2026-08-20T15:57:57.379088+00:00,1,2026-08-21T17:30:00Z,25.534061364444444,180736,143,DEF,6,u,Has joined Como permanently,2026-08-10T14:03:50.769483Z,,0.0,55,0.4,0.0
c6065cdf-33bf-484a-bfcf-e72ac5831f94,2026-08-20T15:57:57.379088+00:00,1,2026-08-21T17:30:00Z,25.534061364444444,482609,144,DEF,6,a,,,,,50,1.1,1.0
c6065cdf-33bf-484a-bfcf-e72ac5831f94,2026-08-20T15:57:57.379088+00:00,1,2026-08-21T17:30:00Z,25.534061364444444,444463,145,DEF,6,s,Suspended until 6 Sep,2026-07-23T12:01:23.464591Z,,0.0,50,0.0,0.0
c6065cdf-33bf-484a-bfcf-e72ac5831f94,2026-08-20T15:57:57.379088+00:00,1,2026-08-21T17:30:00Z,25.534061364444444,242880,146,DEF,6,a,,,,,45,0.0,0.8333333333333334
c6065cdf-33bf-484a-bfcf-e72ac5831f94,2026-08-20T15:57:57.379088+00:00,1,2026-08-21T17:30:00Z,25.534061364444444,109646,147,DEF,6,a,,,,,45,0.2,0.3333333333333333
c6065cdf-33bf-484a-bfcf-e72ac5831f94,2026-08-20T15:57:57.379088+00:00,1,2026-08-21T17:30:00Z,25.534061364444444,551210,148,DEF,6,a,,,,,45,0.5,1.0
c6065cdf-33bf-484a-bfcf-e72ac5831f94,2026-08-20T15:57:57.379088+00:00,1,2026-08-21T17:30:00Z,25.534061364444444,460028,149,DEF,6,a,,,,,50,1.7,0.8333333333333334
c6065cdf-33bf-484a-bfcf-e72ac5831f94,2026-08-20T15:57:57.379088+00:00,1,2026-08-21T17:30:00Z,25.534061364444444,574458,150,DEF,6,a,,,,,45,0.1,0.3333333333333333
c6065cdf-33bf-484a-bfcf-e72ac5831f94,2026-08-20T15:57:57.379088+00:00,1,2026-08-21T17:30:00Z,25.534061364444444,577016,151,DEF,6,a,,,,,45,0.3,0.16666666666666666
c6065cdf-33bf-484a-bfcf-e72ac5831f94,2026-08-20T15:57:57.379088+00:00,1,2026-08-21T17:30:00Z,25.534061364444444,620109,152,DEF,6,a,,,,,55,2.8,0.5
c6065cdf-33bf-484a-bfcf-e72ac5831f94,2026-08-20T15:57:57.379088+00:00,1,2026-08-21T17:30:00Z,25.534061364444444,220362,153,DEF,6,a,,,,,45,0.1,1.0
c6065cdf-33bf-484a-bfcf-e72ac5831f94,2026-08-20T15:57:57.379088+00:00,1,2026-08-21T17:30:00Z,25.534061364444444,244851,154,MID,6,a,,,,,95,10.5,1.0
c6065cdf-33bf-484a-bfcf-e72ac5831f94,2026-08-20T15:57:57.379088+00:00,1,2026-08-21T17:30:00Z,25.534061364444444,448047,155,MID,6,a,,,,,70,5.1,1.0
c6065cdf-33bf-484a-bfcf-e72ac5831f94,2026-08-20T15:57:57.379088+00:00,1,2026-08-21T17:30:00Z,25.534061364444444,247632,156,MID,6,a,,,,,65,1.3,1.0
c6065cdf-33bf-484a-bfcf-e72ac5831f94,2026-08-20T15:57:57.379088+00:00,1,2026-08-21T17:30:00Z,25.534061364444444,624773,157,MID,6,a,,,,,65,1.3,0.8333333333333334
c6065cdf-33bf-484a-bfcf-e72ac5831f94,2026-08-20T15:57:57.379088+00:00,1,2026-08-21T17:30:00Z,25.534061364444444,463936,158,MID,6,a,,,,,60,0.0,0.3333333333333333
c6065cdf-33bf-484a-bfcf-e72ac5831f94,2026-08-20T15:57:57.379088+00:00,1,2026-08-21T17:30:00Z,25.534061364444444,486672,159,MID,6,a,,,,,55,3.9,1.0
c6065cdf-33bf-484a-bfcf-e72ac5831f94,2026-08-20T15:57:57.379088+00:00,1,2026-08-21T17:30:00Z,25.534061364444444,514356,161,MID,6,a,,,,,50,0.0,0.5
c6065cdf-33bf-484a-bfcf-e72ac5831f94,2026-08-20T15:57:57.379088+00:00,1,2026-08-21T17:30:00Z,25.534061364444444,491007,163,MID,6,a,,,,,45,0.2,0.0
c6065cdf-33bf-484a-bfcf-e72ac5831f94,2026-08-20T15:57:57.379088+00:00,1,2026-08-21T17:30:00Z,25.534061364444444,593117,164,MID,6,a,,2026-07-24T20:30:10.609931Z,,100.0,55,0.0,1.0
c6065cdf-33bf-484a-bfcf-e72ac5831f94,2026-08-20T15:57:57.379088+00:00,1,2026-08-21T17:30:00Z,25.534061364444444,475168,165,FWD,6,a,,,,,75,62.2,1.0
c6065cdf-33bf-484a-bfcf-e72ac5831f94,2026-08-20T15:57:57.379088+00:00,1,2026-08-21T17:30:00Z,25.534061364444444,517052,166,FWD,6,a,,,,,65,0.3,0.8333333333333334
c6065cdf-33bf-484a-bfcf-e72ac5831f94,2026-08-20T15:57:57.379088+00:00,1,2026-08-21T17:30:00Z,25.534061364444444,463034,167,FWD,6,a,,,,,55,0.5,0.5
c6065cdf-33bf-484a-bfcf-e72ac5831f94,2026-08-20T15:57:57.379088+00:00,1,2026-08-21T17:30:00Z,25.534061364444444,499309,168,FWD,6,a,,,,,50,0.5,0.16666666666666666
c6065cdf-33bf-484a-bfcf-e72ac5831f94,2026-08-20T15:57:57.379088+00:00,1,2026-08-21T17:30:00Z,25.534061364444444,567119,169,FWD,6,a,,,,,45,0.3,0.0
c6065cdf-33bf-484a-bfcf-e72ac5831f94,2026-08-20T15:57:57.379088+00:00,1,2026-08-21T17:30:00Z,25.534061364444444,503037,170,FWD,6,a,,2026-07-24T20:30:10.622380Z,,100.0,50,0.1,1.0
c6065cdf-33bf-484a-bfcf-e72ac5831f94,2026-08-20T15:57:57.379088+00:00,1,2026-08-21T17:30:00Z,25.534061364444444,437499,200,DEF,6,a,,,,,60,10.0,1.0
c6065cdf-33bf-484a-bfcf-e72ac5831f94,2026-08-20T15:57:57.379088+00:00,1,2026-08-21T17:30:00Z,25.534061364444444,549939,560,GK,6,a,,,,,45,0.1,0.02
c6065cdf-33bf-484a-bfcf-e72ac5831f94,2026-08-20T15:57:57.379088+00:00,1,2026-08-21T17:30:00Z,25.534061364444444,622758,561,DEF,6,a,,,,,45,0.0,0.5
c6065cdf-33bf-484a-bfcf-e72ac5831f94,2026-08-20T15:57:57.379088+00:00,1,2026-08-21T17:30:00Z,25.534061364444444,543158,568,MID,6,a,,,,,55,0.1,0.5
c6065cdf-33bf-484a-bfcf-e72ac5831f94,2026-08-20T15:57:57.379088+00:00,1,2026-08-21T17:30:00Z,25.534061364444444,465920,578,MID,6,a,,,,,55,0.0,0.0
c6065cdf-33bf-484a-bfcf-e72ac5831f94,2026-08-20T15:57:57.379088+00:00,1,2026-08-21T17:30:00Z,25.534061364444444,498444,583,DEF,6,a,,,,,50,0.2,0.5
c6065cdf-33bf-484a-bfcf-e72ac5831f94,2026-08-20T15:57:57.379088+00:00,1,2026-08-21T17:30:00Z,25.534061364444444,428580,104,MID,7,a,,,,,50,0.1,0.0
c6065cdf-33bf-484a-bfcf-e72ac5831f94,2026-08-20T15:57:57.379088+00:00,1,2026-08-21T17:30:00Z,25.534061364444444,472739,110,GK,7,a,,,,,45,1.1,0.5
c6065cdf-33bf-484a-bfcf-e72ac5831f94,2026-08-20T15:57:57.379088+00:00,1,2026-08-21T17:30:00Z,25.534061364444444,484389,171,GK,7,a,,,,,40,1.9,0.02
c6065cdf-33bf-484a-bfcf-e72ac5831f94,2026-08-20T15:57:57.379088+00:00,1,2026-08-21T17:30:00Z,25.534061364444444,110690,172,GK,7,a,,,,,45,0.5,0.02
c6065cdf-33bf-484a-bfcf-e72ac5831f94,2026-08-20T15:57:57.379088+00:00,1,2026-08-21T17:30:00Z,25.534061364444444,461102,173,DEF,7,a,,,,,40,7.8,0.5
c6065cdf-33bf-484a-bfcf-e72ac5831f94,2026-08-20T15:57:57.379088+00:00,1,2026-08-21T17:30:00Z,25.534061364444444,436761,174,DEF,7,a,,,,,40,0.7,0.5
c6065cdf-33bf-484a-bfcf-e72ac5831f94,2026-08-20T15:57:57.379088+00:00,1,2026-08-21T17:30:00Z,25.534061364444444,451284,175,DEF,7,a,,,,,40,14.2,0.5
c6065cdf-33bf-484a-bfcf-e72ac5831f94,2026-08-20T15:57:57.379088+00:00,1,2026-08-21T17:30:00Z,25.534061364444444,173878,176,DEF,7,a,,,,,40,0.8,0.5
c6065cdf-33bf-484a-bfcf-e72ac5831f94,2026-08-20T15:57:57.379088+00:00,1,2026-08-21T17:30:00Z,25.534061364444444,465390,177,DEF,7,a,,,,,40,0.1,0.0
c6065cdf-33bf-484a-bfcf-e72ac5831f94,2026-08-20T15:57:57.379088+00:00,1,2026-08-21T17:30:00Z,25.534061364444444,80178,178,DEF,7,a,,,,,40,0.1,0.5
c6065cdf-33bf-484a-bfcf-e72ac5831f94,2026-08-20T15:57:57.379088+00:00,1,2026-08-21T17:30:00Z,25.534061364444444,204813,179,DEF,7,a,,,,,40,0.0,0.5
c6065cdf-33bf-484a-bfcf-e72ac5831f94,2026-08-20T15:57:57.379088+00:00,1,2026-08-21T17:30:00Z,25.534061364444444,220583,180,DEF,7,a,,,,,40,0.2,0.6666666666666666
c6065cdf-33bf-484a-bfcf-e72ac5831f94,2026-08-20T15:57:57.379088+00:00,1,2026-08-21T17:30:00Z,25.534061364444444,577411,181,DEF,7,a,,,,,40,0.0,0.5
c6065cdf-33bf-484a-bfcf-e72ac5831f94,2026-08-20T15:57:57.379088+00:00,1,2026-08-21T17:30:00Z,25.534061364444444,539142,182,DEF,7,a,,,,,40,0.8,0.5
c6065cdf-33bf-484a-bfcf-e72ac5831f94,2026-08-20T15:57:57.379088+00:00,1,2026-08-21T17:30:00Z,25.534061364444444,480457,183,MID,7,a,,2026-07-23T12:01:23.481435Z,,100.0,50,0.1,1.0
c6065cdf-33bf-484a-bfcf-e72ac5831f94,2026-08-20T15:57:57.379088+00:00,1,2026-08-21T17:30:00Z,25.534061364444444,168144,184,MID,7,a,,,,,50,0.2,0.5
c6065cdf-33bf-484a-bfcf-e72ac5831f94,2026-08-20T15:57:57.379088+00:00,1,2026-08-21T17:30:00Z,25.534061364444444,501459,185,MID,7,a,,,,,50,0.1,0.5
c6065cdf-33bf-484a-bfcf-e72ac5831f94,2026-08-20T15:57:57.379088+00:00,1,2026-08-21T17:30:00Z,25.534061364444444,241293,186,MID,7,a,,2026-08-19T18:00:08.310507Z,,100.0,55,0.1,1.0
c6065cdf-33bf-484a-bfcf-e72ac5831f94,2026-08-20T15:57:57.379088+00:00,1,2026-08-21T17:30:00Z,25.534061364444444,439668,187,MID,7,a,,,,,50,0.0,0.5
c6065cdf-33bf-484a-bfcf-e72ac5831f94,2026-08-20T15:57:57.379088+00:00,1,2026-08-21T17:30:00Z,25.534061364444444,226965,188,MID,7,a,,,,,55,0.2,0.5
c6065cdf-33bf-484a-bfcf-e72ac5831f94,2026-08-20T15:57:57.379088+00:00,1,2026-08-21T17:30:00Z,25.534061364444444,684268,189,MID,7,a,,,,,45,0.3,0.5
c6065cdf-33bf-484a-bfcf-e72ac5831f94,2026-08-20T15:57:57.379088+00:00,1,2026-08-21T17:30:00Z,25.534061364444444,469272,190,MID,7,a,,,,,55,0.1,0.8333333333333334
c6065cdf-33bf-484a-bfcf-e72ac5831f94,2026-08-20T15:57:57.379088+00:00,1,2026-08-21T17:30:00Z,25.534061364444444,492498,191,MID,7,a,,,,,45,0.2,0.5
c6065cdf-33bf-484a-bfcf-e72ac5831f94,2026-08-20T15:57:57.379088+00:00,1,2026-08-21T17:30:00Z,25.534061364444444,629397,192,MID,7,a,,,,,45,0.7,0.5
c6065cdf-33bf-484a-bfcf-e72ac5831f94,2026-08-20T15:57:57.379088+00:00,1,2026-08-21T17:30:00Z,25.534061364444444,176412,193,FWD,7,i,Thigh injury - Unknown return date,2026-08-14T22:00:07.214508Z,,0.0,55,0.4,0.0
c6065cdf-33bf-484a-bfcf-e72ac5831f94,2026-08-20T15:57:57.379088+00:00,1,2026-08-21T17:30:00Z,25.534061364444444,230730,194,FWD,7,a,,,,,50,0.8,0.5
c6065cdf-33bf-484a-bfcf-e72ac5831f94,2026-08-20T15:57:57.379088+00:00,1,2026-08-21T17:30:00Z,25.534061364444444,218997,195,FWD,7,a,,,,,50,0.8,0.5
c6065cdf-33bf-484a-bfcf-e72ac5831f94,2026-08-20T15:57:57.379088+00:00,1,2026-08-21T17:30:00Z,25.534061364444444,551262,196,FWD,7,u,Has joined Shabab Al-Ahli Dubai permanently,2026-08-17T13:53:55.791223Z,,0.0,50,0.0,0.0
c6065cdf-33bf-484a-bfcf-e72ac5831f94,2026-08-20T15:57:57.379088+00:00,1,2026-08-21T17:30:00Z,25.534061364444444,549653,197,FWD,7,u,Has joined KVC Westerlo on loan for the rest of the season,2026-07-28T12:58:50.001768Z,,0.0,45,0.1,0.0
c6065cdf-33bf-484a-bfcf-e72ac5831f94,2026-08-20T15:57:57.379088+00:00,1,2026-08-21T17:30:00Z,25.534061364444444,210156,492,FWD,7,a,,,,,55,0.8,0.3333333333333333
c6065cdf-33bf-484a-bfcf-e72ac5831f94,2026-08-20T15:57:57.379088+00:00,1,2026-08-21T17:30:00Z,25.534061364444444,661888,575,MID,7,a,,,,,50,0.2,0.5
c6065cdf-33bf-484a-bfcf-e72ac5831f94,2026-08-20T15:57:57.379088+00:00,1,2026-08-21T17:30:00Z,25.534061364444444,196100,584,MID,7,a,,,,,55,0.1,1.0
c6065cdf-33bf-484a-bfcf-e72ac5831f94,2026-08-20T15:57:57.379088+00:00,1,2026-08-21T17:30:00Z,25.534061364444444,627221,599,FWD,7,a,,,,,50,0.0,0.5
c6065cdf-33bf-484a-bfcf-e72ac5831f94,2026-08-20T15:57:57.379088+00:00,1,2026-08-21T17:30:00Z,25.534061364444444,485337,42,MID,8,a,,,,,55,0.0,0.3333333333333333
c6065cdf-33bf-484a-bfcf-e72ac5831f94,2026-08-20T15:57:57.379088+00:00,1,2026-08-21T17:30:00Z,25.534061364444444,172649,198,GK,8,d,Ankle injury - 75% chance of playing,2026-08-20T14:00:08.018379Z,,75.0,50,3.1,0.75
c6065cdf-33bf-484a-bfcf-e72ac5831f94,2026-08-20T15:57:57.379088+00:00,1,2026-08-21T17:30:00Z,25.534061364444444,121709,199,GK,8,a,,,,,45,0.1,0.02
c6065cdf-33bf-484a-bfcf-e72ac5831f94,2026-08-20T15:57:57.379088+00:00,1,2026-08-21T17:30:00Z,25.534061364444444,247348,201,DEF,8,a,,,,,55,10.4,1.0
c6065cdf-33bf-484a-bfcf-e72ac5831f94,2026-08-20T15:57:57.379088+00:00,1,2026-08-21T17:30:00Z,25.534061364444444,427623,202,DEF,8,a,,,,,50,0.8,0.6666666666666666
c6065cdf-33bf-484a-bfcf-e72ac5831f94,2026-08-20T15:57:57.379088+00:00,1,2026-08-21T17:30:00Z,25.534061364444444,651426,203,DEF,8,a,,,,,50,0.4,1.0
c6065cdf-33bf-484a-bfcf-e72ac5831f94,2026-08-20T15:57:57.379088+00:00,1,2026-08-21T17:30:00Z,25.534061364444444,244723,204,DEF,8,a,,,,,45,6.6,0.6666666666666666
c6065cdf-33bf-484a-bfcf-e72ac5831f94,2026-08-20T15:57:57.379088+00:00,1,2026-08-21T17:30:00Z,25.534061364444444,218364,205,DEF,8,a,,,,,45,0.0,0.0
c6065cdf-33bf-484a-bfcf-e72ac5831f94,2026-08-20T15:57:57.379088+00:00,1,2026-08-21T17:30:00Z,25.534061364444444,515621,206,DEF,8,a,,,,,45,0.1,0.8333333333333334
c6065cdf-33bf-484a-bfcf-e72ac5831f94,2026-08-20T15:57:57.379088+00:00,1,2026-08-21T17:30:00Z,25.534061364444444,242313,207,DEF,8,a,,,,,45,0.1,0.5
c6065cdf-33bf-484a-bfcf-e72ac5831f94,2026-08-20T15:57:57.379088+00:00,1,2026-08-21T17:30:00Z,25.534061364444444,232185,208,MID,8,a,,,,,65,5.5,0.6666666666666666
c6065cdf-33bf-484a-bfcf-e72ac5831f94,2026-08-20T15:57:57.379088+00:00,1,2026-08-21T17:30:00Z,25.534061364444444,496221,210,MID,8,a,,2026-07-23T12:01:23.498963Z,,100.0,55,0.7,1.0
c6065cdf-33bf-484a-bfcf-e72ac5831f94,2026-08-20T15:57:57.379088+00:00,1,2026-08-21T17:30:00Z,25.534061364444444,488024,211,MID,8,a,,,,,55,0.2,0.6666666666666666
c6065cdf-33bf-484a-bfcf-e72ac5831f94,2026-08-20T15:57:57.379088+00:00,1,2026-08-21T17:30:00Z,25.534061364444444,108413,212,MID,8,a,,,,,45,11.4,0.8333333333333334
c6065cdf-33bf-484a-bfcf-e72ac5831f94,2026-08-20T15:57:57.379088+00:00,1,2026-08-21T17:30:00Z,25.534061364444444,152551,213,MID,8,a,,,,,50,0.1,0.6666666666666666
c6065cdf-33bf-484a-bfcf-e72ac5831f94,2026-08-20T15:57:57.379088+00:00,1,2026-08-21T17:30:00Z,25.534061364444444,209400,214,MID,8,a,,,,,50,0.3,0.8333333333333334
c6065cdf-33bf-484a-bfcf-e72ac5831f94,2026-08-20T15:57:57.379088+00:00,1,2026-08-21T17:30:00Z,25.534061364444444,489706,215,MID,8,a,,,,,50,0.0,0.6666666666666666
c6065cdf-33bf-484a-bfcf-e72ac5831f94,2026-08-20T15:57:57.379088+00:00,1,2026-08-21T17:30:00Z,25.534061364444444,606921,216,MID,8,a,,,,,50,0.0,0.16666666666666666
c6065cdf-33bf-484a-bfcf-e72ac5831f94,2026-08-20T15:57:57.379088+00:00,1,2026-08-21T17:30:00Z,25.534061364444444,536694,217,MID,8,a,,,,,50,0.0,0.0
c6065cdf-33bf-484a-bfcf-e72ac5831f94,2026-08-20T15:57:57.379088+00:00,1,2026-08-21T17:30:00Z,25.534061364444444,438464,218,MID,8,a,,,,,50,0.1,0.16666666666666666
c6065cdf-33bf-484a-bfcf-e72ac5831f94,2026-08-20T15:57:57.379088+00:00,1,2026-08-21T17:30:00Z,25.534061364444444,450542,219,MID,8,a,,,,,50,0.0,0.0
c6065cdf-33bf-484a-bfcf-e72ac5831f94,2026-08-20T15:57:57.379088+00:00,1,2026-08-21T17:30:00Z,25.534061364444444,590014,220,DEF,8,u,Has joined Bristol City on loan for the rest of the season,2026-08-12T14:08:46.501813Z,,0.0,45,0.0,0.0
c6065cdf-33bf-484a-bfcf-e72ac5831f94,2026-08-20T15:57:57.379088+00:00,1,2026-08-21T17:30:00Z,25.534061364444444,672492,221,MID,8,a,,,,,45,0.1,0.0
c6065cdf-33bf-484a-bfcf-e72ac5831f94,2026-08-20T15:57:57.379088+00:00,1,2026-08-21T17:30:00Z,25.534061364444444,247412,222,FWD,8,a,,,,,60,0.6,0.6666666666666666
c6065cdf-33bf-484a-bfcf-e72ac5831f94,2026-08-20T15:57:57.379088+00:00,1,2026-08-21T17:30:00Z,25.534061364444444,231747,223,FWD,8,a,,,,,65,5.9,0.3333333333333333
c6065cdf-33bf-484a-bfcf-e72ac5831f94,2026-08-20T15:57:57.379088+00:00,1,2026-08-21T17:30:00Z,25.534061364444444,205533,224,FWD,8,a,,,,,55,0.5,0.3333333333333333
c6065cdf-33bf-484a-bfcf-e72ac5831f94,2026-08-20T15:57:57.379088+00:00,1,2026-08-21T17:30:00Z,25.534061364444444,660392,225,FWD,8,u,has returned to Getafe CF,2026-07-23T12:18:56.275922Z,,0.0,50,0.0,0.0
c6065cdf-33bf-484a-bfcf-e72ac5831f94,2026-08-20T15:57:57.379088+00:00,1,2026-08-21T17:30:00Z,25.534061364444444,433154,241,MID,8,a,,,,,55,0.2,0.8333333333333334
c6065cdf-33bf-484a-bfcf-e72ac5831f94,2026-08-20T15:57:57.379088+00:00,1,2026-08-21T17:30:00Z,25.534061364444444,169593,555,GK,8,a,,,,,40,1.7,0.0
c6065cdf-33bf-484a-bfcf-e72ac5831f94,2026-08-20T15:57:57.379088+00:00,1,2026-08-21T17:30:00Z,25.534061364444444,223723,577,DEF,8,a,,,,,45,0.3,0.8333333333333334
c6065cdf-33bf-484a-bfcf-e72ac5831f94,2026-08-20T15:57:57.379088+00:00,1,2026-08-21T17:30:00Z,25.534061364444444,570794,588,DEF,8,a,,,,,50,0.1,0.5
c6065cdf-33bf-484a-bfcf-e72ac5831f94,2026-08-20T15:57:57.379088+00:00,1,2026-08-21T17:30:00Z,25.534061364444444,559152,595,MID,8,a,,,,,50,0.0,0.5
c6065cdf-33bf-484a-bfcf-e72ac5831f94,2026-08-20T15:57:57.379088+00:00,1,2026-08-21T17:30:00Z,25.534061364444444,128295,21,MID,9,d,Unspecified injury - 25% chance of playing,2026-08-15T20:00:06.779594Z,,25.0,50,0.2,0.25
c6065cdf-33bf-484a-bfcf-e72ac5831f94,2026-08-20T15:57:57.379088+00:00,1,2026-08-21T17:30:00Z,25.534061364444444,242898,209,MID,9,a,,,,,60,0.2,0.8333333333333334
c6065cdf-33bf-484a-bfcf-e72ac5831f94,2026-08-20T15:57:57.379088+00:00,1,2026-08-21T17:30:00Z,25.534061364444444,111234,226,GK,9,a,,,,,55,8.2,1.0
c6065cdf-33bf-484a-bfcf-e72ac5831f94,2026-08-20T15:57:57.379088+00:00,1,2026-08-21T17:30:00Z,25.534061364444444,229600,227,GK,9,a,,,,,50,0.0,0.02
c6065cdf-33bf-484a-bfcf-e72ac5831f94,2026-08-20T15:57:57.379088+00:00,1,2026-08-21T17:30:00Z,25.534061364444444,138001,228,GK,9,a,,,,,45,0.0,0.0
c6065cdf-33bf-484a-bfcf-e72ac5831f94,2026-08-20T15:57:57.379088+00:00,1,2026-08-21T17:30:00Z,25.534061364444444,17761,229,DEF,9,a,,,,,60,9.3,1.0
c6065cdf-33bf-484a-bfcf-e72ac5831f94,2026-08-20T15:57:57.379088+00:00,1,2026-08-21T17:30:00Z,25.534061364444444,480455,230,DEF,9,a,,,,,55,1.8,0.8333333333333334
c6065cdf-33bf-484a-bfcf-e72ac5831f94,2026-08-20T15:57:57.379088+00:00,1,2026-08-21T17:30:00Z,25.534061364444444,106611,231,DEF,9,a,,,,,50,1.7,0.8333333333333334
c6065cdf-33bf-484a-bfcf-e72ac5831f94,2026-08-20T15:57:57.379088+00:00,1,2026-08-21T17:30:00Z,25.534061364444444,512462,232,DEF,9,a,,,,,50,0.5,1.0
c6065cdf-33bf-484a-bfcf-e72ac5831f94,2026-08-20T15:57:57.379088+00:00,1,2026-08-21T17:30:00Z,25.534061364444444,224967,233,DEF,9,a,,,,,45,1.5,1.0
c6065cdf-33bf-484a-bfcf-e72ac5831f94,2026-08-20T15:57:57.379088+00:00,1,2026-08-21T17:30:00Z,25.534061364444444,243571,234,DEF,9,a,,,,,45,0.0,0.5
c6065cdf-33bf-484a-bfcf-e72ac5831f94,2026-08-20T15:57:57.379088+00:00,1,2026-08-21T17:30:00Z,25.534061364444444,499300,235,DEF,9,a,,,,,40,0.2,0.5
c6065cdf-33bf-484a-bfcf-e72ac5831f94,2026-08-20T15:57:57.379088+00:00,1,2026-08-21T17:30:00Z,25.534061364444444,215413,236,MID,9,a,,,,,65,3.4,1.0
c6065cdf-33bf-484a-bfcf-e72ac5831f94,2026-08-20T15:57:57.379088+00:00,1,2026-08-21T17:30:00Z,25.534061364444444,440993,237,MID,9,a,,,,,60,15.8,1.0
c6065cdf-33bf-484a-bfcf-e72ac5831f94,2026-08-20T15:57:57.379088+00:00,1,2026-08-21T17:30:00Z,25.534061364444444,232928,239,MID,9,i,Groin injury - Unknown return date,2026-07-25T14:30:10.455878Z,,0.0,60,0.2,0.0
c6065cdf-33bf-484a-bfcf-e72ac5831f94,2026-08-20T15:57:57.379088+00:00,1,2026-08-21T17:30:00Z,25.534061364444444,490094,240,MID,9,i,Groin injury - Unknown return date,2026-08-15T20:00:06.878792Z,,0.0,50,0.0,0.0
c6065cdf-33bf-484a-bfcf-e72ac5831f94,2026-08-20T15:57:57.379088+00:00,1,2026-08-21T17:30:00Z,25.534061364444444,550615,242,MID,9,a,,,,,55,0.3,0.0
c6065cdf-33bf-484a-bfcf-e72ac5831f94,2026-08-20T15:57:57.379088+00:00,1,2026-08-21T17:30:00Z,25.534061364444444,502697,243,MID,9,a,,,,,50,0.1,0.16666666666666666
c6065cdf-33bf-484a-bfcf-e72ac5831f94,2026-08-20T15:57:57.379088+00:00,1,2026-08-21T17:30:00Z,25.534061364444444,609873,244,MID,9,a,,,,,50,0.1,0.16666666666666666
c6065cdf-33bf-484a-bfcf-e72ac5831f94,2026-08-20T15:57:57.379088+00:00,1,2026-08-21T17:30:00Z,25.534061364444444,496661,245,MID,9,a,,,,,55,0.0,0.5
c6065cdf-33bf-484a-bfcf-e72ac5831f94,2026-08-20T15:57:57.379088+00:00,1,2026-08-21T17:30:00Z,25.534061364444444,513466,246,MID,9,a,,,,,50,0.1,0.6666666666666666
c6065cdf-33bf-484a-bfcf-e72ac5831f94,2026-08-20T15:57:57.379088+00:00,1,2026-08-21T17:30:00Z,25.534061364444444,244860,247,MID,9,a,,,,,55,0.3,0.5
c6065cdf-33bf-484a-bfcf-e72ac5831f94,2026-08-20T15:57:57.379088+00:00,1,2026-08-21T17:30:00Z,25.534061364444444,486385,248,FWD,9,a,,,,,55,2.9,0.8333333333333334
c6065cdf-33bf-484a-bfcf-e72ac5831f94,2026-08-20T15:57:57.379088+00:00,1,2026-08-21T17:30:00Z,25.534061364444444,586309,249,FWD,9,a,,,,,55,1.3,0.3333333333333333
c6065cdf-33bf-484a-bfcf-e72ac5831f94,2026-08-20T15:57:57.379088+00:00,1,2026-08-21T17:30:00Z,25.534061364444444,80201,250,GK,10,a,,,,,45,3.2,1.0
c6065cdf-33bf-484a-bfcf-e72ac5831f94,2026-08-20T15:57:57.379088+00:00,1,2026-08-21T17:30:00Z,25.534061364444444,86873,251,GK,10,a,,,,,40,1.3,0.02
c6065cdf-33bf-484a-bfcf-e72ac5831f94,2026-08-20T15:57:57.379088+00:00,1,2026-08-21T17:30:00Z,25.534061364444444,505079,252,GK,10,a,,,,,40,0.2,0.02
c6065cdf-33bf-484a-bfcf-e72ac5831f94,2026-08-20T15:57:57.379088+00:00,1,2026-08-21T17:30:00Z,25.534061364444444,174874,253,DEF,10,s,Suspended until 30 Aug,2026-07-23T12:01:23.516350Z,,0.0,50,0.0,0.0
c6065cdf-33bf-484a-bfcf-e72ac5831f94,2026-08-20T15:57:57.379088+00:00,1,2026-08-21T17:30:00Z,25.534061364444444,169528,254,DEF,10,a,,,,,45,1.9,0.6666666666666666
c6065cdf-33bf-484a-bfcf-e72ac5831f94,2026-08-20T15:57:57.379088+00:00,1,2026-08-21T17:30:00Z,25.534061364444444,246301,255,DEF,10,a,,,,,45,0.0,0.5
c6065cdf-33bf-484a-bfcf-e72ac5831f94,2026-08-20T15:57:57.379088+00:00,1,2026-08-21T17:30:00Z,25.534061364444444,167074,256,DEF,10,a,,,,,45,0.3,0.8333333333333334
c6065cdf-33bf-484a-bfcf-e72ac5831f94,2026-08-20T15:57:57.379088+00:00,1,2026-08-21T17:30:00Z,25.534061364444444,232892,257,DEF,10,a,,,,,45,0.7,1.0
c6065cdf-33bf-484a-bfcf-e72ac5831f94,2026-08-20T15:57:57.379088+00:00,1,2026-08-21T17:30:00Z,25.534061364444444,166477,258,DEF,10,a,,,,,45,0.3,1.0
c6065cdf-33bf-484a-bfcf-e72ac5831f94,2026-08-20T15:57:57.379088+00:00,1,2026-08-21T17:30:00Z,25.534061364444444,153133,261,MID,10,a,,,,,55,1.0,1.0
c6065cdf-33bf-484a-bfcf-e72ac5831f94,2026-08-20T15:57:57.379088+00:00,1,2026-08-21T17:30:00Z,25.534061364444444,209289,262,MID,10,a,,,,,55,0.4,1.0
c6065cdf-33bf-484a-bfcf-e72ac5831f94,2026-08-20T15:57:57.379088+00:00,1,2026-08-21T17:30:00Z,25.534061364444444,560552,263,MID,10,a,,,,,55,0.1,0.3333333333333333
c6065cdf-33bf-484a-bfcf-e72ac5831f94,2026-08-20T15:57:57.379088+00:00,1,2026-08-21T17:30:00Z,25.534061364444444,477555,264,MID,10,a,,,,,55,0.3,0.3333333333333333
c6065cdf-33bf-484a-bfcf-e72ac5831f94,2026-08-20T15:57:57.379088+00:00,1,2026-08-21T17:30:00Z,25.534061364444444,207189,265,MID,10,a,,,,,50,0.4,1.0
c6065cdf-33bf-484a-bfcf-e72ac5831f94,2026-08-20T15:57:57.379088+00:00,1,2026-08-21T17:30:00Z,25.534061364444444,76357,266,MID,10,i,Knee injury - Expected back 10 Oct,2026-08-14T18:00:06.460944Z,,0.0,50,0.0,0.0
c6065cdf-33bf-484a-bfcf-e72ac5831f94,2026-08-20T15:57:57.379088+00:00,1,2026-08-21T17:30:00Z,25.534061364444444,577725,268,MID,10,a,,,,,55,0.2,0.0
c6065cdf-33bf-484a-bfcf-e72ac5831f94,2026-08-20T15:57:57.379088+00:00,1,2026-08-21T17:30:00Z,25.534061364444444,184349,269,DEF,10,a,,,,,45,0.4,0.3333333333333333
c6065cdf-33bf-484a-bfcf-e72ac5831f94,2026-08-20T15:57:57.379088+00:00,1,2026-08-21T17:30:00Z,25.534061364444444,153366,270,MID,10,a,,,,,45,1.3,0.16666666666666666
c6065cdf-33bf-484a-bfcf-e72ac5831f94,2026-08-20T15:57:57.379088+00:00,1,2026-08-21T17:30:00Z,25.534061364444444,244042,271,FWD,10,a,,,,,55,0.6,0.6666666666666666
c6065cdf-33bf-484a-bfcf-e72ac5831f94,2026-08-20T15:57:57.379088+00:00,1,2026-08-21T17:30:00Z,25.534061364444444,631786,272,FWD,10,a,,,,,45,7.4,0.0
c6065cdf-33bf-484a-bfcf-e72ac5831f94,2026-08-20T15:57:57.379088+00:00,1,2026-08-21T17:30:00Z,25.534061364444444,551466,569,FWD,10,a,,,,,60,2.0,0.5
c6065cdf-33bf-484a-bfcf-e72ac5831f94,2026-08-20T15:57:57.379088+00:00,1,2026-08-21T17:30:00Z,25.534061364444444,571779,570,MID,10,a,,,,,55,0.2,0.5
c6065cdf-33bf-484a-bfcf-e72ac5831f94,2026-08-20T15:57:57.379088+00:00,1,2026-08-21T17:30:00Z,25.534061364444444,463210,580,MID,10,a,,,,,50,0.1,0.5
c6065cdf-33bf-484a-bfcf-e72ac5831f94,2026-08-20T15:57:57.379088+00:00,1,2026-08-21T17:30:00Z,25.534061364444444,167825,273,GK,11,a,,,,,40,1.7,0.02
c6065cdf-33bf-484a-bfcf-e72ac5831f94,2026-08-20T15:57:57.379088+00:00,1,2026-08-21T17:30:00Z,25.534061364444444,105666,274,GK,11,i,Arm injury - Unknown return date,2026-08-08T19:00:05.601633Z,,0.0,45,0.2,0.0
c6065cdf-33bf-484a-bfcf-e72ac5831f94,2026-08-20T15:57:57.379088+00:00,1,2026-08-21T17:30:00Z,25.534061364444444,494950,275,GK,11,u,Has joined Grimsby Town on loan for the rest of the season,2026-07-29T13:00:27.959925Z,,0.0,40,0.0,0.0
c6065cdf-33bf-484a-bfcf-e72ac5831f94,2026-08-20T15:57:57.379088+00:00,1,2026-08-21T17:30:00Z,25.534061364444444,444307,276,GK,11,u,Has joined Colchester United on loan for the rest of the season,2026-08-17T13:50:27.125537Z,,0.0,40,0.1,0.0
c6065cdf-33bf-484a-bfcf-e72ac5831f94,2026-08-20T15:57:57.379088+00:00,1,2026-08-21T17:30:00Z,25.534061364444444,108416,277,DEF,11,a,,,,,40,1.7,1.0
c6065cdf-33bf-484a-bfcf-e72ac5831f94,2026-08-20T15:57:57.379088+00:00,1,2026-08-21T17:30:00Z,25.534061364444444,501902,278,DEF,11,i,Groin injury - Unknown return date,2026-08-02T09:00:11.030017Z,,0.0,40,0.2,0.0
c6065cdf-33bf-484a-bfcf-e72ac5831f94,2026-08-20T15:57:57.379088+00:00,1,2026-08-21T17:30:00Z,25.534061364444444,146426,279,DEF,11,a,,,,,40,0.9,0.5
c6065cdf-33bf-484a-bfcf-e72ac5831f94,2026-08-20T15:57:57.379088+00:00,1,2026-08-21T17:30:00Z,25.534061364444444,193278,280,DEF,11,a,,,,,40,0.7,0.5
c6065cdf-33bf-484a-bfcf-e72ac5831f94,2026-08-20T15:57:57.379088+00:00,1,2026-08-21T17:30:00Z,25.534061364444444,433590,281,DEF,11,i,Hamstring injury - Expected back 29 Aug,2026-08-08T19:00:05.613036Z,,0.0,40,0.0,0.0
c6065cdf-33bf-484a-bfcf-e72ac5831f94,2026-08-20T15:57:57.379088+00:00,1,2026-08-21T17:30:00Z,25.534061364444444,232351,282,DEF,11,a,,,,,40,0.8,0.3333333333333333
c6065cdf-33bf-484a-bfcf-e72ac5831f94,2026-08-20T15:57:57.379088+00:00,1,2026-08-21T17:30:00Z,25.534061364444444,449428,283,DEF,11,d,Hip injury - 75% chance of playing,2026-08-02T09:00:11.038361Z,,75.0,40,0.0,0.75
c6065cdf-33bf-484a-bfcf-e72ac5831f94,2026-08-20T15:57:57.379088+00:00,1,2026-08-21T17:30:00Z,25.534061364444444,661800,284,DEF,11,a,,,,,40,0.1,0.5
c6065cdf-33bf-484a-bfcf-e72ac5831f94,2026-08-20T15:57:57.379088+00:00,1,2026-08-21T17:30:00Z,25.534061364444444,160817,285,DEF,11,a,,,,,40,0.1,0.5
c6065cdf-33bf-484a-bfcf-e72ac5831f94,2026-08-20T15:57:57.379088+00:00,1,2026-08-21T17:30:00Z,25.534061364444444,540324,286,MID,11,a,,,,,50,0.4,0.5
c6065cdf-33bf-484a-bfcf-e72ac5831f94,2026-08-20T15:57:57.379088+00:00,1,2026-08-21T17:30:00Z,25.534061364444444,232905,287,MID,11,a,,,,,50,0.1,0.5
c6065cdf-33bf-484a-bfcf-e72ac5831f94,2026-08-20T15:57:57.379088+00:00,1,2026-08-21T17:30:00Z,25.534061364444444,171270,288,MID,11,a,,,,,45,0.4,0.5
c6065cdf-33bf-484a-bfcf-e72ac5831f94,2026-08-20T15:57:57.379088+00:00,1,2026-08-21T17:30:00Z,25.534061364444444,101282,289,MID,11,a,,,,,45,0.6,0.5
c6065cdf-33bf-484a-bfcf-e72ac5831f94,2026-08-20T15:57:57.379088+00:00,1,2026-08-21T17:30:00Z,25.534061364444444,243413,290,MID,11,a,,,,,45,2.6,0.5
c6065cdf-33bf-484a-bfcf-e72ac5831f94,2026-08-20T15:57:57.379088+00:00,1,2026-08-21T17:30:00Z,25.534061364444444,465525,291,MID,11,i,Knee injury - Unknown return date,2026-07-23T12:01:23.532635Z,,0.0,45,0.0,0.0
c6065cdf-33bf-484a-bfcf-e72ac5831f94,2026-08-20T15:57:57.379088+00:00,1,2026-08-21T17:30:00Z,25.534061364444444,208481,292,MID,11,a,,,,,50,0.0,0.5
c6065cdf-33bf-484a-bfcf-e72ac5831f94,2026-08-20T15:57:57.379088+00:00,1,2026-08-21T17:30:00Z,25.534061364444444,490161,293,MID,11,u,Has joined Portsmouth permanently,2026-08-12T14:08:23.542043Z,,0.0,50,0.0,0.0
c6065cdf-33bf-484a-bfcf-e72ac5831f94,2026-08-20T15:57:57.379088+00:00,1,2026-08-21T17:30:00Z,25.534061364444444,553783,294,MID,11,i,Thigh injury - Unknown return date,2026-08-04T18:30:11.016909Z,,0.0,45,0.2,0.0
c6065cdf-33bf-484a-bfcf-e72ac5831f94,2026-08-20T15:57:57.379088+00:00,1,2026-08-21T17:30:00Z,25.534061364444444,169432,295,FWD,11,a,,,,,55,1.5,0.8333333333333334
c6065cdf-33bf-484a-bfcf-e72ac5831f94,2026-08-20T15:57:57.379088+00:00,1,2026-08-21T17:30:00Z,25.534061364444444,213292,296,MID,11,a,,,,,50,0.0,0.5
c6065cdf-33bf-484a-bfcf-e72ac5831f94,2026-08-20T15:57:57.379088+00:00,1,2026-08-21T17:30:00Z,25.534061364444444,470294,297,MID,11,i,Thigh injury - Unknown return date,2026-08-04T18:30:11.027155Z,,0.0,45,0.0,0.0
c6065cdf-33bf-484a-bfcf-e72ac5831f94,2026-08-20T15:57:57.379088+00:00,1,2026-08-21T17:30:00Z,25.534061364444444,500957,298,FWD,11,u,Has joined Konyaspor permanently,2026-08-17T13:50:27.145733Z,,0.0,45,0.9,0.0
c6065cdf-33bf-484a-bfcf-e72ac5831f94,2026-08-20T15:57:57.379088+00:00,1,2026-08-21T17:30:00Z,25.534061364444444,534392,299,FWD,11,u,Has joined Sheffield Wednesday on loan for the rest of the season,2026-08-03T14:05:20.234842Z,,0.0,45,0.1,0.0
c6065cdf-33bf-484a-bfcf-e72ac5831f94,2026-08-20T15:57:57.379088+00:00,1,2026-08-21T17:30:00Z,25.534061364444444,462635,340,MID,11,i,Ankle injury - Expected back 5 Sep,2026-08-17T21:30:07.799839Z,,0.0,50,0.0,0.0
c6065cdf-33bf-484a-bfcf-e72ac5831f94,2026-08-20T15:57:57.379088+00:00,1,2026-08-21T17:30:00Z,25.534061364444444,169359,556,DEF,11,a,,,,,40,2.7,0.2
c6065cdf-33bf-484a-bfcf-e72ac5831f94,2026-08-20T15:57:57.379088+00:00,1,2026-08-21T17:30:00Z,25.534061364444444,445028,563,MID,11,d,Calf injury - 50% chance of playing,2026-08-15T16:00:07.961518Z,,50.0,50,0.0,0.5
c6065cdf-33bf-484a-bfcf-e72ac5831f94,2026-08-20T15:57:57.379088+00:00,1,2026-08-21T17:30:00Z,25.534061364444444,473284,572,GK,11,a,,,,,45,0.5,0.02
c6065cdf-33bf-484a-bfcf-e72ac5831f94,2026-08-20T15:57:57.379088+00:00,1,2026-08-21T17:30:00Z,25.534061364444444,552946,574,MID,11,a,,,,,50,0.1,0.5
c6065cdf-33bf-484a-bfcf-e72ac5831f94,2026-08-20T15:57:57.379088+00:00,1,2026-08-21T17:30:00Z,25.534061364444444,608227,576,MID,11,a,,,,,50,0.1,0.5
c6065cdf-33bf-484a-bfcf-e72ac5831f94,2026-08-20T15:57:57.379088+00:00,1,2026-08-21T17:30:00Z,25.534061364444444,597462,585,DEF,11,a,,,,,40,0.5,0.5
c6065cdf-33bf-484a-bfcf-e72ac5831f94,2026-08-20T15:57:57.379088+00:00,1,2026-08-21T17:30:00Z,25.534061364444444,606930,586,DEF,11,a,,,,,40,0.8,0.5
c6065cdf-33bf-484a-bfcf-e72ac5831f94,2026-08-20T15:57:57.379088+00:00,1,2026-08-21T17:30:00Z,25.534061364444444,469266,589,MID,11,a,,,,,50,0.0,0.5
c6065cdf-33bf-484a-bfcf-e72ac5831f94,2026-08-20T15:57:57.379088+00:00,1,2026-08-21T17:30:00Z,25.534061364444444,219924,259,DEF,12,a,,,,,40,17.9,0.6666666666666666
c6065cdf-33bf-484a-bfcf-e72ac5831f94,2026-08-20T15:57:57.379088+00:00,1,2026-08-21T17:30:00Z,25.534061364444444,212314,267,MID,12,a,,,,,50,0.1,0.8333333333333334
c6065cdf-33bf-484a-bfcf-e72ac5831f94,2026-08-20T15:57:57.379088+00:00,1,2026-08-21T17:30:00Z,25.534061364444444,108813,300,GK,12,a,,,,,45,0.6,1.0
c6065cdf-33bf-484a-bfcf-e72ac5831f94,2026-08-20T15:57:57.379088+00:00,1,2026-08-21T17:30:00Z,25.534061364444444,112520,301,GK,12,a,,,,,40,5.0,0.02
c6065cdf-33bf-484a-bfcf-e72ac5831f94,2026-08-20T15:57:57.379088+00:00,1,2026-08-21T17:30:00Z,25.534061364444444,50093,302,GK,12,a,,,,,40,0.4,0.02
c6065cdf-33bf-484a-bfcf-e72ac5831f94,2026-08-20T15:57:57.379088+00:00,1,2026-08-21T17:30:00Z,25.534061364444444,183015,303,DEF,12,a,,,,,40,0.6,0.5
c6065cdf-33bf-484a-bfcf-e72ac5831f94,2026-08-20T15:57:57.379088+00:00,1,2026-08-21T17:30:00Z,25.534061364444444,216616,304,DEF,12,a,,,,,40,3.2,1.0
c6065cdf-33bf-484a-bfcf-e72ac5831f94,2026-08-20T15:57:57.379088+00:00,1,2026-08-21T17:30:00Z,25.534061364444444,455084,305,DEF,12,a,,,,,40,5.2,0.8333333333333334
c6065cdf-33bf-484a-bfcf-e72ac5831f94,2026-08-20T15:57:57.379088+00:00,1,2026-08-21T17:30:00Z,25.534061364444444,449429,306,DEF,12,a,,,,,40,1.2,1.0
c6065cdf-33bf-484a-bfcf-e72ac5831f94,2026-08-20T15:57:57.379088+00:00,1,2026-08-21T17:30:00Z,25.534061364444444,222018,307,DEF,12,a,,,,,40,0.1,0.8333333333333334
c6065cdf-33bf-484a-bfcf-e72ac5831f94,2026-08-20T15:57:57.379088+00:00,1,2026-08-21T17:30:00Z,25.534061364444444,176420,308,DEF,12,a,,,,,40,0.6,0.5
c6065cdf-33bf-484a-bfcf-e72ac5831f94,2026-08-20T15:57:57.379088+00:00,1,2026-08-21T17:30:00Z,25.534061364444444,501390,309,MID,12,a,,,,,50,0.1,0.5
c6065cdf-33bf-484a-bfcf-e72ac5831f94,2026-08-20T15:57:57.379088+00:00,1,2026-08-21T17:30:00Z,25.534061364444444,241117,310,MID,12,i,Muscular injury - Unknown return date,2026-07-29T18:00:10.305484Z,,0.0,50,0.0,0.0
c6065cdf-33bf-484a-bfcf-e72ac5831f94,2026-08-20T15:57:57.379088+00:00,1,2026-08-21T17:30:00Z,25.534061364444444,149929,311,MID,12,u,Has joined Leicester City permanently,2026-08-10T14:02:47.597478Z,,0.0,50,0.0,0.0
c6065cdf-33bf-484a-bfcf-e72ac5831f94,2026-08-20T15:57:57.379088+00:00,1,2026-08-21T17:30:00Z,25.534061364444444,231899,312,MID,12,i,Knee injury - Unknown return date,2026-07-29T18:00:10.319370Z,,0.0,45,0.1,0.0
c6065cdf-33bf-484a-bfcf-e72ac5831f94,2026-08-20T15:57:57.379088+00:00,1,2026-08-21T17:30:00Z,25.534061364444444,443261,313,MID,12,a,,,,,55,0.3,0.5
c6065cdf-33bf-484a-bfcf-e72ac5831f94,2026-08-20T15:57:57.379088+00:00,1,2026-08-21T17:30:00Z,25.534061364444444,229164,314,MID,12,a,,,,,50,0.0,0.6666666666666666
c6065cdf-33bf-484a-bfcf-e72ac5831f94,2026-08-20T15:57:57.379088+00:00,1,2026-08-21T17:30:00Z,25.534061364444444,531442,315,MID,12,a,,,,,55,0.3,0.5
c6065cdf-33bf-484a-bfcf-e72ac5831f94,2026-08-20T15:57:57.379088+00:00,1,2026-08-21T17:30:00Z,25.534061364444444,543968,316,FWD,12,a,,,,,55,0.4,0.5
c6065cdf-33bf-484a-bfcf-e72ac5831f94,2026-08-20T15:57:57.379088+00:00,1,2026-08-21T17:30:00Z,25.534061364444444,222625,317,FWD,12,a,,,,,50,0.4,0.5
c6065cdf-33bf-484a-bfcf-e72ac5831f94,2026-08-20T15:57:57.379088+00:00,1,2026-08-21T17:30:00Z,25.534061364444444,481624,318,MID,12,a,,,,,55,0.2,0.5
c6065cdf-33bf-484a-bfcf-e72ac5831f94,2026-08-20T15:57:57.379088+00:00,1,2026-08-21T17:30:00Z,25.534061364444444,172453,319,MID,12,u,Has joined Derby County on loan for the rest of the season,2026-08-17T13:51:41.713979Z,,0.0,50,0.0,0.0
c6065cdf-33bf-484a-bfcf-e72ac5831f94,2026-08-20T15:57:57.379088+00:00,1,2026-08-21T17:30:00Z,25.534061364444444,147675,320,FWD,12,a,,,,,50,0.5,0.5
c6065cdf-33bf-484a-bfcf-e72ac5831f94,2026-08-20T15:57:57.379088+00:00,1,2026-08-21T17:30:00Z,25.534061364444444,557012,321,FWD,12,a,,,,,45,2.2,0.5
c6065cdf-33bf-484a-bfcf-e72ac5831f94,2026-08-20T15:57:57.379088+00:00,1,2026-08-21T17:30:00Z,25.534061364444444,462387,322,FWD,12,a,,,,,50,0.1,0.0
c6065cdf-33bf-484a-bfcf-e72ac5831f94,2026-08-20T15:57:57.379088+00:00,1,2026-08-21T17:30:00Z,25.534061364444444,461587,323,MID,12,a,,,,,45,1.4,0.8333333333333334
c6065cdf-33bf-484a-bfcf-e72ac5831f94,2026-08-20T15:57:57.379088+00:00,1,2026-08-21T17:30:00Z,25.534061364444444,232457,324,MID,12,a,,,,,50,0.1,0.5
c6065cdf-33bf-484a-bfcf-e72ac5831f94,2026-08-20T15:57:57.379088+00:00,1,2026-08-21T17:30:00Z,25.534061364444444,546600,554,GK,12,a,,,,,45,0.0,0.02
c6065cdf-33bf-484a-bfcf-e72ac5831f94,2026-08-20T15:57:57.379088+00:00,1,2026-08-21T17:30:00Z,25.534061364444444,442967,562,MID,12,a,,,,,55,0.4,0.5
c6065cdf-33bf-484a-bfcf-e72ac5831f94,2026-08-20T15:57:57.379088+00:00,1,2026-08-21T17:30:00Z,25.534061364444444,240514,564,GK,12,a,,,,,45,0.6,0.02
c6065cdf-33bf-484a-bfcf-e72ac5831f94,2026-08-20T15:57:57.379088+00:00,1,2026-08-21T17:30:00Z,25.534061364444444,216055,571,MID,12,a,,,,,50,0.1,0.6666666666666666
c6065cdf-33bf-484a-bfcf-e72ac5831f94,2026-08-20T15:57:57.379088+00:00,1,2026-08-21T17:30:00Z,25.534061364444444,474120,591,MID,12,a,,,,,55,0.2,1.0
c6065cdf-33bf-484a-bfcf-e72ac5831f94,2026-08-20T15:57:57.379088+00:00,1,2026-08-21T17:30:00Z,25.534061364444444,572584,592,DEF,12,a,,,,,40,0.5,0.5
c6065cdf-33bf-484a-bfcf-e72ac5831f94,2026-08-20T15:57:57.379088+00:00,1,2026-08-21T17:30:00Z,25.534061364444444,153682,260,MID,13,a,,,,,65,6.9,0.6666666666666666
c6065cdf-33bf-484a-bfcf-e72ac5831f94,2026-08-20T15:57:57.379088+00:00,1,2026-08-21T17:30:00Z,25.534061364444444,201595,326,GK,13,a,,,,,45,0.6,0.02
c6065cdf-33bf-484a-bfcf-e72ac5831f94,2026-08-20T15:57:57.379088+00:00,1,2026-08-21T17:30:00Z,25.534061364444444,434752,327,DEF,13,a,,,,,50,0.3,1.0
c6065cdf-33bf-484a-bfcf-e72ac5831f94,2026-08-20T15:57:57.379088+00:00,1,2026-08-21T17:30:00Z,25.534061364444444,214225,329,DEF,13,a,,,,,45,2.9,0.6666666666666666
c6065cdf-33bf-484a-bfcf-e72ac5831f94,2026-08-20T15:57:57.379088+00:00,1,2026-08-21T17:30:00Z,25.534061364444444,226182,330,DEF,13,a,,,,,45,0.5,1.0
c6065cdf-33bf-484a-bfcf-e72ac5831f94,2026-08-20T15:57:57.379088+00:00,1,2026-08-21T17:30:00Z,25.534061364444444,243526,331,DEF,13,i,Hamstring injury - Unknown return date,2026-08-08T20:00:07.546568Z,,0.0,45,0.1,0.0
c6065cdf-33bf-484a-bfcf-e72ac5831f94,2026-08-20T15:57:57.379088+00:00,1,2026-08-21T17:30:00Z,25.534061364444444,220627,332,DEF,13,a,,,,,45,0.6,1.0
c6065cdf-33bf-484a-bfcf-e72ac5831f94,2026-08-20T15:57:57.379088+00:00,1,2026-08-21T17:30:00Z,25.534061364444444,437738,333,DEF,13,u,Has joined Hamburg SV on loan for the rest of the season,2026-08-19T13:56:14.645970Z,,0.0,45,0.0,0.0
c6065cdf-33bf-484a-bfcf-e72ac5831f94,2026-08-20T15:57:57.379088+00:00,1,2026-08-21T17:30:00Z,25.534061364444444,522047,334,DEF,13,a,,,,,50,3.0,0.5
c6065cdf-33bf-484a-bfcf-e72ac5831f94,2026-08-20T15:57:57.379088+00:00,1,2026-08-21T17:30:00Z,25.534061364444444,466525,335,MID,13,a,,,,,60,1.0,1.0
c6065cdf-33bf-484a-bfcf-e72ac5831f94,2026-08-20T15:57:57.379088+00:00,1,2026-08-21T17:30:00Z,25.534061364444444,435997,336,MID,13,a,,,,,60,0.6,0.6666666666666666
c6065cdf-33bf-484a-bfcf-e72ac5831f94,2026-08-20T15:57:57.379088+00:00,1,2026-08-21T17:30:00Z,25.534061364444444,427637,337,MID,13,a,,,,,55,1.0,0.8333333333333334
c6065cdf-33bf-484a-bfcf-e72ac5831f94,2026-08-20T15:57:57.379088+00:00,1,2026-08-21T17:30:00Z,25.534061364444444,199598,338,MID,13,a,,,,,55,1.5,1.0
c6065cdf-33bf-484a-bfcf-e72ac5831f94,2026-08-20T15:57:57.379088+00:00,1,2026-08-21T17:30:00Z,25.534061364444444,180135,339,MID,13,a,,,,,50,0.1,0.0
c6065cdf-33bf-484a-bfcf-e72ac5831f94,2026-08-20T15:57:57.379088+00:00,1,2026-08-21T17:30:00Z,25.534061364444444,492859,341,MID,13,i,Hamstring injury - Unknown return date,2026-08-17T20:30:08.092366Z,,0.0,50,0.0,0.0
c6065cdf-33bf-484a-bfcf-e72ac5831f94,2026-08-20T15:57:57.379088+00:00,1,2026-08-21T17:30:00Z,25.534061364444444,221399,342,MID,13,u,Has joined New England Revolution permanently,2026-07-28T12:59:09.492431Z,,0.0,50,0.0,0.0
c6065cdf-33bf-484a-bfcf-e72ac5831f94,2026-08-20T15:57:57.379088+00:00,1,2026-08-21T17:30:00Z,25.534061364444444,200617,343,MID,13,a,,,,,50,0.1,0.3333333333333333
c6065cdf-33bf-484a-bfcf-e72ac5831f94,2026-08-20T15:57:57.379088+00:00,1,2026-08-21T17:30:00Z,25.534061364444444,486520,344,MID,13,i,Knee injury - Unknown return date,2026-08-14T23:00:06.272027Z,,0.0,50,0.0,0.0
c6065cdf-33bf-484a-bfcf-e72ac5831f94,2026-08-20T15:57:57.379088+00:00,1,2026-08-21T17:30:00Z,25.534061364444444,248056,345,MID,13,a,,,,,50,0.3,1.0
c6065cdf-33bf-484a-bfcf-e72ac5831f94,2026-08-20T15:57:57.379088+00:00,1,2026-08-21T17:30:00Z,25.534061364444444,177815,346,FWD,13,a,,,,,60,29.1,1.0
c6065cdf-33bf-484a-bfcf-e72ac5831f94,2026-08-20T15:57:57.379088+00:00,1,2026-08-21T17:30:00Z,25.534061364444444,174594,347,FWD,13,a,,,,,55,0.6,0.16666666666666666
c6065cdf-33bf-484a-bfcf-e72ac5831f94,2026-08-20T15:57:57.379088+00:00,1,2026-08-21T17:30:00Z,25.534061364444444,235826,348,FWD,13,u,Has joined West Ham United on loan for the rest of the season,2026-08-19T13:56:14.666726Z,,0.0,50,0.4,0.0
c6065cdf-33bf-484a-bfcf-e72ac5831f94,2026-08-20T15:57:57.379088+00:00,1,2026-08-21T17:30:00Z,25.534061364444444,565297,349,FWD,13,i,Knee injury - Unknown return date,2026-07-29T18:00:10.338170Z,,0.0,45,0.1,0.0
c6065cdf-33bf-484a-bfcf-e72ac5831f94,2026-08-20T15:57:57.379088+00:00,1,2026-08-21T17:30:00Z,25.534061364444444,432720,385,GK,13,a,,,,,50,3.0,1.0
c6065cdf-33bf-484a-bfcf-e72ac5831f94,2026-08-20T15:57:57.379088+00:00,1,2026-08-21T17:30:00Z,25.534061364444444,173774,598,DEF,13,a,,,,,45,0.0,0.5
c6065cdf-33bf-484a-bfcf-e72ac5831f94,2026-08-20T15:57:57.379088+00:00,1,2026-08-21T17:30:00Z,25.534061364444444,116535,350,GK,14,a,,,,,55,3.7,1.0
c6065cdf-33bf-484a-bfcf-e72ac5831f94,2026-08-20T15:57:57.379088+00:00,1,2026-08-21T17:30:00Z,25.534061364444444,449027,351,GK,14,a,,,,,50,0.2,0.02
c6065cdf-33bf-484a-bfcf-e72ac5831f94,2026-08-20T15:57:57.379088+00:00,1,2026-08-21T17:30:00Z,25.534061364444444,155503,352,GK,14,a,,,,,40,1.1,0.02
c6065cdf-33bf-484a-bfcf-e72ac5831f94,2026-08-20T15:57:57.379088+00:00,1,2026-08-21T17:30:00Z,25.534061364444444,586268,353,GK,14,u,Has joined TSV Hartberg on loan for the rest of the season,2026-08-18T14:11:18.638344Z,,0.0,40,0.1,0.0
c6065cdf-33bf-484a-bfcf-e72ac5831f94,2026-08-20T15:57:57.379088+00:00,1,2026-08-21T17:30:00Z,25.534061364444444,432987,354,GK,14,i,Knee injury - Unknown return date,2026-07-29T18:00:10.351066Z,,0.0,40,0.0,0.0
c6065cdf-33bf-484a-bfcf-e72ac5831f94,2026-08-20T15:57:57.379088+00:00,1,2026-08-21T17:30:00Z,25.534061364444444,464353,355,GK,14,a,,,,,40,0.1,0.02
c6065cdf-33bf-484a-bfcf-e72ac5831f94,2026-08-20T15:57:57.379088+00:00,1,2026-08-21T17:30:00Z,25.534061364444444,97032,356,DEF,14,a,,,,,65,18.6,1.0
c6065cdf-33bf-484a-bfcf-e72ac5831f94,2026-08-20T15:57:57.379088+00:00,1,2026-08-21T17:30:00Z,25.534061364444444,216094,357,DEF,14,a,,,,,55,3.3,0.5
c6065cdf-33bf-484a-bfcf-e72ac5831f94,2026-08-20T15:57:57.379088+00:00,1,2026-08-21T17:30:00Z,25.534061364444444,544877,358,DEF,14,a,,,,,55,4.0,0.3333333333333333
c6065cdf-33bf-484a-bfcf-e72ac5831f94,2026-08-20T15:57:57.379088+00:00,1,2026-08-21T17:30:00Z,25.534061364444444,171287,359,DEF,14,i,Muscular injury - Unknown return date,2026-07-26T08:30:10.078473Z,,0.0,50,0.0,0.0
c6065cdf-33bf-484a-bfcf-e72ac5831f94,2026-08-20T15:57:57.379088+00:00,1,2026-08-21T17:30:00Z,25.534061364444444,492777,360,DEF,14,i,Knee injury - Unknown return date,2026-07-23T12:01:23.565711Z,,0.0,50,0.0,0.0
c6065cdf-33bf-484a-bfcf-e72ac5831f94,2026-08-20T15:57:57.379088+00:00,1,2026-08-21T17:30:00Z,25.534061364444444,519440,361,DEF,14,a,,,,,40,0.1,0.5
c6065cdf-33bf-484a-bfcf-e72ac5831f94,2026-08-20T15:57:57.379088+00:00,1,2026-08-21T17:30:00Z,25.534061364444444,606702,362,DEF,14,a,,2026-07-23T12:01:23.581126Z,,100.0,50,2.3,1.0
c6065cdf-33bf-484a-bfcf-e72ac5831f94,2026-08-20T15:57:57.379088+00:00,1,2026-08-21T17:30:00Z,25.534061364444444,647681,363,DEF,14,i,Knee injury - Unknown return date,2026-07-23T12:01:23.596909Z,,0.0,40,0.1,0.0
c6065cdf-33bf-484a-bfcf-e72ac5831f94,2026-08-20T15:57:57.379088+00:00,1,2026-08-21T17:30:00Z,25.534061364444444,214285,364,DEF,14,a,,,,,50,0.1,1.0
c6065cdf-33bf-484a-bfcf-e72ac5831f94,2026-08-20T15:57:57.379088+00:00,1,2026-08-21T17:30:00Z,25.534061364444444,489580,365,DEF,14,a,,,,,40,0.2,0.5
c6065cdf-33bf-484a-bfcf-e72ac5831f94,2026-08-20T15:57:57.379088+00:00,1,2026-08-21T17:30:00Z,25.534061364444444,494595,366,MID,14,a,,,,,75,13.9,0.6666666666666666
c6065cdf-33bf-484a-bfcf-e72ac5831f94,2026-08-20T15:57:57.379088+00:00,1,2026-08-21T17:30:00Z,25.534061364444444,243298,367,MID,14,a,,,,,70,3.6,1.0
c6065cdf-33bf-484a-bfcf-e72ac5831f94,2026-08-20T15:57:57.379088+00:00,1,2026-08-21T17:30:00Z,25.534061364444444,424876,368,MID,14,a,,,,,70,41.4,1.0
c6065cdf-33bf-484a-bfcf-e72ac5831f94,2026-08-20T15:57:57.379088+00:00,1,2026-08-21T17:30:00Z,25.534061364444444,611922,369,MID,14,a,,,,,60,1.2,0.6666666666666666
c6065cdf-33bf-484a-bfcf-e72ac5831f94,2026-08-20T15:57:57.379088+00:00,1,2026-08-21T17:30:00Z,25.534061364444444,223541,370,MID,14,a,,,,,55,0.1,0.0
c6065cdf-33bf-484a-bfcf-e72ac5831f94,2026-08-20T15:57:57.379088+00:00,1,2026-08-21T17:30:00Z,25.534061364444444,441266,371,MID,14,a,,,,,60,1.9,0.8333333333333334
c6065cdf-33bf-484a-bfcf-e72ac5831f94,2026-08-20T15:57:57.379088+00:00,1,2026-08-21T17:30:00Z,25.534061364444444,243016,372,MID,14,a,,,,,55,1.7,0.8333333333333334
c6065cdf-33bf-484a-bfcf-e72ac5831f94,2026-08-20T15:57:57.379088+00:00,1,2026-08-21T17:30:00Z,25.534061364444444,206915,373,MID,14,d,Hip injury - 75% chance of playing,2026-08-16T18:30:07.426408Z,,75.0,55,0.1,0.75
c6065cdf-33bf-484a-bfcf-e72ac5831f94,2026-08-20T15:57:57.379088+00:00,1,2026-08-21T17:30:00Z,25.534061364444444,158983,374,MID,14,a,,2026-07-23T12:01:23.612529Z,,100.0,50,0.0,1.0
c6065cdf-33bf-484a-bfcf-e72ac5831f94,2026-08-20T15:57:57.379088+00:00,1,2026-08-21T17:30:00Z,25.534061364444444,591386,375,MID,14,a,,,,,50,0.0,0.0
c6065cdf-33bf-484a-bfcf-e72ac5831f94,2026-08-20T15:57:57.379088+00:00,1,2026-08-21T17:30:00Z,25.534061364444444,535928,376,MID,14,i,Hamstring injury - Expected back 23 Aug,2026-07-23T12:01:23.628373Z,,0.0,50,0.0,0.0
c6065cdf-33bf-484a-bfcf-e72ac5831f94,2026-08-20T15:57:57.379088+00:00,1,2026-08-21T17:30:00Z,25.534061364444444,551499,377,MID,14,a,,,,,65,0.6,0.5
c6065cdf-33bf-484a-bfcf-e72ac5831f94,2026-08-20T15:57:57.379088+00:00,1,2026-08-21T17:30:00Z,25.534061364444444,491501,378,MID,14,a,,,,,45,0.3,0.0
c6065cdf-33bf-484a-bfcf-e72ac5831f94,2026-08-20T15:57:57.379088+00:00,1,2026-08-21T17:30:00Z,25.534061364444444,219168,379,FWD,14,a,,,,,90,16.2,0.3333333333333333
c6065cdf-33bf-484a-bfcf-e72ac5831f94,2026-08-20T15:57:57.379088+00:00,1,2026-08-21T17:30:00Z,25.534061364444444,510663,380,FWD,14,i,Achilles injury - Unknown return date,2026-07-23T12:01:23.643771Z,,0.0,75,0.2,0.0
c6065cdf-33bf-484a-bfcf-e72ac5831f94,2026-08-20T15:57:57.379088+00:00,1,2026-08-21T17:30:00Z,25.534061364444444,514514,381,MID,14,a,,,,,50,0.0,0.5
c6065cdf-33bf-484a-bfcf-e72ac5831f94,2026-08-20T15:57:57.379088+00:00,1,2026-08-21T17:30:00Z,25.534061364444444,500058,382,FWD,14,i,Unspecified injury - Unknown return date,2026-07-23T12:01:23.659279Z,,0.0,45,0.0,0.0
c6065cdf-33bf-484a-bfcf-e72ac5831f94,2026-08-20T15:57:57.379088+00:00,1,2026-08-21T17:30:00Z,25.534061364444444,444884,383,MID,14,a,,,,,55,0.1,0.16666666666666666
c6065cdf-33bf-484a-bfcf-e72ac5831f94,2026-08-20T15:57:57.379088+00:00,1,2026-08-21T17:30:00Z,25.534061364444444,445087,579,DEF,14,a,,,,,55,2.0,0.5
c6065cdf-33bf-484a-bfcf-e72ac5831f94,2026-08-20T15:57:57.379088+00:00,1,2026-08-21T17:30:00Z,25.534061364444444,114283,238,MID,15,a,,2026-07-29T10:00:10.492904Z,,100.0,65,0.2,1.0
c6065cdf-33bf-484a-bfcf-e72ac5831f94,2026-08-20T15:57:57.379088+00:00,1,2026-08-21T17:30:00Z,25.534061364444444,204936,384,GK,15,a,,,,,55,8.9,1.0
c6065cdf-33bf-484a-bfcf-e72ac5831f94,2026-08-20T15:57:57.379088+00:00,1,2026-08-21T17:30:00Z,25.534061364444444,122074,386,GK,15,a,,,,,45,0.0,0.02
c6065cdf-33bf-484a-bfcf-e72ac5831f94,2026-08-20T15:57:57.379088+00:00,1,2026-08-21T17:30:00Z,25.534061364444444,472769,387,DEF,15,a,,,,,65,21.4,1.0
c6065cdf-33bf-484a-bfcf-e72ac5831f94,2026-08-20T15:57:57.379088+00:00,1,2026-08-21T17:30:00Z,25.534061364444444,209036,388,DEF,15,a,,,,,60,18.8,1.0
c6065cdf-33bf-484a-bfcf-e72ac5831f94,2026-08-20T15:57:57.379088+00:00,1,2026-08-21T17:30:00Z,25.534061364444444,465351,389,DEF,15,d,Knock - 75% chance of playing,2026-08-16T18:30:07.457097Z,,75.0,60,2.0,0.75
c6065cdf-33bf-484a-bfcf-e72ac5831f94,2026-08-20T15:57:57.379088+00:00,1,2026-08-21T17:30:00Z,25.534061364444444,171314,390,DEF,15,a,,,,,55,1.6,0.8333333333333334
c6065cdf-33bf-484a-bfcf-e72ac5831f94,2026-08-20T15:57:57.379088+00:00,1,2026-08-21T17:30:00Z,25.534061364444444,477424,391,DEF,15,a,,,,,55,11.3,0.6666666666666666
c6065cdf-33bf-484a-bfcf-e72ac5831f94,2026-08-20T15:57:57.379088+00:00,1,2026-08-21T17:30:00Z,25.534061364444444,448514,392,DEF,15,a,,,,,55,0.9,0.6666666666666666
c6065cdf-33bf-484a-bfcf-e72ac5831f94,2026-08-20T15:57:57.379088+00:00,1,2026-08-21T17:30:00Z,25.534061364444444,578153,393,DEF,15,a,,,,,55,1.8,1.0
c6065cdf-33bf-484a-bfcf-e72ac5831f94,2026-08-20T15:57:57.379088+00:00,1,2026-08-21T17:30:00Z,25.534061364444444,494307,394,DEF,15,u,Has joined Burnley on loan for the rest of the season,2026-08-18T14:11:56.324656Z,,0.0,50,0.0,0.0
c6065cdf-33bf-484a-bfcf-e72ac5831f94,2026-08-20T15:57:57.379088+00:00,1,2026-08-21T17:30:00Z,25.534061364444444,477064,395,DEF,15,a,,,,,45,0.2,0.3333333333333333
c6065cdf-33bf-484a-bfcf-e72ac5831f94,2026-08-20T15:57:57.379088+00:00,1,2026-08-21T17:30:00Z,25.534061364444444,616222,396,DEF,15,a,,,,,45,0.0,0.0
c6065cdf-33bf-484a-bfcf-e72ac5831f94,2026-08-20T15:57:57.379088+00:00,1,2026-08-21T17:30:00Z,25.534061364444444,437730,397,MID,15,a,,,,,85,26.4,1.0
c6065cdf-33bf-484a-bfcf-e72ac5831f94,2026-08-20T15:57:57.379088+00:00,1,2026-08-21T17:30:00Z,25.534061364444444,209244,398,MID,15,a,,,,,70,4.4,0.3333333333333333
c6065cdf-33bf-484a-bfcf-e72ac5831f94,2026-08-20T15:57:57.379088+00:00,1,2026-08-21T17:30:00Z,25.534061364444444,466052,399,MID,15,a,,,,,75,7.9,0.5
c6065cdf-33bf-484a-bfcf-e72ac5831f94,2026-08-20T15:57:57.379088+00:00,1,2026-08-21T17:30:00Z,25.534061364444444,248875,400,MID,15,d,Calf injury - 75% chance of playing,2026-08-18T17:00:08.385597Z,,75.0,75,4.1,0.75
c6065cdf-33bf-484a-bfcf-e72ac5831f94,2026-08-20T15:57:57.379088+00:00,1,2026-08-21T17:30:00Z,25.534061364444444,438234,401,FWD,15,a,,,,,70,0.8,0.5
c6065cdf-33bf-484a-bfcf-e72ac5831f94,2026-08-20T15:57:57.379088+00:00,1,2026-08-21T17:30:00Z,25.534061364444444,220566,402,MID,15,u,Has joined Barcelona permanently,2026-07-23T12:01:23.675537Z,,0.0,65,0.0,0.0
c6065cdf-33bf-484a-bfcf-e72ac5831f94,2026-08-20T15:57:57.379088+00:00,1,2026-08-21T17:30:00Z,25.534061364444444,510281,403,MID,15,a,,,,,65,0.1,0.3333333333333333
c6065cdf-33bf-484a-bfcf-e72ac5831f94,2026-08-20T15:57:57.379088+00:00,1,2026-08-21T17:30:00Z,25.534061364444444,433036,404,MID,15,u,Has joined Al Qadsiah permanently,2026-08-20T14:02:58.154273Z,,0.0,60,0.2,0.0
c6065cdf-33bf-484a-bfcf-e72ac5831f94,2026-08-20T15:57:57.379088+00:00,1,2026-08-21T17:30:00Z,25.534061364444444,465694,405,MID,15,a,,,,,55,0.1,0.3333333333333333
c6065cdf-33bf-484a-bfcf-e72ac5831f94,2026-08-20T15:57:57.379088+00:00,1,2026-08-21T17:30:00Z,25.534061364444444,91651,406,MID,15,a,,,,,55,0.1,0.16666666666666666
c6065cdf-33bf-484a-bfcf-e72ac5831f94,2026-08-20T15:57:57.379088+00:00,1,2026-08-21T17:30:00Z,25.534061364444444,575204,407,MID,15,a,,,,,50,0.0,0.0
c6065cdf-33bf-484a-bfcf-e72ac5831f94,2026-08-20T15:57:57.379088+00:00,1,2026-08-21T17:30:00Z,25.534061364444444,155405,408,MID,15,u,Has joined Sheffield United on loan for the rest of the season,2026-08-18T14:11:56.348781Z,,0.0,50,0.0,0.0
c6065cdf-33bf-484a-bfcf-e72ac5831f94,2026-08-20T15:57:57.379088+00:00,1,2026-08-21T17:30:00Z,25.534061364444444,590039,409,MID,15,a,,,,,45,0.2,0.0
c6065cdf-33bf-484a-bfcf-e72ac5831f94,2026-08-20T15:57:57.379088+00:00,1,2026-08-21T17:30:00Z,25.534061364444444,649208,410,MID,15,a,,,,,50,0.0,0.0
c6065cdf-33bf-484a-bfcf-e72ac5831f94,2026-08-20T15:57:57.379088+00:00,1,2026-08-21T17:30:00Z,25.534061364444444,223094,411,FWD,15,a,,,,,155,69.3,1.0
c6065cdf-33bf-484a-bfcf-e72ac5831f94,2026-08-20T15:57:57.379088+00:00,1,2026-08-21T17:30:00Z,25.534061364444444,215379,481,MID,15,a,,,,,65,8.8,0.8333333333333334
c6065cdf-33bf-484a-bfcf-e72ac5831f94,2026-08-20T15:57:57.379088+00:00,1,2026-08-21T17:30:00Z,25.534061364444444,106921,587,GK,15,a,,,,,50,0.0,0.02
c6065cdf-33bf-484a-bfcf-e72ac5831f94,2026-08-20T15:57:57.379088+00:00,1,2026-08-21T17:30:00Z,25.534061364444444,166989,43,MID,16,a,,2026-07-23T12:01:23.321726Z,,100.0,60,2.3,1.0
c6065cdf-33bf-484a-bfcf-e72ac5831f94,2026-08-20T15:57:57.379088+00:00,1,2026-08-21T17:30:00Z,25.534061364444444,532605,162,MID,16,a,,,,,50,1.1,0.5
c6065cdf-33bf-484a-bfcf-e72ac5831f94,2026-08-20T15:57:57.379088+00:00,1,2026-08-21T17:30:00Z,25.534061364444444,59735,325,GK,16,d,Unspecified injury - 75% chance of playing,2026-07-23T12:01:23.549136Z,,75.0,45,0.0,0.02
c6065cdf-33bf-484a-bfcf-e72ac5831f94,2026-08-20T15:57:57.379088+00:00,1,2026-08-21T17:30:00Z,25.534061364444444,465247,412,GK,16,a,,,,,50,17.6,1.0
c6065cdf-33bf-484a-bfcf-e72ac5831f94,2026-08-20T15:57:57.379088+00:00,1,2026-08-21T17:30:00Z,25.534061364444444,451302,413,GK,16,u,Has joined Celta Vigo on loan for the rest of the season,2026-08-10T14:02:28.608415Z,,0.0,45,0.0,0.0
c6065cdf-33bf-484a-bfcf-e72ac5831f94,2026-08-20T15:57:57.379088+00:00,1,2026-08-21T17:30:00Z,25.534061364444444,21205,414,GK,16,i,Hamstring injury - Unknown return date,2026-08-15T16:00:07.854151Z,,0.0,40,0.1,0.0
c6065cdf-33bf-484a-bfcf-e72ac5831f94,2026-08-20T15:57:57.379088+00:00,1,2026-08-21T17:30:00Z,25.534061364444444,596777,415,MID,16,a,,,,,60,1.5,0.5
c6065cdf-33bf-484a-bfcf-e72ac5831f94,2026-08-20T15:57:57.379088+00:00,1,2026-08-21T17:30:00Z,25.534061364444444,209365,416,DEF,16,i,Back injury - Unknown return date,2026-07-23T12:01:23.690880Z,,0.0,50,0.0,0.0
c6065cdf-33bf-484a-bfcf-e72ac5831f94,2026-08-20T15:57:57.379088+00:00,1,2026-08-21T17:30:00Z,25.534061364444444,216051,417,DEF,16,a,,,,,50,2.9,0.8333333333333334
c6065cdf-33bf-484a-bfcf-e72ac5831f94,2026-08-20T15:57:57.379088+00:00,1,2026-08-21T17:30:00Z,25.534061364444444,95658,418,DEF,16,a,,,,,50,15.1,1.0
c6065cdf-33bf-484a-bfcf-e72ac5831f94,2026-08-20T15:57:57.379088+00:00,1,2026-08-21T17:30:00Z,25.534061364444444,221820,419,DEF,16,a,,2026-07-24T20:00:10.337107Z,,100.0,50,1.1,1.0
c6065cdf-33bf-484a-bfcf-e72ac5831f94,2026-08-20T15:57:57.379088+00:00,1,2026-08-21T17:30:00Z,25.534061364444444,550864,420,DEF,16,a,,,,,50,0.7,0.5
c6065cdf-33bf-484a-bfcf-e72ac5831f94,2026-08-20T15:57:57.379088+00:00,1,2026-08-21T17:30:00Z,25.534061364444444,606745,421,DEF,16,a,,,,,45,0.4,0.5
c6065cdf-33bf-484a-bfcf-e72ac5831f94,2026-08-20T15:57:57.379088+00:00,1,2026-08-21T17:30:00Z,25.534061364444444,230001,422,DEF,16,a,,,,,45,0.7,0.8333333333333334
c6065cdf-33bf-484a-bfcf-e72ac5831f94,2026-08-20T15:57:57.379088+00:00,1,2026-08-21T17:30:00Z,25.534061364444444,106760,423,DEF,16,a,,,,,45,21.6,1.0
c6065cdf-33bf-484a-bfcf-e72ac5831f94,2026-08-20T15:57:57.379088+00:00,1,2026-08-21T17:30:00Z,25.534061364444444,577974,424,DEF,16,a,,,,,40,0.2,0.8
c6065cdf-33bf-484a-bfcf-e72ac5831f94,2026-08-20T15:57:57.379088+00:00,1,2026-08-21T17:30:00Z,25.534061364444444,547676,425,DEF,16,u,Has joined Lausanne-Sport permanently,2026-08-18T14:12:31.904433Z,,0.0,40,0.0,0.0
c6065cdf-33bf-484a-bfcf-e72ac5831f94,2026-08-20T15:57:57.379088+00:00,1,2026-08-21T17:30:00Z,25.534061364444444,141746,426,MID,16,a,,,,,120,50.2,1.0
c6065cdf-33bf-484a-bfcf-e72ac5831f94,2026-08-20T15:57:57.379088+00:00,1,2026-08-21T17:30:00Z,25.534061364444444,446008,427,MID,16,a,,,,,80,34.3,0.8333333333333334
c6065cdf-33bf-484a-bfcf-e72ac5831f94,2026-08-20T15:57:57.379088+00:00,1,2026-08-21T17:30:00Z,25.534061364444444,430871,428,MID,16,a,,,,,80,10.7,1.0
c6065cdf-33bf-484a-bfcf-e72ac5831f94,2026-08-20T15:57:57.379088+00:00,1,2026-08-21T17:30:00Z,25.534061364444444,176297,429,MID,16,a,,,,,70,1.5,0.5
c6065cdf-33bf-484a-bfcf-e72ac5831f94,2026-08-20T15:57:57.379088+00:00,1,2026-08-21T17:30:00Z,25.534061364444444,184341,430,MID,16,d,Foot injury - 50% chance of playing,2026-08-15T16:00:07.879135Z,,50.0,55,0.1,0.5
c6065cdf-33bf-484a-bfcf-e72ac5831f94,2026-08-20T15:57:57.379088+00:00,1,2026-08-21T17:30:00Z,25.534061364444444,493250,431,MID,16,a,,,,,60,1.6,0.6666666666666666
c6065cdf-33bf-484a-bfcf-e72ac5831f94,2026-08-20T15:57:57.379088+00:00,1,2026-08-21T17:30:00Z,25.534061364444444,516895,432,MID,16,a,,,,,55,1.1,1.0
c6065cdf-33bf-484a-bfcf-e72ac5831f94,2026-08-20T15:57:57.379088+00:00,1,2026-08-21T17:30:00Z,25.534061364444444,232112,433,MID,16,i,Knee injury - Unknown return date,2026-07-23T12:01:23.706702Z,,0.0,50,0.0,0.0
c6065cdf-33bf-484a-bfcf-e72ac5831f94,2026-08-20T15:57:57.379088+00:00,1,2026-08-21T17:30:00Z,25.534061364444444,547037,434,MID,16,a,,,,,50,0.0,0.0
c6065cdf-33bf-484a-bfcf-e72ac5831f94,2026-08-20T15:57:57.379088+00:00,1,2026-08-21T17:30:00Z,25.534061364444444,576628,435,MID,16,a,,,,,50,0.1,0.0
c6065cdf-33bf-484a-bfcf-e72ac5831f94,2026-08-20T15:57:57.379088+00:00,1,2026-08-21T17:30:00Z,25.534061364444444,490881,436,MID,16,a,,,,,50,0.0,0.0
c6065cdf-33bf-484a-bfcf-e72ac5831f94,2026-08-20T15:57:57.379088+00:00,1,2026-08-21T17:30:00Z,25.534061364444444,576620,437,MID,16,a,,,,,45,0.2,0.0
c6065cdf-33bf-484a-bfcf-e72ac5831f94,2026-08-20T15:57:57.379088+00:00,1,2026-08-21T17:30:00Z,25.534061364444444,519913,438,MID,16,a,,,,,45,0.3,0.0
c6065cdf-33bf-484a-bfcf-e72ac5831f94,2026-08-20T15:57:57.379088+00:00,1,2026-08-21T17:30:00Z,25.534061364444444,485711,439,FWD,16,d,Shin injury - 75% chance of playing,2026-07-23T12:01:23.722029Z,,75.0,70,1.5,0.75
c6065cdf-33bf-484a-bfcf-e72ac5831f94,2026-08-20T15:57:57.379088+00:00,1,2026-08-21T17:30:00Z,25.534061364444444,458249,440,FWD,16,a,,,,,55,0.6,0.16666666666666666
c6065cdf-33bf-484a-bfcf-e72ac5831f94,2026-08-20T15:57:57.379088+00:00,1,2026-08-21T17:30:00Z,25.534061364444444,596047,441,FWD,16,a,,,,,45,1.2,0.16666666666666666
c6065cdf-33bf-484a-bfcf-e72ac5831f94,2026-08-20T15:57:57.379088+00:00,1,2026-08-21T17:30:00Z,25.534061364444444,98747,442,GK,17,a,,,,,50,1.3,1.0
c6065cdf-33bf-484a-bfcf-e72ac5831f94,2026-08-20T15:57:57.379088+00:00,1,2026-08-21T17:30:00Z,25.534061364444444,81441,443,GK,17,a,,,,,45,0.0,0.02
c6065cdf-33bf-484a-bfcf-e72ac5831f94,2026-08-20T15:57:57.379088+00:00,1,2026-08-21T17:30:00Z,25.534061364444444,554578,444,GK,17,a,,,,,45,0.0,0.02
c6065cdf-33bf-484a-bfcf-e72ac5831f94,2026-08-20T15:57:57.379088+00:00,1,2026-08-21T17:30:00Z,25.534061364444444,465642,445,DEF,17,a,,,,,50,1.8,1.0
c6065cdf-33bf-484a-bfcf-e72ac5831f94,2026-08-20T15:57:57.379088+00:00,1,2026-08-21T17:30:00Z,25.534061364444444,119471,446,DEF,17,a,,2026-08-15T16:30:07.209742Z,,100.0,50,0.2,1.0
c6065cdf-33bf-484a-bfcf-e72ac5831f94,2026-08-20T15:57:57.379088+00:00,1,2026-08-21T17:30:00Z,25.534061364444444,220237,447,DEF,17,a,,,,,50,0.4,1.0
c6065cdf-33bf-484a-bfcf-e72ac5831f94,2026-08-20T15:57:57.379088+00:00,1,2026-08-21T17:30:00Z,25.534061364444444,78916,448,DEF,17,a,,,,,50,2.5,0.6666666666666666
c6065cdf-33bf-484a-bfcf-e72ac5831f94,2026-08-20T15:57:57.379088+00:00,1,2026-08-21T17:30:00Z,25.534061364444444,487838,449,DEF,17,a,,,,,50,3.6,0.8333333333333334
c6065cdf-33bf-484a-bfcf-e72ac5831f94,2026-08-20T15:57:57.379088+00:00,1,2026-08-21T17:30:00Z,25.534061364444444,441191,450,DEF,17,d,Calf injury - 75% chance of playing,2026-07-23T12:01:23.753221Z,,75.0,50,0.1,0.75
c6065cdf-33bf-484a-bfcf-e72ac5831f94,2026-08-20T15:57:57.379088+00:00,1,2026-08-21T17:30:00Z,25.534061364444444,545477,451,DEF,17,u,Has joined FC Kaiserslautern on loan for the rest of the season,2026-08-12T14:05:29.224600Z,,0.0,40,0.2,0.0
c6065cdf-33bf-484a-bfcf-e72ac5831f94,2026-08-20T15:57:57.379088+00:00,1,2026-08-21T17:30:00Z,25.534061364444444,201666,453,MID,17,a,,,,,60,1.1,0.3333333333333333
c6065cdf-33bf-484a-bfcf-e72ac5831f94,2026-08-20T15:57:57.379088+00:00,1,2026-08-21T17:30:00Z,25.534061364444444,449434,454,MID,17,a,,,,,60,0.7,0.3333333333333333
c6065cdf-33bf-484a-bfcf-e72ac5831f94,2026-08-20T15:57:57.379088+00:00,1,2026-08-21T17:30:00Z,25.534061364444444,232653,456,MID,17,a,,,,,50,0.4,0.6666666666666666
c6065cdf-33bf-484a-bfcf-e72ac5831f94,2026-08-20T15:57:57.379088+00:00,1,2026-08-21T17:30:00Z,25.534061364444444,114243,457,MID,17,a,,,,,60,0.2,0.6666666666666666
c6065cdf-33bf-484a-bfcf-e72ac5831f94,2026-08-20T15:57:57.379088+00:00,1,2026-08-21T17:30:00Z,25.534061364444444,180974,458,MID,17,i,Unspecified injury - Unknown return date,2026-08-16T08:00:08.074045Z,,0.0,55,0.1,0.0
c6065cdf-33bf-484a-bfcf-e72ac5831f94,2026-08-20T15:57:57.379088+00:00,1,2026-08-21T17:30:00Z,25.534061364444444,547719,459,MID,17,a,,2026-07-23T12:01:23.785456Z,,100.0,55,0.0,1.0
c6065cdf-33bf-484a-bfcf-e72ac5831f94,2026-08-20T15:57:57.379088+00:00,1,2026-08-21T17:30:00Z,25.534061364444444,200089,460,MID,17,a,,,,,50,0.1,0.6666666666666666
c6065cdf-33bf-484a-bfcf-e72ac5831f94,2026-08-20T15:57:57.379088+00:00,1,2026-08-21T17:30:00Z,25.534061364444444,611665,461,MID,17,a,,,,,60,0.3,0.5
c6065cdf-33bf-484a-bfcf-e72ac5831f94,2026-08-20T15:57:57.379088+00:00,1,2026-08-21T17:30:00Z,25.534061364444444,636852,462,MID,17,a,,,,,50,0.1,0.5
c6065cdf-33bf-484a-bfcf-e72ac5831f94,2026-08-20T15:57:57.379088+00:00,1,2026-08-21T17:30:00Z,25.534061364444444,470313,463,FWD,17,a,,,,,60,1.7,0.5
c6065cdf-33bf-484a-bfcf-e72ac5831f94,2026-08-20T15:57:57.379088+00:00,1,2026-08-21T17:30:00Z,25.534061364444444,216646,464,FWD,17,a,,,,,60,1.6,0.0
c6065cdf-33bf-484a-bfcf-e72ac5831f94,2026-08-20T15:57:57.379088+00:00,1,2026-08-21T17:30:00Z,25.534061364444444,538207,465,FWD,17,a,,,,,60,1.0,1.0
c6065cdf-33bf-484a-bfcf-e72ac5831f94,2026-08-20T15:57:57.379088+00:00,1,2026-08-21T17:30:00Z,25.534061364444444,599303,466,FWD,17,a,,,,,45,0.7,0.0
c6065cdf-33bf-484a-bfcf-e72ac5831f94,2026-08-20T15:57:57.379088+00:00,1,2026-08-21T17:30:00Z,25.534061364444444,632794,559,MID,17,a,,,,,50,0.1,0.5
c6065cdf-33bf-484a-bfcf-e72ac5831f94,2026-08-20T15:57:57.379088+00:00,1,2026-08-21T17:30:00Z,25.534061364444444,470551,567,GK,17,a,,,,,50,0.6,0.02
c6065cdf-33bf-484a-bfcf-e72ac5831f94,2026-08-20T15:57:57.379088+00:00,1,2026-08-21T17:30:00Z,25.534061364444444,463726,593,DEF,17,a,,,,,45,0.1,0.5
c6065cdf-33bf-484a-bfcf-e72ac5831f94,2026-08-20T15:57:57.379088+00:00,1,2026-08-21T17:30:00Z,25.534061364444444,85633,467,GK,18,a,,,,,50,1.6,1.0
c6065cdf-33bf-484a-bfcf-e72ac5831f94,2026-08-20T15:57:57.379088+00:00,1,2026-08-21T17:30:00Z,25.534061364444444,221389,468,GK,18,a,,,,,45,0.1,0.02
c6065cdf-33bf-484a-bfcf-e72ac5831f94,2026-08-20T15:57:57.379088+00:00,1,2026-08-21T17:30:00Z,25.534061364444444,215136,469,DEF,18,a,,,,,50,10.6,0.8333333333333334
c6065cdf-33bf-484a-bfcf-e72ac5831f94,2026-08-20T15:57:57.379088+00:00,1,2026-08-21T17:30:00Z,25.534061364444444,485047,470,DEF,18,a,,,,,50,0.1,0.6666666666666666
c6065cdf-33bf-484a-bfcf-e72ac5831f94,2026-08-20T15:57:57.379088+00:00,1,2026-08-21T17:30:00Z,25.534061364444444,227444,471,DEF,18,a,,,,,55,2.1,0.8333333333333334
c6065cdf-33bf-484a-bfcf-e72ac5831f94,2026-08-20T15:57:57.379088+00:00,1,2026-08-21T17:30:00Z,25.534061364444444,575476,472,DEF,18,a,,2026-07-23T12:01:23.801183Z,,100.0,55,1.4,1.0
c6065cdf-33bf-484a-bfcf-e72ac5831f94,2026-08-20T15:57:57.379088+00:00,1,2026-08-21T17:30:00Z,25.534061364444444,159506,473,DEF,18,a,,,,,45,3.8,1.0
c6065cdf-33bf-484a-bfcf-e72ac5831f94,2026-08-20T15:57:57.379088+00:00,1,2026-08-21T17:30:00Z,25.534061364444444,575458,474,DEF,18,a,,,,,45,0.3,0.6666666666666666
c6065cdf-33bf-484a-bfcf-e72ac5831f94,2026-08-20T15:57:57.379088+00:00,1,2026-08-21T17:30:00Z,25.534061364444444,500151,475,DEF,18,i,Knee injury - Unknown return date,2026-07-23T12:01:23.816304Z,,0.0,45,0.0,0.0
c6065cdf-33bf-484a-bfcf-e72ac5831f94,2026-08-20T15:57:57.379088+00:00,1,2026-08-21T17:30:00Z,25.534061364444444,204822,476,DEF,18,a,,,,,40,0.2,0.5
c6065cdf-33bf-484a-bfcf-e72ac5831f94,2026-08-20T15:57:57.379088+00:00,1,2026-08-21T17:30:00Z,25.534061364444444,549067,477,DEF,18,a,,,,,40,0.2,0.6666666666666666
c6065cdf-33bf-484a-bfcf-e72ac5831f94,2026-08-20T15:57:57.379088+00:00,1,2026-08-21T17:30:00Z,25.534061364444444,470315,478,DEF,18,a,,,,,45,0.0,0.5
c6065cdf-33bf-484a-bfcf-e72ac5831f94,2026-08-20T15:57:57.379088+00:00,1,2026-08-21T17:30:00Z,25.534061364444444,538638,479,DEF,18,a,,,,,40,0.2,0.5
c6065cdf-33bf-484a-bfcf-e72ac5831f94,2026-08-20T15:57:57.379088+00:00,1,2026-08-21T17:30:00Z,25.534061364444444,222531,480,MID,18,a,,,,,80,11.9,0.8333333333333334
c6065cdf-33bf-484a-bfcf-e72ac5831f94,2026-08-20T15:57:57.379088+00:00,1,2026-08-21T17:30:00Z,25.534061364444444,209046,482,MID,18,a,,2026-07-23T12:01:23.832709Z,,100.0,60,0.2,1.0
c6065cdf-33bf-484a-bfcf-e72ac5831f94,2026-08-20T15:57:57.379088+00:00,1,2026-08-21T17:30:00Z,25.534061364444444,456512,483,MID,18,a,,,,,55,0.5,0.0
c6065cdf-33bf-484a-bfcf-e72ac5831f94,2026-08-20T15:57:57.379088+00:00,1,2026-08-21T17:30:00Z,25.534061364444444,503301,484,MID,18,a,,,,,55,0.2,0.6666666666666666
c6065cdf-33bf-484a-bfcf-e72ac5831f94,2026-08-20T15:57:57.379088+00:00,1,2026-08-21T17:30:00Z,25.534061364444444,476887,485,MID,18,a,,,,,55,0.0,0.5
c6065cdf-33bf-484a-bfcf-e72ac5831f94,2026-08-20T15:57:57.379088+00:00,1,2026-08-21T17:30:00Z,25.534061364444444,432714,486,MID,18,a,,,,,55,0.0,0.16666666666666666
c6065cdf-33bf-484a-bfcf-e72ac5831f94,2026-08-20T15:57:57.379088+00:00,1,2026-08-21T17:30:00Z,25.534061364444444,250199,487,MID,18,a,,,,,50,0.1,0.5
c6065cdf-33bf-484a-bfcf-e72ac5831f94,2026-08-20T15:57:57.379088+00:00,1,2026-08-21T17:30:00Z,25.534061364444444,210462,488,MID,18,a,,,,,50,1.0,0.8333333333333334
c6065cdf-33bf-484a-bfcf-e72ac5831f94,2026-08-20T15:57:57.379088+00:00,1,2026-08-21T17:30:00Z,25.534061364444444,204968,489,MID,18,i,Unspecified injury - Unknown return date,2026-08-17T20:30:08.195072Z,,0.0,45,3.9,0.0
c6065cdf-33bf-484a-bfcf-e72ac5831f94,2026-08-20T15:57:57.379088+00:00,1,2026-08-21T17:30:00Z,25.534061364444444,60689,490,FWD,18,a,,,,,60,1.8,0.6666666666666666
c6065cdf-33bf-484a-bfcf-e72ac5831f94,2026-08-20T15:57:57.379088+00:00,1,2026-08-21T17:30:00Z,25.534061364444444,482973,491,FWD,18,a,,,,,60,4.7,0.8333333333333334
c6065cdf-33bf-484a-bfcf-e72ac5831f94,2026-08-20T15:57:57.379088+00:00,1,2026-08-21T17:30:00Z,25.534061364444444,465680,493,FWD,18,a,,,,,55,0.0,0.0
c6065cdf-33bf-484a-bfcf-e72ac5831f94,2026-08-20T15:57:57.379088+00:00,1,2026-08-21T17:30:00Z,25.534061364444444,204561,558,MID,18,a,,,,,50,0.1,0.5
c6065cdf-33bf-484a-bfcf-e72ac5831f94,2026-08-20T15:57:57.379088+00:00,1,2026-08-21T17:30:00Z,25.534061364444444,568420,581,DEF,18,a,,,,,55,0.7,0.5
c6065cdf-33bf-484a-bfcf-e72ac5831f94,2026-08-20T15:57:57.379088+00:00,1,2026-08-21T17:30:00Z,25.534061364444444,428971,590,GK,18,a,,,,,45,0.0,0.02
c6065cdf-33bf-484a-bfcf-e72ac5831f94,2026-08-20T15:57:57.379088+00:00,1,2026-08-21T17:30:00Z,25.534061364444444,469142,112,DEF,19,a,,,,,50,9.2,1.0
c6065cdf-33bf-484a-bfcf-e72ac5831f94,2026-08-20T15:57:57.379088+00:00,1,2026-08-21T17:30:00Z,25.534061364444444,432422,455,MID,19,a,,,,,55,4.1,1.0
c6065cdf-33bf-484a-bfcf-e72ac5831f94,2026-08-20T15:57:57.379088+00:00,1,2026-08-21T17:30:00Z,25.534061364444444,184254,494,GK,19,u,Has joined Juventus on loan for the rest of the season,2026-08-19T13:55:33.193962Z,,0.0,45,0.8,0.0
c6065cdf-33bf-484a-bfcf-e72ac5831f94,2026-08-20T15:57:57.379088+00:00,1,2026-08-21T17:30:00Z,25.534061364444444,214572,495,GK,19,a,,,,,40,0.8,0.02
c6065cdf-33bf-484a-bfcf-e72ac5831f94,2026-08-20T15:57:57.379088+00:00,1,2026-08-21T17:30:00Z,25.534061364444444,485055,496,GK,19,a,,,,,45,22.2,0.02
c6065cdf-33bf-484a-bfcf-e72ac5831f94,2026-08-20T15:57:57.379088+00:00,1,2026-08-21T17:30:00Z,25.534061364444444,67089,497,GK,19,a,,,,,40,20.9,0.02
c6065cdf-33bf-484a-bfcf-e72ac5831f94,2026-08-20T15:57:57.379088+00:00,1,2026-08-21T17:30:00Z,25.534061364444444,221466,498,DEF,19,a,,,,,60,9.0,1.0
c6065cdf-33bf-484a-bfcf-e72ac5831f94,2026-08-20T15:57:57.379088+00:00,1,2026-08-21T17:30:00Z,25.534061364444444,441164,499,DEF,19,a,,,,,55,22.8,1.0
c6065cdf-33bf-484a-bfcf-e72ac5831f94,2026-08-20T15:57:57.379088+00:00,1,2026-08-21T17:30:00Z,25.534061364444444,221632,500,DEF,19,u,Has joined Atletico Madrid permanently,2026-08-17T13:49:05.465401Z,,0.0,50,0.5,0.0
c6065cdf-33bf-484a-bfcf-e72ac5831f94,2026-08-20T15:57:57.379088+00:00,1,2026-08-21T17:30:00Z,25.534061364444444,135720,501,DEF,19,a,,,,,50,0.2,1.0
c6065cdf-33bf-484a-bfcf-e72ac5831f94,2026-08-20T15:57:57.379088+00:00,1,2026-08-21T17:30:00Z,25.534061364444444,122798,502,DEF,19,a,,,,,45,3.3,0.8333333333333334
c6065cdf-33bf-484a-bfcf-e72ac5831f94,2026-08-20T15:57:57.379088+00:00,1,2026-08-21T17:30:00Z,25.534061364444444,491279,503,DEF,19,a,,,,,50,7.3,1.0
c6065cdf-33bf-484a-bfcf-e72ac5831f94,2026-08-20T15:57:57.379088+00:00,1,2026-08-21T17:30:00Z,25.534061364444444,232859,505,DEF,19,u,Has joined Internazionale permanently,2026-08-18T14:13:08.454214Z,,0.0,45,2.2,0.0
c6065cdf-33bf-484a-bfcf-e72ac5831f94,2026-08-20T15:57:57.379088+00:00,1,2026-08-21T17:30:00Z,25.534061364444444,487053,506,DEF,19,a,,,,,45,0.5,1.0
c6065cdf-33bf-484a-bfcf-e72ac5831f94,2026-08-20T15:57:57.379088+00:00,1,2026-08-21T17:30:00Z,25.534061364444444,548308,507,DEF,19,u,Has joined Middlesbrough permanently,2026-08-18T14:13:08.474144Z,,0.0,45,0.0,0.0
c6065cdf-33bf-484a-bfcf-e72ac5831f94,2026-08-20T15:57:57.379088+00:00,1,2026-08-21T17:30:00Z,25.534061364444444,115556,508,DEF,19,a,,,,,40,1.0,0.6666666666666666
c6065cdf-33bf-484a-bfcf-e72ac5831f94,2026-08-20T15:57:57.379088+00:00,1,2026-08-21T17:30:00Z,25.534061364444444,640419,509,DEF,19,a,,,,,40,0.1,0.0
c6065cdf-33bf-484a-bfcf-e72ac5831f94,2026-08-20T15:57:57.379088+00:00,1,2026-08-21T17:30:00Z,25.534061364444444,499716,510,DEF,19,a,,,,,40,0.1,0.0
c6065cdf-33bf-484a-bfcf-e72ac5831f94,2026-08-20T15:57:57.379088+00:00,1,2026-08-21T17:30:00Z,25.534061364444444,616221,511,DEF,19,a,,,,,40,0.3,0.5
c6065cdf-33bf-484a-bfcf-e72ac5831f94,2026-08-20T15:57:57.379088+00:00,1,2026-08-21T17:30:00Z,25.534061364444444,460842,512,MID,19,d,Thigh injury - 75% chance of playing,2026-07-23T12:01:23.848657Z,,75.0,65,0.1,0.75
c6065cdf-33bf-484a-bfcf-e72ac5831f94,2026-08-20T15:57:57.379088+00:00,1,2026-08-21T17:30:00Z,25.534061364444444,493362,513,MID,19,i,Knee injury - Unknown return date,2026-07-23T12:01:23.864304Z,,0.0,60,0.0,0.0
c6065cdf-33bf-484a-bfcf-e72ac5831f94,2026-08-20T15:57:57.379088+00:00,1,2026-08-21T17:30:00Z,25.534061364444444,511499,514,MID,19,a,,,,,60,0.6,0.6666666666666666
c6065cdf-33bf-484a-bfcf-e72ac5831f94,2026-08-20T15:57:57.379088+00:00,1,2026-08-21T17:30:00Z,25.534061364444444,172780,515,MID,19,a,,,,,65,1.5,0.5
c6065cdf-33bf-484a-bfcf-e72ac5831f94,2026-08-20T15:57:57.379088+00:00,1,2026-08-21T17:30:00Z,25.534061364444444,202993,516,MID,19,a,,,,,55,0.2,1.0
c6065cdf-33bf-484a-bfcf-e72ac5831f94,2026-08-20T15:57:57.379088+00:00,1,2026-08-21T17:30:00Z,25.534061364444444,550839,517,MID,19,i,Knee injury - Unknown return date,2026-07-23T12:01:23.879434Z,,0.0,55,0.0,0.0
c6065cdf-33bf-484a-bfcf-e72ac5831f94,2026-08-20T15:57:57.379088+00:00,1,2026-08-21T17:30:00Z,25.534061364444444,482442,518,MID,19,a,,,,,50,0.4,0.3333333333333333
c6065cdf-33bf-484a-bfcf-e72ac5831f94,2026-08-20T15:57:57.379088+00:00,1,2026-08-21T17:30:00Z,25.534061364444444,232787,519,MID,19,a,,,,,55,0.3,1.0
c6065cdf-33bf-484a-bfcf-e72ac5831f94,2026-08-20T15:57:57.379088+00:00,1,2026-08-21T17:30:00Z,25.534061364444444,570526,520,MID,19,a,,,,,55,0.2,0.16666666666666666
c6065cdf-33bf-484a-bfcf-e72ac5831f94,2026-08-20T15:57:57.379088+00:00,1,2026-08-21T17:30:00Z,25.534061364444444,445044,521,MID,19,i,Knee injury - Unknown return date,2026-07-23T12:01:23.895175Z,,0.0,65,0.0,0.0
c6065cdf-33bf-484a-bfcf-e72ac5831f94,2026-08-20T15:57:57.379088+00:00,1,2026-08-21T17:30:00Z,25.534061364444444,547701,522,MID,19,a,,,,,50,0.2,0.6666666666666666
c6065cdf-33bf-484a-bfcf-e72ac5831f94,2026-08-20T15:57:57.379088+00:00,1,2026-08-21T17:30:00Z,25.534061364444444,499721,523,MID,19,a,,,,,50,0.2,0.3333333333333333
c6065cdf-33bf-484a-bfcf-e72ac5831f94,2026-08-20T15:57:57.379088+00:00,1,2026-08-21T17:30:00Z,25.534061364444444,499726,524,MID,19,a,,,,,45,0.8,0.0
c6065cdf-33bf-484a-bfcf-e72ac5831f94,2026-08-20T15:57:57.379088+00:00,1,2026-08-21T17:30:00Z,25.534061364444444,551226,525,MID,19,a,,,,,60,2.2,1.0
c6065cdf-33bf-484a-bfcf-e72ac5831f94,2026-08-20T15:57:57.379088+00:00,1,2026-08-21T17:30:00Z,25.534061364444444,154566,526,FWD,19,a,,,,,60,1.6,1.0
c6065cdf-33bf-484a-bfcf-e72ac5831f94,2026-08-20T15:57:57.379088+00:00,1,2026-08-21T17:30:00Z,25.534061364444444,212319,527,FWD,19,a,,,,,60,2.9,0.8333333333333334
c6065cdf-33bf-484a-bfcf-e72ac5831f94,2026-08-20T15:57:57.379088+00:00,1,2026-08-21T17:30:00Z,25.534061364444444,490145,528,FWD,19,a,,,,,45,1.6,0.0
c6065cdf-33bf-484a-bfcf-e72ac5831f94,2026-08-20T15:57:57.379088+00:00,1,2026-08-21T17:30:00Z,25.534061364444444,498016,529,GK,20,a,,,,,50,4.6,1.0
c6065cdf-33bf-484a-bfcf-e72ac5831f94,2026-08-20T15:57:57.379088+00:00,1,2026-08-21T17:30:00Z,25.534061364444444,232571,530,GK,20,u,Has joined Wrexham permanently,2026-08-12T14:08:03.064533Z,,0.0,40,0.3,0.0
c6065cdf-33bf-484a-bfcf-e72ac5831f94,2026-08-20T15:57:57.379088+00:00,1,2026-08-21T17:30:00Z,25.534061364444444,515046,531,GK,20,a,,,,,45,0.1,0.02
c6065cdf-33bf-484a-bfcf-e72ac5831f94,2026-08-20T15:57:57.379088+00:00,1,2026-08-21T17:30:00Z,25.534061364444444,223827,532,DEF,20,a,,,,,50,4.9,0.8333333333333334
c6065cdf-33bf-484a-bfcf-e72ac5831f94,2026-08-20T15:57:57.379088+00:00,1,2026-08-21T17:30:00Z,25.534061364444444,200834,533,DEF,20,a,,2026-08-09T08:30:05.954750Z,,100.0,55,2.0,1.0
c6065cdf-33bf-484a-bfcf-e72ac5831f94,2026-08-20T15:57:57.379088+00:00,1,2026-08-21T17:30:00Z,25.534061364444444,487676,534,DEF,20,a,,,,,45,6.3,0.8333333333333334
c6065cdf-33bf-484a-bfcf-e72ac5831f94,2026-08-20T15:57:57.379088+00:00,1,2026-08-21T17:30:00Z,25.534061364444444,201895,535,DEF,20,a,,2026-08-09T08:30:05.962393Z,,100.0,50,0.3,1.0
c6065cdf-33bf-484a-bfcf-e72ac5831f94,2026-08-20T15:57:57.379088+00:00,1,2026-08-21T17:30:00Z,25.534061364444444,434399,536,DEF,20,a,,,,,45,0.5,0.8333333333333334
c6065cdf-33bf-484a-bfcf-e72ac5831f94,2026-08-20T15:57:57.379088+00:00,1,2026-08-21T17:30:00Z,25.534061364444444,519634,537,DEF,20,a,,,,,45,0.0,0.5
c6065cdf-33bf-484a-bfcf-e72ac5831f94,2026-08-20T15:57:57.379088+00:00,1,2026-08-21T17:30:00Z,25.534061364444444,477547,538,DEF,20,u,Has joined KV Mechelen on loan for the rest of the season,2026-08-12T14:08:03.081789Z,,0.0,40,0.1,0.0
c6065cdf-33bf-484a-bfcf-e72ac5831f94,2026-08-20T15:57:57.379088+00:00,1,2026-08-21T17:30:00Z,25.534061364444444,167512,539,DEF,20,a,,,,,40,3.4,0.6666666666666666
c6065cdf-33bf-484a-bfcf-e72ac5831f94,2026-08-20T15:57:57.379088+00:00,1,2026-08-21T17:30:00Z,25.534061364444444,105717,540,DEF,20,u,Has joined Konyaspor permanently,2026-08-12T14:08:03.097784Z,,0.0,40,0.5,0.0
c6065cdf-33bf-484a-bfcf-e72ac5831f94,2026-08-20T15:57:57.379088+00:00,1,2026-08-21T17:30:00Z,25.534061364444444,93605,541,DEF,20,a,,2026-08-16T08:30:07.830062Z,,100.0,45,0.2,1.0
c6065cdf-33bf-484a-bfcf-e72ac5831f94,2026-08-20T15:57:57.379088+00:00,1,2026-08-21T17:30:00Z,25.534061364444444,484420,542,MID,20,a,,,,,60,11.3,1.0
c6065cdf-33bf-484a-bfcf-e72ac5831f94,2026-08-20T15:57:57.379088+00:00,1,2026-08-21T17:30:00Z,25.534061364444444,547027,543,MID,20,a,,,,,55,0.1,0.5
c6065cdf-33bf-484a-bfcf-e72ac5831f94,2026-08-20T15:57:57.379088+00:00,1,2026-08-21T17:30:00Z,25.534061364444444,84450,544,MID,20,a,,,,,55,4.5,1.0
c6065cdf-33bf-484a-bfcf-e72ac5831f94,2026-08-20T15:57:57.379088+00:00,1,2026-08-21T17:30:00Z,25.534061364444444,577669,545,MID,20,a,,,,,50,0.4,1.0
c6065cdf-33bf-484a-bfcf-e72ac5831f94,2026-08-20T15:57:57.379088+00:00,1,2026-08-21T17:30:00Z,25.534061364444444,535818,546,MID,20,i,Ankle injury - Unknown return date,2026-08-20T14:00:08.416985Z,,0.0,50,0.3,0.0
c6065cdf-33bf-484a-bfcf-e72ac5831f94,2026-08-20T15:57:57.379088+00:00,1,2026-08-21T17:30:00Z,25.534061364444444,461199,547,MID,20,a,,,,,50,0.0,0.3333333333333333
c6065cdf-33bf-484a-bfcf-e72ac5831f94,2026-08-20T15:57:57.379088+00:00,1,2026-08-21T17:30:00Z,25.534061364444444,554197,548,MID,20,a,,,,,50,0.1,0.6666666666666666
c6065cdf-33bf-484a-bfcf-e72ac5831f94,2026-08-20T15:57:57.379088+00:00,1,2026-08-21T17:30:00Z,25.534061364444444,549912,549,MID,20,a,,,,,55,0.2,0.5
c6065cdf-33bf-484a-bfcf-e72ac5831f94,2026-08-20T15:57:57.379088+00:00,1,2026-08-21T17:30:00Z,25.534061364444444,699989,550,MID,20,a,,,,,50,0.0,1.0
c6065cdf-33bf-484a-bfcf-e72ac5831f94,2026-08-20T15:57:57.379088+00:00,1,2026-08-21T17:30:00Z,25.534061364444444,536661,551,MID,20,a,,,,,50,0.1,0.6666666666666666
c6065cdf-33bf-484a-bfcf-e72ac5831f94,2026-08-20T15:57:57.379088+00:00,1,2026-08-21T17:30:00Z,25.534061364444444,441264,552,FWD,20,a,,,,,60,14.7,1.0
c6065cdf-33bf-484a-bfcf-e72ac5831f94,2026-08-20T15:57:57.379088+00:00,1,2026-08-21T17:30:00Z,25.534061364444444,437505,553,FWD,20,a,,,,,55,1.1,0.0
